cardholder_name,card_number,merchant_name,merchant_category,amount,hour,distance_from_home,is_online,is_foreign,velocity_last_hour,is_fraud
Allison Hill,4961023726432058,"Merchant: Calhoun, Davis and Richmond",grocery,189.9,6,0.63,1,1,1,0
Noah Rhodes,4997245971557937,Merchant: Powell and Sons,online_shopping,14.5,15,1.12,0,0,2,0
Angie Henderson,4770115491773269,Merchant: Cox-Mejia,dining,23.46,16,27.38,1,0,0,0
Daniel Wagner,4968568888610852,"Merchant: Ortiz, Snow and Garner",grocery,30.0,6,5.75,1,0,0,0
Cristian Santos,4358679433644706,Merchant: Barker PLC,grocery,63.56,17,0.42,1,0,1,0
Connie Lawrence,4632767659645875,Merchant: Morris-Wright,electronics,15.67,11,11.43,0,0,4,0
Abigail Shaffer,4694947155347458,Merchant: Robinson-Shea,online_shopping,35.34,13,5.39,0,0,0,0
Gina Moore,4240537729084890,Merchant: Arias LLC,grocery,33.27,14,15.39,0,0,1,0
Gabrielle Davis,4539450375480786,"Merchant: Perry, Oneill and Paul",online_shopping,48.34,13,32.42,0,0,1,0
Ryan Munoz,4538338569329136,Merchant: Trujillo-Walsh,grocery,28.82,9,53.36,1,0,1,0
Monica Herrera,4964804073730419,Merchant: Serrano LLC,dining,102.39,17,26.23,0,0,1,0
Jamie Arnold,4063240510265836,Merchant: Wright-Johnson,grocery,41.38,11,8.38,0,0,0,0
Lisa Hensley,4963346746466030,Merchant: Nguyen-Johnson,electronics,12.94,14,20.91,0,0,1,0
Michele Williams,4273997415920940,"Merchant: James, Cannon and Dougherty",gas_station,66.01,6,29.82,0,0,4,0
Dylan Miller,4010276078195167,Merchant: Sosa and Sons,grocery,38.57,17,1.98,0,0,1,0
Brian Ramirez,4849779738330618,Merchant: Martinez and Sons,dining,16.06,18,28.75,1,0,0,0
Holly Wood,4435754789350526,"Merchant: Jackson, Morris and Johnson",online_shopping,46.66,11,1.96,0,0,0,0
Derek Zuniga,4027068756707186,Merchant: Kennedy-Russell,online_shopping,143.06,1,139.82,1,1,4,1
Lisa Jackson,4292361391237745,"Merchant: Foley, Williams and Smith",grocery,39.62,13,43.33,1,0,1,0
Carla Gray,4998413376870581,"Merchant: Jones, Johnson and Macdonald",dining,40.66,12,1.44,0,0,2,0
Margaret Hawkins DDS,4791065106407073,Merchant: Lucas Group,electronics,850.18,4,173.52,1,0,7,1
Patty Perez,4847848303485735,"Merchant: Espinoza, Bailey and Cunningham",online_shopping,57.12,5,11.67,1,0,1,0
Ethan Adams,4540449272809037,"Merchant: Hoover, Hartman and Foster",dining,52.97,13,2.35,0,0,1,0
Tommy Walter,4788364316785989,Merchant: Williams-Mills,grocery,74.19,12,6.08,0,0,1,0
Matthew Foster,4440889593032077,"Merchant: Brooks, Lowe and Parks",grocery,11.77,11,1.7,0,0,4,0
Judy Baker,4605269901523029,Merchant: Johnson LLC,travel,583.87,11,207.39,1,0,10,1
Justin Baker,4633092356540306,"Merchant: Hensley, Allen and Torres",dining,47.07,15,13.46,0,0,2,0
Stephanie Ross,4991540273201291,Merchant: Wagner and Sons,grocery,76.48,22,17.14,0,1,0,0
Zachary Hicks,4318500423182060,Merchant: Bates-Wheeler,online_shopping,25.76,21,31.54,1,0,0,0
Anthony Rodriguez,4048109305484730,Merchant: Frazier-Powers,dining,32.62,16,0.46,1,0,0,0
Rebecca Henderson,4779739824553816,"Merchant: Thompson, Sanchez and Camacho",grocery,45.45,8,21.6,1,0,0,0
James Ferrell,4182723826429515,Merchant: Blankenship Inc,grocery,32.03,14,2.23,1,0,0,0
Tricia Valencia,4255768815590308,"Merchant: Thomas, Arias and Jones",grocery,72.46,8,23.75,0,0,0,0
Nathan Maldonado,4969544876150481,Merchant: Bird-Nguyen,online_shopping,40.62,10,15.32,1,0,2,0
Debra Davidson,4915089244640354,Merchant: Kaufman-Carter,dining,31.17,5,5.56,0,0,2,0
Jeffrey Chavez,4769555935588109,Merchant: Allen Group,online_shopping,27.0,7,4.21,1,0,2,0
Sherri Baker,4277547777459254,Merchant: Smith-Owens,dining,88.08,16,4.5,0,0,1,0
Cassandra Gaines,4123872493797902,"Merchant: Cox, Schultz and Herrera",online_shopping,56.97,12,11.87,0,0,2,0
Elizabeth Fowler,4704559484967415,Merchant: Thomas-Brown,grocery,31.84,14,37.39,0,0,0,0
Brittany Farmer,4623956712559352,Merchant: Spencer-Kane,dining,10.0,7,20.44,0,0,0,0
Paula Moreno,4276749064122725,Merchant: Alexander-Williams,grocery,41.61,7,12.86,0,0,0,0
Fred Smith,4653145134170054,Merchant: Richardson PLC,dining,12.75,12,2.95,1,0,2,0
Sherry Decker,4558345595562163,Merchant: Sanchez-Montoya,grocery,11.86,13,27.84,0,0,0,0
Anthony Humphrey,4357668089504919,Merchant: Bell-Jones,online_shopping,8.11,8,13.23,0,0,0,0
Angelica Tucker,4860431715578520,"Merchant: Lee, Johnson and Spencer",electronics,14.91,2,7.08,1,0,2,0
Philip Cannon,4979336860931606,Merchant: Wilcox Inc,grocery,34.39,1,10.04,0,0,4,0
John Pierce,4010558391115323,"Merchant: Owens, Taylor and Miles",gas_station,24.64,10,40.69,0,0,2,0
Shane Henderson,4264009333963795,"Merchant: Nunez, Nicholson and Herrera",dining,11.76,17,7.38,0,0,0,0
Joshua Blair,4203887821889380,"Merchant: Mccullough, Christensen and Williams",dining,94.44,11,2.84,0,0,1,0
Eric Carney,4478167663420836,Merchant: Burton Ltd,dining,121.14,11,3.23,1,0,0,0
Jessica Holmes,4812426647426441,Merchant: Little-Fuentes,grocery,8.58,14,11.12,0,0,1,0
Danny Morgan,4478327966379580,Merchant: Phillips-Jimenez,grocery,14.84,9,17.65,0,0,0,0
Crystal Robinson,4877449924687149,Merchant: Miller-Smith,gas_station,44.56,12,1.71,0,0,0,0
Mark Perez,4693995315566427,Merchant: Walter-Mcfarland,online_shopping,15.45,12,15.79,1,0,1,0
Shannon Jones,4940269089649665,"Merchant: Reilly, Martin and Lawson",dining,41.16,10,3.1,0,0,5,0
Michael Lewis,4811822923246878,Merchant: Butler-Gates,online_shopping,85.36,15,4.49,0,0,0,0
Timothy Duncan,4203733784061387,Merchant: Hernandez-Garcia,online_shopping,25.93,14,16.27,1,0,1,0
Richard Aguirre,4748578304559655,"Merchant: Shaw, Graham and Young",electronics,74.7,9,1.08,0,0,4,0
Brent Jordan,4657868005512676,"Merchant: Gill, Schroeder and May",online_shopping,40.57,12,15.66,0,0,0,0
John Daniel,4449436327056146,Merchant: Kelley-Green,online_shopping,29.08,11,0.16,0,0,2,0
Victoria Garcia,4534420042186749,"Merchant: Freeman, Williams and Mccarthy",grocery,44.04,11,45.32,0,0,0,0
Gerald Hensley,4152035191985054,"Merchant: Fernandez, Little and Young",travel,61.63,6,7.45,0,0,0,0
Connor West,4513358508143223,Merchant: Schneider-Jones,travel,16.01,15,12.99,0,0,2,0
Donald Wright,4663279042338103,Merchant: Washington and Sons,dining,33.86,7,3.72,0,0,3,0
Jessica Callahan,4089170052291843,Merchant: Lynn Group,dining,11.96,13,59.26,0,1,1,0
Amber Kidd,4749659905270253,Merchant: Jordan-Huber,dining,46.64,14,46.52,1,0,2,0
Tracy House,4114358304077511,Merchant: Morris-Wilson,grocery,26.96,12,5.95,1,0,1,0
Carol Tucker,4061092216897459,Merchant: Smith Group,electronics,37.92,20,32.68,0,0,1,0
James Brown,4714732043192746,Merchant: Glover and Sons,grocery,23.23,12,5.34,0,0,0,0
William Baker,4126665602336167,Merchant: Steele Ltd,gas_station,15.56,11,41.14,1,0,1,0
Jordan Henderson,4580624755526727,Merchant: Fleming-Pruitt,grocery,34.72,9,6.74,1,0,1,0
Whitney Peters,4367027510056874,"Merchant: Williams, Jacobs and Long",grocery,30.59,9,13.81,0,0,1,0
Brittney Phillips,4690571121816794,"Merchant: Murphy, Green and Norman",gas_station,24.33,17,12.01,0,0,1,0
Lauren Daniels,4235393305484956,Merchant: Blake and Sons,dining,42.77,13,2.97,0,0,2,0
Amy Silva,4657079432183020,Merchant: Gonzalez-Miller,travel,34.82,18,6.08,0,0,1,0
Sarah Moore,4264685519020417,Merchant: Wilson Ltd,dining,50.9,9,2.97,0,0,2,0
Angela Lopez,4548805109334659,Merchant: Townsend-Martin,grocery,18.6,12,3.86,0,0,0,0
Megan Young,4363305754370092,Merchant: Obrien-Coffey,gas_station,15.68,19,7.7,1,0,3,0
Steve Sanchez,4164377021704701,Merchant: White-Myers,grocery,39.81,8,28.44,1,0,0,0
Lisa Barnes,4259283397178569,"Merchant: Thompson, Buchanan and Lane",electronics,31.25,1,6.54,0,0,2,0
Kelly Donovan,4769750591739308,"Merchant: Ortiz, Hays and Rogers",grocery,8.84,8,6.17,0,0,0,0
Mike Allen,4055916983317937,Merchant: Meza Group,dining,12.48,19,2.36,0,0,1,0
Michael Evans,4470894406545250,"Merchant: Cabrera, Mitchell and Smith",grocery,24.72,8,16.68,0,0,0,0
Paul Jones,4570765094620788,Merchant: Stewart and Sons,dining,45.33,13,19.97,0,0,4,0
Zachary Ferrell,4622719260261180,Merchant: Nunez LLC,online_shopping,70.78,8,1.91,1,0,2,0
Daniel Baker,4801093609194905,"Merchant: Mercado, Rios and Smith",grocery,41.64,14,16.88,1,0,1,0
Shirley Suarez,4700327628058770,Merchant: Luna-Holden,online_shopping,62.99,13,3.27,0,0,2,0
Christopher Bass,4701497268211952,Merchant: Barrera PLC,grocery,42.11,15,11.87,1,0,1,0
Lisa Archer,4964607735956912,"Merchant: Rodriguez, Mercado and Taylor",online_shopping,63.52,13,1.58,0,0,1,0
Aimee Montoya,4205135639748929,"Merchant: Walker, Garza and Howell",dining,55.92,16,14.17,1,0,0,0
Matthew Mcmillan,4007516748673589,Merchant: Lewis Ltd,gas_station,10.38,8,13.95,1,1,0,0
Brian Rodriguez,4821774874779357,Merchant: Mills Group,dining,10.91,11,19.95,0,0,1,0
Denise Jacobs,4843835699971257,Merchant: Stewart-Perez,grocery,16.66,5,1.39,1,0,0,0
Christina Walters,4019306469126710,Merchant: Lane and Sons,grocery,29.43,8,19.1,1,0,0,0
John Whitehead,4969933530313876,Merchant: Lee-Pruitt,online_shopping,14.48,12,9.87,0,0,0,0
Anna Henderson,4056828753355261,Merchant: Harris and Sons,gas_station,16.12,4,23.25,0,0,2,0
Aaron Wise,4029487478112822,Merchant: Jones Inc,gas_station,92.5,14,0.71,1,0,1,0
Deborah Figueroa,4993451739222939,Merchant: Porter LLC,electronics,67.76,8,17.84,0,0,1,0
Jessica Smith,4778650394750552,Merchant: White-Wilkins,gas_station,24.1,7,2.61,1,0,0,0
Stephen Mckee,4779174312434537,Merchant: Moore Ltd,online_shopping,97.64,10,22.63,0,0,1,0
Sandra Aguilar,4381157509272091,Merchant: Savage Ltd,gas_station,66.99,10,12.67,0,0,2,0
Cameron Parker,4803695756294334,"Merchant: Clark, Robinson and Kim",grocery,39.6,18,11.42,0,0,2,0
Rebecca Valencia,4686708855069432,"Merchant: Perez, Armstrong and Miranda",electronics,23.07,21,3.38,0,0,2,0
Christine Wright,4410104279749358,Merchant: Lawrence-Palmer,grocery,21.27,15,6.31,0,0,2,0
Richard Henson,4921018188969919,Merchant: Campbell Group,dining,16.52,12,35.26,0,0,2,0
Marc Moore,4293575384811153,Merchant: Mercado LLC,electronics,14.72,9,1.52,0,0,2,0
Sharon Cherry,4034756016426248,Merchant: Hill Group,online_shopping,52.22,22,8.38,1,0,2,0
Sierra Johnson,4546202135469224,Merchant: Medina-Reed,grocery,121.72,9,4.76,0,0,0,0
Evelyn Galvan,4940717343466094,Merchant: Kennedy-Rose,dining,30.26,1,4.06,1,0,1,0
Sharon Cochran,4470060398107950,Merchant: Mckinney and Sons,electronics,48.87,19,8.4,1,0,0,0
Richard Rodriguez,4635214120224177,Merchant: Robinson-Baker,dining,30.24,3,2.29,0,0,0,0
Shannon Walker,4616809564185413,"Merchant: Carrillo, King and Villanueva",dining,10.54,15,23.11,0,0,1,0
Julia Torres,4336650285915657,Merchant: Ferguson PLC,dining,41.71,6,32.97,0,0,2,0
Crystal Johnson,4791578290524925,Merchant: Nguyen-Cole,online_shopping,13.46,2,6.71,0,0,0,0
Garrett Lin,4191142999481410,Merchant: Reynolds-Thomas,grocery,16.25,13,4.28,0,0,0,0
Diana May,4013856993914268,Merchant: Smith and Sons,gas_station,39.46,11,5.7,0,0,1,0
William Herrera,4201201740209849,Merchant: Campos-Evans,gas_station,7.04,9,0.68,1,0,2,0
Ashley Waller,4698886659481825,Merchant: Jordan Ltd,dining,18.32,14,1.53,0,1,1,0
Victor Baker,4291367591644912,Merchant: Davenport LLC,grocery,6.64,9,14.04,0,0,2,0
Jeffrey Chandler,4321801130852317,"Merchant: Santos, Camacho and Nichols",electronics,18.3,7,7.45,0,0,1,0
Larry Dixon,4682342840224623,"Merchant: Crane, Jensen and Mcdonald",gas_station,19.81,1,5.31,0,0,2,0
Kenneth Scott,4713202534238672,Merchant: Adams-Diaz,grocery,109.91,3,3.64,0,0,1,0
April Frost,4776042939876674,Merchant: Hart-Turner,gas_station,24.8,13,27.76,0,0,0,0
Michelle Harmon,4087721075240035,"Merchant: Campbell, Garcia and Murray",online_shopping,59.32,0,9.36,0,0,0,0
Helen Jones,4051097247254267,Merchant: Perez PLC,electronics,20.83,13,1.38,1,1,1,0
Erin Edwards,4416893927639854,Merchant: Sanchez PLC,grocery,26.08,13,3.45,0,0,4,0
Michelle Evans,4381828936327860,Merchant: Davis and Sons,travel,22.58,22,6.86,0,0,0,0
Jason Powell,4704235731899590,Merchant: Munoz-Stewart,grocery,18.38,12,37.11,1,0,1,0
Cameron Fisher,4116992135347053,"Merchant: Hernandez, Mueller and Moran",dining,40.12,19,10.32,0,0,2,0
Megan Orr,4707750884949999,"Merchant: Juarez, Ramos and Hayes",dining,26.32,13,1.4,0,0,4,0
Elizabeth Kelley,4357686621380598,"Merchant: Nichols, Jones and Li",dining,42.69,15,0.17,0,0,2,0
Dustin Jordan,4194845422595518,Merchant: Mcguire Group,dining,42.26,6,4.88,0,0,0,0
Mary Marshall,4305915419635118,Merchant: Harris-Baker,dining,36.21,16,10.28,0,0,1,0
Daniel Kennedy,4967451363659051,Merchant: Smith-Cooper,grocery,24.55,7,6.09,0,0,2,0
Rebecca Jackson,4417372234267872,Merchant: Diaz-Martin,grocery,36.89,7,13.99,0,0,2,0
Jose Schultz,4323812817189939,"Merchant: Estes, Rush and Winters",grocery,39.21,7,25.85,0,0,1,0
Robert Potter,4475211275963735,Merchant: Peterson-Allen,gas_station,36.87,18,31.37,1,0,1,0
Courtney Gonzalez,4149331088623064,Merchant: White Ltd,online_shopping,36.15,12,28.39,0,0,1,0
David Alvarez,4940038180364858,Merchant: Winters-Stafford,grocery,18.14,16,4.99,0,1,0,0
Angel Perry,4002182414081709,Merchant: Price LLC,dining,22.27,12,3.81,1,0,0,0
Cheyenne Horton,4846168787321491,Merchant: Smith-Abbott,grocery,50.72,18,7.74,0,0,0,0
David Douglas Jr.,4032043474334426,Merchant: Miller-Morris,electronics,17.19,9,1.45,0,0,1,0
Patricia Rodriguez,4065100460104138,"Merchant: Moore, Munoz and Powell",gas_station,33.15,0,15.76,0,0,2,0
Christopher Rubio,4355579420722395,Merchant: Rodgers Group,dining,14.29,23,42.53,0,0,1,0
Amber Wright,4672176189898783,"Merchant: Hanson, Adams and Jones",travel,9.41,12,4.43,0,0,0,0
Joyce Solis,4767751387712394,"Merchant: Curtis, Riley and Barry",grocery,40.84,16,21.28,0,0,2,0
Victoria Larson,4893972048730453,Merchant: Flores LLC,grocery,13.02,14,1.9,0,0,3,0
Stephanie Salazar,4945586817341884,"Merchant: Robbins, Gonzalez and Hart",online_shopping,21.6,19,1.59,0,0,1,0
Kathy Rivas,4796403157585932,"Merchant: Maxwell, Garcia and Morris",grocery,57.63,7,10.71,0,0,1,0
Stephanie Manning,4853620544933927,Merchant: Smith Group,gas_station,14.01,17,9.1,0,0,2,0
David Wright,4195406385670209,Merchant: Butler Group,electronics,53.84,6,2.05,0,0,1,0
Pamela Boyd,4153784205555358,"Merchant: Tucker, Mills and Stevenson",online_shopping,53.1,10,1.48,0,0,1,0
Denise Jones,4407896778889222,Merchant: Jackson-Martin,online_shopping,27.48,13,3.37,1,0,0,0
Devon Flores,4007204094711242,Merchant: Gonzalez Group,grocery,47.74,11,10.84,0,0,0,0
Brenda Hall,4175780410486672,"Merchant: Johnston, Christian and Robertson",grocery,49.74,13,16.58,1,0,1,0
Michelle Brown,4864426244704981,Merchant: Rodriguez and Sons,grocery,13.63,6,15.41,0,0,1,0
Joshua Perry,4711018770332579,Merchant: Pham-Chavez,grocery,15.1,16,11.97,0,0,2,0
Jason Stein,4443073246689974,Merchant: Casey-Cook,dining,109.57,7,38.39,1,0,3,0
Melissa Gates,4903043817799893,Merchant: Church PLC,dining,11.9,17,2.0,0,0,2,0
Jamie Smith,4469247048113016,"Merchant: Jennings, Moyer and Ortega",online_shopping,18.53,9,8.3,0,0,0,0
Paul Castaneda,4432314565181273,Merchant: Pratt Ltd,gas_station,24.43,8,14.38,1,0,0,0
Jennifer Adkins,4917003437432568,Merchant: Werner Group,online_shopping,15.03,8,20.89,1,0,0,0
Lindsey Walker,4405362512311546,Merchant: Burns-Olsen,online_shopping,17.41,14,0.72,0,1,2,0
Jeffrey Johnson,4119020607136932,"Merchant: Rodriguez, Rose and Wilson",dining,41.71,12,6.83,0,0,0,0
Michael Powell,4052214426735383,"Merchant: Clarke, Pena and Miller",dining,27.28,11,14.81,0,0,2,0
John Anderson,4256116159994422,Merchant: Dixon Ltd,gas_station,112.21,13,13.49,0,0,0,0
Alyssa Long,4184553758268294,"Merchant: Moss, Sexton and Douglas",online_shopping,25.74,5,6.62,0,0,1,0
Alyssa Day,4081499402323586,Merchant: Herman PLC,online_shopping,13.65,15,17.38,1,0,0,0
Joel Williams,4935803528805079,"Merchant: Cruz, Smith and Turner",grocery,5.64,17,38.64,0,0,2,0
Daniel Murphy,4078197354425244,"Merchant: Mcdonald, Zimmerman and Garcia",gas_station,7.55,8,10.6,0,0,2,0
Jamie Walton,4777444964930468,Merchant: Freeman LLC,dining,18.59,17,3.77,1,0,1,0
Darlene Miller,4006069882648620,Merchant: Smith-House,dining,44.3,11,4.71,0,0,0,0
Joshua Cooke,4553779385460912,Merchant: Williams LLC,dining,117.59,18,6.8,1,0,0,0
Matthew Harrington,4104072545396018,Merchant: Ross and Sons,dining,48.48,10,6.65,0,0,2,0
Nicole Herring,4099324707926257,"Merchant: Lucas, Guerrero and Roberts",dining,43.1,7,0.82,0,0,0,0
Alex Hernandez,4743160325039432,"Merchant: Olson, Cook and Reed",gas_station,29.53,13,19.79,0,1,0,0
Michael Elliott,4427895236179495,Merchant: Smith Group,travel,48.84,10,7.19,0,0,1,0
Michael Wang,4454959578127318,Merchant: Haas LLC,grocery,10.16,8,0.51,1,0,1,0
Lawrence Adkins,4427183224023938,Merchant: Lynch-Berry,gas_station,15.57,14,4.49,0,1,0,0
Robert Oconnell,4276176404046556,Merchant: Rogers Group,grocery,42.69,13,1.58,0,0,0,0
Alexander Collins,4128638110502289,Merchant: Patterson and Sons,dining,16.52,23,16.88,0,0,3,0
Tina Sanders,4074595282767740,Merchant: James-Smith,electronics,18.27,16,42.98,0,0,1,0
Angela Vaughn,4393543373278395,Merchant: Phillips Inc,grocery,19.63,11,2.4,1,0,2,0
Ashley Barton,4921510026077210,"Merchant: Green, Austin and Craig",dining,40.47,10,3.48,1,0,0,0
Lindsay Martinez,4348696537155739,"Merchant: Murphy, Norris and Rojas",online_shopping,19.66,18,12.23,0,0,0,0
Dr. Hannah Patterson,4052089831873098,"Merchant: Dean, Davis and Powell",online_shopping,45.87,9,42.05,0,0,1,0
Jonathan Peterson,4079337731297341,Merchant: Foster-Lynch,electronics,41.68,14,6.29,1,0,2,0
Samantha Garcia,4485027590826805,Merchant: Murray Ltd,dining,73.73,14,5.6,0,0,0,0
Madison Poole,4907220871218947,Merchant: Johnson-Hutchinson,grocery,52.1,12,4.76,0,0,1,0
Jessica Gross,4239596023315999,Merchant: Howell LLC,grocery,39.62,15,9.46,1,0,3,0
Debra Morton,4517579032308885,Merchant: Cervantes and Sons,grocery,26.62,6,58.94,1,0,1,0
Karen Graham,4609417502413001,Merchant: Spencer-Caldwell,gas_station,20.92,8,7.31,0,0,0,0
Debra Christian,4886758755850959,Merchant: Callahan-Rivera,electronics,57.43,5,3.9,0,0,2,0
Angelica Keith,4450497236694621,"Merchant: Johnson, Scott and Pierce",travel,21.87,7,20.91,0,0,1,0
John Bishop,4286518142043841,"Merchant: Johnson, Jackson and Torres",online_shopping,18.39,21,34.69,1,0,1,0
Allen Rosales,4046217643493941,"Merchant: Lopez, Douglas and Hawkins",grocery,22.37,6,23.2,0,0,0,0
Daniel Salinas,4667407886985855,Merchant: Cabrera-Wilson,grocery,31.6,8,23.15,0,1,2,0
Spencer Haynes,4491106672641878,"Merchant: Collins, Stokes and Perkins",electronics,19.6,16,22.64,0,0,1,0
Adam Vaughan,4978953770124931,Merchant: Long PLC,travel,32.78,9,0.72,0,0,1,0
Nathan Freeman,4645982437804703,Merchant: Mack Group,dining,60.74,6,3.21,0,0,1,0
Melissa Brewer,4079365187569269,"Merchant: Bailey, Nelson and Olson",dining,16.57,12,17.64,1,0,0,0
Ricky Davis II,4032735712567218,"Merchant: Tucker, Little and Nicholson",dining,23.56,20,31.36,0,0,0,0
Elizabeth Perkins,4300857895915322,Merchant: Martin PLC,electronics,51.53,6,0.36,0,0,3,0
Joseph Coleman,4256600980578363,"Merchant: Lopez, Curry and Castro",grocery,45.16,6,11.81,1,0,2,0
Erin Warner,4303413653298563,Merchant: Callahan-Navarro,grocery,21.25,5,28.88,1,0,2,0
David Martinez,4997707060074611,Merchant: Buckley PLC,online_shopping,14.05,6,45.32,0,1,1,0
Bryan Herrera,4337004917443689,Merchant: Brock-Lewis,online_shopping,24.66,10,5.75,0,0,2,0
Cathy Robinson,4163876215774058,Merchant: Garrison Ltd,electronics,32.12,7,7.38,0,0,0,0
Dr. William Warren,4586618248741426,Merchant: Morales Inc,dining,182.82,12,29.64,1,0,2,0
Brian Lee,4853141988726347,Merchant: Zuniga-Kramer,online_shopping,64.66,10,2.22,1,0,1,0
Christopher Smith,4122339982159003,"Merchant: West, Davis and Jimenez",electronics,7.26,6,18.47,0,0,3,0
Denise Mccann,4132044845677153,"Merchant: Ramirez, Williams and Dominguez",travel,26.52,3,6.92,0,0,3,0
Melissa Martinez,4176604568939119,Merchant: Michael-Griffin,grocery,50.99,18,18.98,0,0,0,0
Katherine Salas,4457677657666470,Merchant: Jackson-Johnson,travel,37.57,6,25.85,0,0,0,0
Julie Alexander,4085208529645524,"Merchant: Johnson, Patterson and Owens",online_shopping,38.75,17,1.91,1,0,2,0
Anthony Everett,4750499887829883,Merchant: Cooper-Tucker,online_shopping,28.28,1,7.21,0,0,2,0
Rodney Morales,4275442206185062,"Merchant: Brown, Richardson and Gilbert",dining,12.84,8,4.73,1,0,1,0
Mark Brown,4987386400672467,Merchant: Gibson-Lopez,online_shopping,28.16,9,6.25,0,0,0,0
Justin Torres,4390321430318394,"Merchant: Owen, Gray and Parsons",online_shopping,24.45,9,10.07,0,0,0,0
Bailey Duran DDS,4301118406548857,Merchant: Jones-Shaffer,grocery,38.08,12,8.58,0,0,0,0
Courtney Mills,4875524529615141,Merchant: Edwards-Mora,grocery,21.9,4,9.3,0,0,0,0
Jeremy Dalton,4697457835179831,"Merchant: Taylor, Cooper and Holt",grocery,51.48,16,7.95,0,0,2,0
Elizabeth Oliver DDS,4135566963389580,"Merchant: Burke, James and Castillo",electronics,21.92,11,32.23,1,1,2,0
Theresa Clark,4417825601999161,"Merchant: Lawson, Floyd and Johnson",dining,17.48,16,1.63,1,0,1,0
Matthew Moore,4469476293684260,Merchant: Ramos-Nichols,grocery,26.28,19,5.51,0,0,1,0
Benjamin Smith,4179736799010273,Merchant: Williams Inc,gas_station,5.64,12,5.07,0,0,1,0
Kirk Carter,4909520387212153,Merchant: Scott-Torres,grocery,29.28,10,6.44,0,0,1,0
Michael Warner,4904562446220160,Merchant: Greene-Gray,electronics,45.9,18,29.47,0,0,1,0
Michael Bradshaw,4663393508243267,Merchant: Valenzuela PLC,grocery,147.04,14,8.23,1,0,1,0
Lori Guerrero,4538140307559846,Merchant: Rhodes and Sons,dining,19.42,10,9.32,1,0,2,0
Jessica Stephens,4420248435074504,"Merchant: Nguyen, Gibson and Wagner",gas_station,44.65,19,14.71,1,0,0,0
Susan Serrano,4328099970244041,Merchant: Campbell-Moore,grocery,88.75,12,37.85,1,0,0,0
Christopher Parker,4109077182353276,Merchant: Robinson-Roberts,grocery,14.96,16,9.65,1,0,2,0
Laura Roberts,4376554761727571,"Merchant: Villanueva, Morgan and Cox",grocery,25.63,14,2.32,0,0,2,0
Michael Lyons,4554814712666151,Merchant: Taylor Group,online_shopping,33.9,15,0.82,1,1,3,0
Kathryn Snyder,4939294270215012,Merchant: Heath Group,dining,61.6,6,2.35,0,0,1,0
Andrew Reynolds,4433906279895822,Merchant: Smith-Martinez,dining,55.09,12,9.33,1,0,0,0
David Davis,4773391299037192,"Merchant: Callahan, Davis and Brown",dining,50.89,14,7.22,0,0,3,0
Sara Johnston,4275939557142113,"Merchant: Brown, Jones and Lynn",grocery,32.8,8,0.25,0,0,2,0
Yvonne Chambers,4220659100443646,Merchant: Madden Inc,online_shopping,36.13,14,4.72,1,0,0,0
Andrew Avila,4644432969142206,Merchant: Harris-Lopez,dining,100.1,9,5.23,0,0,2,0
Matthew Moon,4722768352780879,Merchant: Garcia-Aguilar,online_shopping,18.68,14,19.25,0,0,2,0
Kevin Walters,4710933853000904,Merchant: Tyler Ltd,travel,25.69,20,26.36,0,0,2,0
Brandon Bailey MD,4632586775465863,"Merchant: Norman, Allen and Owens",dining,20.93,8,3.72,0,0,2,0
Shannon Rivera,4728470344633241,Merchant: Erickson-Coleman,online_shopping,9.68,13,8.09,0,0,2,0
Donna Landry,4568415463517579,"Merchant: Davis, Valencia and Cameron",electronics,84.29,12,2.37,0,0,1,0
Krista Gibson,4518517696595966,Merchant: Graham Group,electronics,11.38,1,8.66,0,0,4,0
Frank Cordova,4600337522964842,Merchant: Rivera Group,electronics,12.32,18,2.86,0,0,2,0
Jose Travis,4109222514557950,Merchant: Fleming and Sons,online_shopping,61.98,12,4.45,0,0,2,0
Kimberly Gutierrez,4723766041426432,Merchant: Edwards-Dunn,gas_station,16.58,9,0.53,1,0,1,0
Isaiah Avila,4297081372298210,Merchant: Diaz-Watkins,grocery,54.45,8,13.21,0,0,2,0
Olivia Harris,4935243922950140,Merchant: Tyler-Torres,grocery,18.33,13,10.53,0,0,0,0
Tanya Kim,4284076953908786,Merchant: Velasquez-Williams,grocery,36.76,19,18.41,1,0,0,0
Barbara Dudley,4476790078244665,"Merchant: Salinas, Collins and Russo",online_shopping,101.36,17,12.44,1,0,2,0
Cynthia Moore,4694836094386828,"Merchant: Arroyo, Hall and Mason",dining,44.09,14,1.23,1,0,1,0
Kristen Davis,4085592562972667,"Merchant: Rivas, Norris and Morton",online_shopping,20.98,15,2.23,1,1,3,0
Susan Murray MD,4325727346892704,"Merchant: Willis, Simpson and Dean",grocery,15.19,8,1.5,0,0,2,0
Kathleen Moran,4723344666105143,Merchant: Williams-Park,grocery,40.96,12,26.46,1,0,2,0
Denise Davenport,4180686288688799,Merchant: Butler PLC,dining,27.8,12,2.36,0,0,0,0
Mrs. Kristen Reyes,4449403951869566,"Merchant: Patterson, Foley and Henson",electronics,28.42,9,20.41,0,0,2,0
Katie Suarez,4344088331838013,Merchant: Holt Inc,dining,25.04,6,15.26,0,0,2,0
Desiree Tyler,4934769123779392,Merchant: Sanford Inc,dining,33.53,5,23.8,0,1,2,0
Timothy Romero,4122016318520021,Merchant: Flores-Carter,online_shopping,15.52,14,5.68,1,0,1,0
Diane Evans,4915231336314098,"Merchant: Henry, Knight and Elliott",grocery,14.58,9,25.35,0,0,3,0
Yvonne Burns,4127023189672019,Merchant: Sanders Ltd,dining,10.93,11,0.67,1,0,1,0
Joshua Reed,4959031775690009,"Merchant: Parker, Howard and Cantu",grocery,10.96,23,3.54,1,0,0,0
Kimberly Gibson,4917653244834388,Merchant: Kennedy and Sons,grocery,7.02,6,1.88,0,0,1,0
Colin Terry,4151547469117088,Merchant: Ingram-Garcia,grocery,31.75,16,22.01,0,0,0,0
Cynthia Rowe,4027282040093804,"Merchant: Wolfe, Nichols and Stephens",grocery,38.91,12,4.14,1,0,1,0
Patrick Thornton,4491232160059322,"Merchant: Campbell, Bradley and Underwood",grocery,5.49,13,16.67,0,0,1,0
Jasmin Alvarado,4183252762520219,Merchant: Williams-Freeman,dining,89.22,6,9.29,0,0,2,0
Veronica Simpson,4116795428326704,Merchant: Hart and Sons,grocery,56.13,16,1.48,0,0,2,0
Jonathan Lawrence,4167811678629024,"Merchant: Lee, Smith and Coleman",dining,8.11,14,3.33,0,0,0,0
Shelly Alexander,4153864267302202,Merchant: Wright Inc,dining,98.33,11,6.56,1,0,0,0
Joyce Bowen,4175304053198419,Merchant: Yoder LLC,electronics,14.06,6,0.78,0,0,3,0
Matthew Moore,4507550848528463,Merchant: Miller and Sons,grocery,15.1,16,23.56,0,0,1,0
Wayne Morgan,4703784679700832,Merchant: Smith-Sheppard,grocery,11.95,14,4.67,1,0,2,0
Marie Christian,4764405835501726,Merchant: Ortiz and Sons,online_shopping,56.42,17,10.67,0,0,1,0
Shannon James,4279732829018328,Merchant: Fields LLC,grocery,15.83,5,0.1,0,0,0,0
Nathan Malone,4511213406368012,Merchant: West-Holland,electronics,64.36,12,5.97,0,0,1,0
Amanda Jones,4502406511747119,Merchant: Clarke-Smith,dining,45.27,14,2.26,0,0,2,0
Tammie Bright,4064857968863124,"Merchant: Snow, White and Stone",travel,20.68,11,3.64,0,0,1,0
Jessica Garcia,4079044813881907,"Merchant: Peters, Clark and May",grocery,29.25,12,1.18,1,0,1,0
Shelia Wallace,4145676776195245,"Merchant: Jordan, Watson and Wolfe",online_shopping,67.33,8,20.99,1,0,0,0
Stephanie Williams,4017092176451771,"Merchant: Rivera, Walker and Trevino",travel,8.87,8,14.59,0,0,1,0
Elaine Brooks,4223804534782774,Merchant: Mack-Rose,grocery,38.71,7,1.51,0,0,3,0
Joseph Knight,4532095928489870,Merchant: Higgins-Clark,dining,19.31,9,0.1,1,0,1,0
Carolyn Miller,4587272993357027,Merchant: Richardson-Sanchez,dining,55.97,9,11.17,0,0,4,0
Lisa Allen,4093986639846484,Merchant: Kennedy-Davidson,travel,38.28,13,5.25,0,0,0,0
Briana Murray,4427398356523915,"Merchant: Bennett, Harris and Sanders",online_shopping,58.1,11,13.87,1,0,2,0
David Smith,4762273533406206,"Merchant: Joseph, Thomas and Fisher",online_shopping,30.12,10,3.69,0,0,1,0
Stephanie Byrd,4663340142156348,Merchant: Brewer Ltd,grocery,30.78,6,4.02,0,0,3,0
Jeremy Reed,4263628862335702,Merchant: English-Moore,online_shopping,15.19,14,5.81,0,0,4,0
Margaret Coleman,4445514344211177,"Merchant: Williams, Griffin and Andersen",electronics,16.78,14,2.28,1,0,2,0
Ryan Gonzalez,4494495742188425,Merchant: Mcintosh Group,grocery,22.57,18,4.3,0,0,0,0
John Young,4638151291164799,"Merchant: Norton, Mitchell and Reyes",grocery,29.63,10,10.08,0,0,1,0
Laura Haney,4464299872473532,Merchant: Baker-Garcia,grocery,21.98,13,20.7,0,0,1,0
William Barrett,4591530075145188,"Merchant: Robinson, English and Martinez",online_shopping,10.25,15,12.3,0,0,2,0
Keith Jennings,4479230578245315,Merchant: Hahn Inc,dining,88.19,6,9.13,0,0,0,0
Amber Obrien,4812464378624306,Merchant: Green-Li,grocery,83.01,13,12.26,1,0,2,0
Tanner Mitchell DDS,4460669610696376,Merchant: Stewart-Ortega,travel,68.98,12,4.52,0,0,1,0
Heather Fields,4912187906506146,Merchant: Nelson Ltd,online_shopping,23.91,16,56.63,1,0,1,0
Megan Le,4159011250231600,Merchant: Miller-Ruiz,grocery,41.73,6,12.66,0,0,0,0
Sara Fuller,4402728986832121,Merchant: Gomez Group,gas_station,42.27,13,22.69,0,0,1,0
Maria Parker,4861498425079668,Merchant: Davis and Sons,grocery,35.88,21,5.92,1,0,0,0
Kevin Oconnor,4842001414424608,Merchant: Potter LLC,electronics,49.15,20,5.04,0,0,1,0
Edward Burgess,4372386159528590,Merchant: Robles Inc,grocery,29.29,14,5.28,0,0,1,0
Carlos Ryan,4757637982930550,Merchant: Lopez Inc,dining,40.25,7,25.46,0,0,1,0
Kiara Mcintyre,4797983676074103,Merchant: Romero-Barrett,gas_station,28.5,16,13.86,0,0,1,0
Dawn Summers,4939481504390352,Merchant: Smith-Mitchell,travel,51.55,9,2.99,1,0,2,0
Dr. Paul Morgan,4028586966096354,Merchant: Carroll-Thomas,grocery,15.88,6,3.62,0,0,3,0
Victor Taylor,4760751210184263,Merchant: Bell-Tucker,gas_station,10.89,10,9.35,0,0,0,0
Shannon Ramsey,4264418024594084,Merchant: Oliver-Dodson,grocery,96.04,17,1.97,1,0,1,0
Tracy Ballard,4935653524377957,Merchant: Mcguire-Baker,grocery,75.92,6,1.53,0,0,2,0
Richard Smith,4765573748525121,Merchant: Henry LLC,dining,76.85,0,14.13,1,0,2,0
Jordan Chambers,4584679017522795,Merchant: Farmer PLC,online_shopping,39.9,13,16.41,1,0,0,0
Lauren Carson,4949652396749990,Merchant: Walker LLC,dining,17.07,10,7.99,0,0,1,0
Ashley Hall,4203854070084154,"Merchant: Nichols, Joseph and Graves",dining,39.57,1,3.1,1,0,0,0
Stephen Hoffman,4242695753851390,Merchant: Garcia-Hanson,dining,7.14,15,37.44,0,0,2,0
Connie Brown,4635294614262040,"Merchant: Mitchell, Avila and Williamson",online_shopping,27.82,9,16.06,0,0,0,0
Susan Turner,4852063346118978,Merchant: Pearson Ltd,grocery,17.45,19,40.95,1,0,0,0
Charles Shah,4372826593380413,"Merchant: Anderson, Hensley and Rice",dining,21.39,10,12.08,1,0,1,0
Johnathan Davis,4716033308544186,"Merchant: Sparks, Camacho and Howard",travel,11.89,22,7.56,1,0,0,0
Brandy Chavez,4366020931378804,"Merchant: Alvarez, Franklin and Ford",dining,173.09,20,6.64,0,0,2,0
Natalie Bautista,4109367677773652,Merchant: Brown LLC,grocery,77.24,9,1.64,0,0,0,0
Patrick Moore,4645545903481957,Merchant: Smith LLC,grocery,10.52,17,4.01,0,0,0,0
Brett Burns,4351102693955339,Merchant: Barrett-Estrada,grocery,25.28,14,10.39,0,0,2,0
Trevor Johnson,4892333135148557,"Merchant: Jensen, Rhodes and Dominguez",dining,18.62,19,0.1,1,0,0,0
Jeremy Sampson,4702640626067413,Merchant: Cole-Fernandez,dining,18.04,10,43.14,1,0,0,0
Ariana Jennings,4144876216483422,Merchant: Young-Hubbard,dining,43.06,9,2.63,0,0,1,0
Vanessa Howard,4973029406957252,Merchant: Reed-Massey,grocery,44.96,7,2.94,0,0,1,0
Colton Martinez,4023589377125825,Merchant: Anderson Ltd,grocery,46.21,14,6.33,0,0,1,0
Jordan Bates,4889199495165993,"Merchant: Rivera, Martinez and Leonard",online_shopping,17.7,12,26.3,1,1,1,0
Linda Smith,4945644645239000,Merchant: Kent and Sons,electronics,21.24,15,2.21,1,1,2,0
Dana Martinez,4152428678554701,Merchant: Reyes LLC,dining,73.84,8,13.52,0,0,1,0
Andrea Hubbard,4897795014670932,Merchant: Fletcher Ltd,grocery,25.66,7,21.84,1,0,0,0
Daniel Kane,4725028004177074,Merchant: Torres PLC,grocery,7.52,6,0.88,1,0,2,0
Charles Lester,4460316134079925,"Merchant: Hill, Warren and Lee",gas_station,41.47,7,0.15,0,0,2,0
Scott Thomas,4645752754283280,Merchant: Meyers-Clark,online_shopping,35.89,8,43.85,0,0,0,0
David Thompson,4785150668815570,"Merchant: Harding, Ramos and Brown",electronics,36.14,8,2.22,0,1,0,0
Allison Smith,4556616689409368,"Merchant: Burns, Saunders and Miranda",grocery,14.55,17,24.97,0,0,1,0
Cynthia Morris,4646059551611336,Merchant: Ray-Grant,dining,20.84,20,5.71,0,0,0,0
Anthony Harmon,4632245182569615,Merchant: Johnson-Gonzalez,grocery,28.94,11,3.53,0,0,1,0
Nichole Alvarez,4126974869784873,Merchant: Wallace Inc,dining,50.3,10,21.34,0,0,1,0
Kayla Rodriguez,4319630527043691,Merchant: Mason LLC,gas_station,10.27,10,2.49,1,0,0,0
Theresa Williams,4259164230127460,Merchant: Fowler-Rios,dining,32.65,16,13.66,1,0,1,0
Sharon Boyd,4176319198637088,"Merchant: Roberts, Cox and Odonnell",electronics,30.37,14,12.09,0,0,1,0
Victor Brown,4536062230635679,Merchant: Russell and Sons,dining,40.06,7,1.04,0,0,1,0
James Parks,4577569429841041,Merchant: Gutierrez LLC,dining,68.02,10,10.91,0,0,3,0
Theodore Jones Jr.,4032730324827464,Merchant: Briggs PLC,grocery,25.79,13,1.89,0,0,0,0
Ana Hill,4523561188203807,"Merchant: Freeman, Kerr and Bauer",gas_station,38.89,5,15.85,0,0,0,0
Kimberly Nguyen,4958621853111281,Merchant: Nguyen LLC,grocery,82.74,3,9.41,1,0,3,0
Kerry Chavez DDS,4779036666369470,Merchant: Castaneda PLC,online_shopping,58.28,8,6.25,1,0,1,0
Michael Farrell,4813265984503373,"Merchant: Horton, Alvarez and Peters",grocery,34.79,9,24.78,0,0,2,0
Patricia Le,4294037535313240,Merchant: Grant LLC,gas_station,27.34,12,4.37,0,0,2,0
Jesse Perez,4275671950305688,"Merchant: Lang, Suarez and Galvan",grocery,74.06,15,33.34,0,0,0,0
Jesse Perry,4807126524948916,Merchant: Price-Nelson,grocery,23.39,16,3.04,0,0,0,0
Jeffery Ortega,4298388201514975,Merchant: Nichols Inc,grocery,13.9,14,5.06,0,0,0,0
Christian Leblanc,4764913616576528,Merchant: Odonnell-Lewis,grocery,30.91,10,17.47,0,0,1,0
Ronald Davis,4261954902948490,"Merchant: Hall, Chavez and Davis",electronics,12.47,19,1.95,0,0,0,0
Parker Cain,4345776613886556,"Merchant: Andrade, Brown and Woods",electronics,120.79,11,3.17,1,0,0,0
Laurie Hoffman,4091595678323958,Merchant: Flores-Morris,grocery,25.99,19,26.81,0,0,2,0
Bryan Gomez,4601941270661853,"Merchant: Lopez, Cross and Vaughan",grocery,11.33,10,17.98,1,0,2,0
Nicole Parrish,4608780720203384,"Merchant: Bennett, Brown and Ramirez",dining,79.21,20,32.93,0,0,2,0
Tracy Burke,4120996676372036,Merchant: Perez-Knapp,grocery,18.24,8,11.1,0,0,1,0
Kenneth Lewis,4344836567071901,"Merchant: Johnson, Roberts and Davis",dining,77.93,19,13.99,0,0,2,0
Courtney Rodriguez,4657439677054676,Merchant: Jones-Mercer,dining,148.73,7,8.71,0,0,2,0
Holly Farmer,4931649095468872,Merchant: Webb Inc,dining,23.6,11,3.04,1,0,0,0
Renee Bruce,4058868102531293,"Merchant: Mccormick, Lopez and Smith",travel,178.45,12,10.83,0,0,1,0
Sabrina Austin,4662547800958044,Merchant: Bishop-Brown,grocery,34.08,17,20.77,0,0,4,0
Allison Hickman,4146159700019004,Merchant: Krause-Douglas,grocery,47.84,10,1.72,0,0,2,0
Debra White,4388546734743699,Merchant: Hernandez PLC,grocery,40.75,10,0.35,0,0,1,0
Ellen Morgan,4908941319859674,Merchant: Martinez-Schaefer,grocery,27.62,11,1.21,0,1,1,0
Sergio Knight,4832130542842514,"Merchant: Bishop, Williams and Martin",gas_station,68.78,15,1.23,0,0,1,0
Charles Schultz,4190359409429414,Merchant: Elliott and Sons,dining,20.6,14,9.89,0,0,2,0
Paul Lewis,4597999032388765,Merchant: Hanson Ltd,grocery,46.5,16,4.27,0,0,0,0
Glen Wood,4660628951340398,"Merchant: Ray, Walton and Hill",grocery,17.16,4,22.96,0,0,0,0
Paula Bradley,4838744308183634,Merchant: Herring-Peterson,online_shopping,23.27,8,5.57,0,0,0,0
Anthony Moore,4939702663820719,"Merchant: Castillo, Delgado and Alvarado",electronics,62.63,10,14.91,0,0,2,0
Megan Nelson,4481851331178604,Merchant: Irwin-Davis,electronics,29.23,10,4.9,0,0,0,0
Karla Ramos,4776771928892033,Merchant: Jones-Navarro,online_shopping,26.85,16,23.42,1,0,0,0
Paul Wilson,4287574058923038,Merchant: Monroe-Williams,dining,31.54,8,6.98,1,0,1,0
Douglas Gregory,4067787192497265,Merchant: Haas-Hall,dining,42.51,15,28.44,0,0,3,0
Mr. Andrew Foster,4571364967451452,Merchant: Alvarado Inc,online_shopping,129.05,21,6.65,1,0,1,0
Aimee Turner,4752574488252699,Merchant: Roman-Johns,electronics,38.93,8,41.24,0,0,0,0
Chad Scott,4185111567338516,Merchant: Robbins-Hawkins,grocery,39.26,12,4.72,0,0,0,0
Adam Burgess,4764670506809837,Merchant: Hubbard PLC,gas_station,13.32,10,22.12,1,0,1,0
James Padilla,4193465027586035,"Merchant: Johnson, Spencer and Hale",online_shopping,39.09,14,12.97,0,0,2,0
Sandra Drake,4563338923495241,"Merchant: Estes, Ward and Lee",dining,63.82,11,23.22,0,0,0,0
Scott Williams,4705155782638805,"Merchant: Kelley, Gomez and Weaver",grocery,66.85,23,3.85,1,0,3,0
Thomas Atkins,4242716186286978,"Merchant: Wilson, Mccullough and Hernandez",online_shopping,34.29,16,29.78,1,0,1,0
Laura Mckinney,4762370385478729,Merchant: Anderson and Sons,grocery,31.97,20,20.18,0,0,2,0
Brian Smith,4819319229412322,"Merchant: Smith, Vance and Coleman",dining,30.44,22,12.36,0,0,2,0
Robert Montgomery,4625394185455411,"Merchant: Hill, Campbell and Moore",grocery,34.1,9,8.38,0,0,1,0
Tamara Davis,4588314003563035,Merchant: Todd-Sparks,grocery,31.94,5,11.25,0,0,2,0
Dana Chapman,4826735490479867,Merchant: Martinez LLC,dining,41.58,7,10.85,1,0,2,0
Jennifer Collins,4716896213250861,Merchant: Moore Inc,grocery,71.61,16,7.13,0,0,1,0
Gary Jackson,4868564347608828,Merchant: Scott Ltd,electronics,65.68,10,8.04,0,0,2,0
Ashley Hicks,4092587289467364,Merchant: Davis-Ray,electronics,17.92,2,18.14,1,0,3,0
Hannah Luna,4163308460172622,"Merchant: Page, Pineda and Wilkinson",online_shopping,8.96,8,9.86,1,0,0,0
Robin Young,4336490847491164,"Merchant: Robertson, Moore and Booker",dining,20.55,6,0.1,0,0,2,0
Craig Morrison,4430310166366224,Merchant: Lopez PLC,online_shopping,29.24,9,1.17,0,0,0,0
Mary Thompson,4554140857962290,"Merchant: Castro, Wright and Carter",grocery,24.13,5,20.5,0,0,2,0
Kathleen Webster,4110848610660020,Merchant: Jones-Austin,dining,47.86,17,2.57,1,0,2,0
Joann Glass,4046901749538911,Merchant: Henry-Hayes,dining,47.54,8,27.65,0,0,0,0
Madison Weber,4244106678845739,Merchant: Martin-Lane,grocery,39.15,13,20.22,0,0,0,0
Lori Hernandez,4165024238935442,"Merchant: Johnson, Gordon and Lynch",grocery,27.03,6,0.1,0,0,0,0
Jeremy Turner,4711072985023051,Merchant: Lee Group,gas_station,7.03,9,4.06,1,0,0,0
Anthony Romero,4667148533317148,"Merchant: Franco, Johnson and Nguyen",gas_station,4.38,10,21.82,0,0,2,0
Jesse Brown,4955412982492203,Merchant: Medina-Burton,dining,18.65,20,0.11,1,0,2,0
Angela Lin,4881520895217688,"Merchant: Lee, Mendoza and Smith",grocery,8.84,11,16.04,0,0,1,0
Lisa Hunter,4126962505073249,"Merchant: Anderson, Hicks and Baldwin",grocery,30.65,12,1.34,0,0,0,0
Julian Conner,4394303250274960,Merchant: Allen-Holland,online_shopping,25.18,9,29.38,1,0,1,0
Joanna Pacheco,4383844037654399,"Merchant: Lopez, Hill and Peterson",electronics,16.6,13,26.13,1,0,0,0
Erica Alvarez,4285803308641484,Merchant: Floyd LLC,online_shopping,30.0,20,208.84,1,1,4,1
Antonio Garcia,4329085050487153,Merchant: Johnson-Wu,grocery,41.68,21,6.24,0,0,1,0
Gwendolyn Klein,4518237721090749,Merchant: Rodriguez Group,online_shopping,14.63,19,7.78,0,0,0,0
Carrie Wright,4479391171740035,Merchant: Barnes and Sons,grocery,42.62,18,7.75,0,0,3,0
Jeffrey Mills,4568848657374490,Merchant: Golden PLC,gas_station,125.46,10,2.89,0,0,1,0
Jake Campbell,4660723660474123,"Merchant: Avery, Forbes and Martinez",dining,140.71,6,6.51,0,0,3,0
George Harper,4818036893825289,Merchant: Abbott Group,grocery,62.93,7,7.39,0,0,1,0
Maria Jones,4043935160269575,Merchant: Harrison-Oneill,grocery,61.37,9,2.71,0,0,2,0
Michael Mitchell,4526684803163672,Merchant: Johnson-Nelson,grocery,39.53,10,13.55,0,0,1,0
Mary Escobar,4752481353764297,Merchant: Sullivan-Mills,online_shopping,19.31,7,33.91,1,0,1,0
Felicia Aguilar,4930395395260889,"Merchant: Cook, Ellis and Taylor",online_shopping,31.33,10,35.38,1,0,2,0
Gregory Ponce,4329873401149972,Merchant: Chung and Sons,online_shopping,15.93,13,10.93,0,0,3,0
Jenna Larson,4754737704990966,Merchant: Armstrong PLC,electronics,16.57,13,11.36,0,0,2,0
Emily Bennett,4819456597739611,"Merchant: Gordon, Jackson and Young",electronics,57.3,16,4.04,0,0,0,0
Robin Santiago,4340573689108048,"Merchant: Boyd, Chavez and Carpenter",online_shopping,21.67,4,10.34,0,0,2,0
Nancy Jennings,4756943072188773,"Merchant: Smith, Butler and Haney",grocery,12.72,14,19.58,0,0,0,0
Maria Henderson,4699165872363410,Merchant: Ryan PLC,travel,73.38,18,8.36,1,0,0,0
Jack White,4048578671265727,Merchant: Cuevas-Perez,grocery,20.54,9,25.46,1,0,2,0
Travis Tucker,4829127898852498,Merchant: Nguyen-Sampson,travel,30.23,6,3.27,0,0,0,0
Chad Jones,4960841585537308,Merchant: Smith-Reyes,dining,58.76,7,15.86,1,0,1,0
Ashley Wise,4376318559670710,Merchant: King-Jordan,grocery,21.55,21,4.47,0,0,0,0
Sophia Johnson,4944814400040759,"Merchant: Brewer, Moreno and Flowers",grocery,10.16,20,4.47,1,1,1,0
Ralph Anderson,4023106407972967,Merchant: Rice Inc,gas_station,44.86,11,15.97,0,0,1,0
Christopher Guerra,4288542734497999,Merchant: Parker Inc,dining,41.44,13,1.53,1,0,0,0
Rhonda Martin,4519736654758783,Merchant: Davis-Brown,dining,30.77,8,4.11,0,0,0,0
Jason Rhodes,4710539259067718,Merchant: Liu-Harrison,electronics,96.54,14,14.54,0,0,0,0
Jeremy Mitchell,4360174304025603,"Merchant: Price, Phillips and Davis",travel,49.92,6,8.35,1,0,2,0
Joann Ferguson,4413166775270715,Merchant: Thompson-Jacobs,dining,79.39,13,9.79,0,0,1,0
Robert Harrison,4797176350642721,"Merchant: Parker, Thomas and Wood",online_shopping,12.53,14,4.41,0,0,4,0
Holly Valentine,4438817676227029,Merchant: Martinez-Russo,dining,21.49,7,25.15,0,0,0,0
Mrs. Diane Reyes,4431639158464723,Merchant: Bailey Inc,grocery,23.1,23,36.39,1,0,2,0
Tracy Montoya,4604678203690610,Merchant: Zuniga Group,electronics,23.55,16,20.12,1,0,0,0
Brenda Wright,4502613409731226,Merchant: Allen-Stewart,grocery,46.46,16,2.98,0,0,1,0
Shelly Spencer,4667665405324217,"Merchant: Thomas, Mullins and Walker",grocery,32.99,20,10.42,0,0,3,0
Ryan Rosales,4943532861780587,"Merchant: Jones, Smith and Sanders",online_shopping,9.1,17,32.98,0,0,1,0
Phillip Nelson,4380573213678863,Merchant: Saunders-Wood,online_shopping,26.09,15,0.81,1,0,0,0
Brittany Kim,4555261510705576,Merchant: Ortiz-Wilkinson,travel,8.09,9,6.58,1,0,2,0
Courtney Hayes,4529508687441234,Merchant: Robertson Ltd,gas_station,39.42,15,9.99,0,0,3,0
Alexander Brown,4998962586926351,"Merchant: White, Cline and Thomas",grocery,26.15,19,1.78,0,0,0,0
Cynthia Vang,4006255151797517,Merchant: White and Sons,dining,44.49,11,10.84,1,0,2,0
Alfred Galvan,4784953127344582,Merchant: Clark Group,dining,85.19,16,10.6,0,0,1,0
Marie Moody,4197621346164617,Merchant: Cameron-Wilson,grocery,22.32,18,3.16,0,0,1,0
Dustin Gallegos,4265322247081011,Merchant: Ross-Watts,dining,10.14,17,1.19,1,0,0,0
Brenda Thornton,4812971988408946,Merchant: Cervantes and Sons,grocery,31.36,10,11.95,0,0,0,0
Aaron Miller,4748126817930086,"Merchant: Richards, Moore and Smith",grocery,45.94,12,24.76,1,0,5,0
Ruben Dunn,4588990580814030,Merchant: Parker Ltd,online_shopping,31.85,8,4.2,0,0,1,0
Kelsey Rodriguez,4405081056358693,Merchant: Perry-Berry,grocery,7.7,17,29.55,0,0,1,0
Eric Williams,4213116694602128,Merchant: Diaz Group,online_shopping,18.56,8,8.42,0,0,1,0
Riley Bryant,4676428125983625,"Merchant: Davis, Gardner and Walsh",online_shopping,11.23,7,13.88,1,0,0,0
Taylor Carlson,4749884959126090,Merchant: Campbell-Green,gas_station,19.26,17,31.62,0,0,5,0
Jose Allen,4033146565716655,Merchant: Rodgers PLC,grocery,21.02,10,6.86,0,0,1,0
Jeffrey Mendez,4813049950438966,Merchant: Bowen PLC,grocery,15.01,17,5.15,1,0,1,0
Jason Beck,4164508629532231,"Merchant: Cohen, Dyer and Anderson",gas_station,35.96,9,1.9,0,0,0,0
William Jones,4724876412613952,Merchant: Campos Ltd,grocery,11.89,9,16.27,0,0,0,0
Katie Mcneil,4745861805839344,Merchant: Smith-Ross,grocery,14.26,3,10.97,0,0,0,0
Jeanette Harrison,4835442788598818,Merchant: Vega-Taylor,gas_station,34.55,9,8.98,0,0,1,0
Veronica King,4069656932596272,"Merchant: Allen, Harrison and Andrews",grocery,45.24,12,10.93,0,1,2,0
Richard Cooper,4223683127534184,Merchant: Wallace-Johnson,grocery,10.87,11,3.08,0,0,1,0
Lori Ingram,4995578022801777,"Merchant: Johnson, Moran and Barnett",online_shopping,41.08,13,54.79,1,0,1,0
Evelyn Williams,4062945026944739,Merchant: Gonzalez-Nichols,grocery,35.87,12,39.34,0,0,0,0
Robin Thompson,4341439103231866,Merchant: Gregory and Sons,grocery,27.28,13,0.37,0,1,2,0
Julie Dominguez,4790667477201109,Merchant: Smith Ltd,online_shopping,61.57,12,13.23,0,0,2,0
Robin Brown,4083843782601871,Merchant: Vaughn-Brooks,grocery,40.03,12,25.33,0,0,1,0
Judith Carter,4795334225393929,Merchant: Franklin Ltd,dining,34.58,17,7.41,1,0,1,0
Curtis Williams,4425777277457505,Merchant: Ingram PLC,travel,27.11,17,17.92,0,0,0,0
Kaylee Hays,4188521148460364,Merchant: Walters-Liu,travel,32.39,16,5.16,0,0,0,0
Dawn Mullins,4839687884204754,Merchant: Mills and Sons,online_shopping,73.14,8,3.01,0,0,1,0
Howard Norman,4589477069392851,Merchant: Malone-Burke,grocery,87.02,8,23.71,1,0,0,0
Evelyn Martinez,4202546167946771,Merchant: Richmond Ltd,grocery,21.84,3,11.77,0,0,1,0
Steve Paul,4898636139594590,"Merchant: Koch, Ross and Howard",online_shopping,52.38,12,10.5,1,0,1,0
Jasmine Beltran,4118572350194733,Merchant: Hale PLC,gas_station,16.73,18,9.78,1,0,2,0
Jonathan Glass MD,4796263896549973,Merchant: Santos LLC,online_shopping,60.43,18,2.73,0,0,1,0
Monica Miller,4917822008100142,"Merchant: Velez, Mendoza and Anthony",grocery,96.6,16,4.28,0,0,0,0
Samantha Gardner,4866906251575950,"Merchant: Silva, Thornton and Carpenter",gas_station,91.4,10,3.37,1,0,1,0
Bobby Guerrero,4490967108004580,Merchant: Newman Ltd,grocery,25.9,7,6.47,1,0,0,0
Lance Simmons,4242274966529480,Merchant: Owens-Young,dining,46.75,6,2.19,0,0,1,0
Heather Williams,4051719725123439,Merchant: Cummings-Petersen,grocery,4.68,14,0.1,1,1,1,0
Heather Bolton,4536757777342650,"Merchant: King, Mora and Delgado",grocery,39.45,12,7.06,0,1,1,0
William Gould,4503104979140773,"Merchant: Rivera, Ward and Hughes",online_shopping,6.35,15,8.42,0,1,1,0
Mark Cox,4280619907466692,"Merchant: Watson, Perez and Byrd",dining,32.68,11,3.0,0,0,0,0
Meghan Cisneros,4472171243566833,Merchant: Alvarez Group,online_shopping,16.57,21,82.54,0,0,2,0
Lawrence Harrington,4325369525587670,Merchant: Wilson Ltd,grocery,37.22,11,2.34,0,0,2,0
Austin Osborne,4507810728394760,Merchant: Watson-Parks,grocery,33.44,7,0.99,1,0,0,0
James Bradley,4612614993631969,"Merchant: Rodgers, Whitaker and Golden",online_shopping,38.75,15,34.57,0,0,1,0
Meghan Rush,4756443909519563,"Merchant: Short, Noble and Thomas",online_shopping,36.09,15,24.16,0,0,1,0
Phillip Berry,4300636210516407,"Merchant: Fields, Brown and Spencer",online_shopping,28.76,19,22.34,1,1,0,0
Jennifer Banks,4870481135373968,Merchant: Vaughn Group,dining,60.22,10,25.95,1,0,1,0
Brian Fitzgerald,4272959867770554,"Merchant: Smith, Miller and Henson",grocery,12.02,12,4.17,1,0,0,0
Mr. Justin Green III,4899071299699154,Merchant: Green-Estes,dining,42.55,10,5.36,0,0,0,0
Zachary Mitchell,4827002933132689,"Merchant: Rice, Lindsey and Burton",online_shopping,22.2,15,23.99,0,0,2,0
Katherine Martinez,4746021368841570,Merchant: Schmidt Inc,grocery,14.33,17,2.26,0,0,1,0
Jodi Roach,4129184251956173,Merchant: Rodriguez LLC,dining,28.68,23,17.54,0,0,0,0
Brandon Fleming,4558922355285878,Merchant: Hester PLC,grocery,24.03,12,0.1,0,0,3,0
Emma Reed,4630228293352875,"Merchant: Thomas, Weber and Ortiz",electronics,289.35,2,12.32,1,0,5,1
Joshua Vance,4153596472684749,Merchant: Stevens PLC,dining,88.67,11,1.82,1,0,1,0
Michelle Ho,4455072831018503,Merchant: Williams Inc,grocery,10.8,15,13.59,0,0,1,0
Rebecca Hicks,4875645058105806,"Merchant: Ruiz, Freeman and Serrano",dining,40.66,16,16.66,0,0,1,0
Curtis Taylor,4088679744761931,"Merchant: Aguirre, Acosta and Alvarado",online_shopping,22.39,0,34.14,0,0,0,0
Allison Spencer,4886636465333476,Merchant: Graves Inc,dining,53.63,19,1.52,1,0,1,0
Robert Arnold,4496337922628192,Merchant: Hutchinson-Beasley,grocery,19.65,7,16.49,0,0,0,0
Angelica Parker,4502374387345055,Merchant: Reeves PLC,online_shopping,19.86,7,12.44,0,0,1,0
Dr. Kelly Hammond DVM,4194050472609794,Merchant: Adams-Boone,travel,25.79,12,4.85,0,0,4,0
William Day,4291459773660988,Merchant: Campbell Ltd,online_shopping,24.78,19,3.47,1,0,1,0
Michael Cooper,4919817473665395,"Merchant: Harris, Miller and Boone",grocery,53.47,12,10.4,0,0,0,0
Penny Bowman,4885874895571313,Merchant: Alexander-Rush,electronics,46.69,15,9.86,1,0,1,0
Vincent Reynolds,4449616395257474,"Merchant: Cruz, Hudson and Allen",electronics,102.07,13,7.71,0,0,0,0
Amy Martinez,4743721238487750,Merchant: Thompson-Hunter,grocery,5.78,18,7.25,0,0,1,0
Christopher Morris,4191898755798327,Merchant: Avila-Chambers,gas_station,67.48,12,1.39,0,0,2,0
Hannah Everett,4900059054517361,Merchant: Hartman Ltd,grocery,28.61,10,0.36,1,0,3,0
Sarah King,4854059193442469,Merchant: Fischer-Peterson,grocery,55.04,8,11.59,0,0,0,0
Krista Martinez,4712393306533530,Merchant: Jackson PLC,dining,29.5,9,53.27,0,0,0,0
Joseph Shaw,4975980962821969,"Merchant: Maldonado, Prince and Chambers",online_shopping,75.02,23,3.99,0,0,0,0
Todd Moore,4878757882737634,Merchant: Sanders-Robbins,dining,15.38,12,2.6,0,0,1,0
Michelle Jacobs,4977398366609799,Merchant: Johnson-Marshall,gas_station,15.1,17,11.8,1,0,1,0
Kristy Bryan,4855004450729629,"Merchant: Wilson, Davis and White",grocery,29.71,16,10.5,0,0,1,0
Angel May,4107932265278257,Merchant: Graham-Andrews,online_shopping,62.93,13,4.41,0,0,2,0
Marilyn Wang,4630594156711774,Merchant: Black-Young,online_shopping,15.07,16,22.99,0,0,1,0
Mark Jimenez,4398724581987085,"Merchant: Costa, Ruiz and Lee",grocery,60.1,19,7.98,1,0,2,0
Donna Frye,4075538053659729,"Merchant: Mcdaniel, Parker and Williams",electronics,126.5,22,7.91,0,0,0,0
Dr. Michael Evans,4839507051306960,"Merchant: Wyatt, Andersen and Oneal",electronics,3143.94,11,111.31,0,1,4,1
Anthony Gonzales,4212815683870270,"Merchant: Watkins, Herrera and Carpenter",electronics,60.64,2,9.33,0,0,3,0
Mr. Lawrence Edwards,4379821492413715,"Merchant: Shelton, Cruz and Rogers",online_shopping,51.51,9,15.2,1,0,1,0
Morgan Valencia,4306390858306846,Merchant: Carpenter Ltd,gas_station,21.06,5,14.45,0,0,1,0
Bianca Wood,4681672386656064,Merchant: Kemp Inc,dining,31.5,23,3.52,0,0,2,0
Emma Owens,4755957354105777,Merchant: Moore LLC,electronics,28.85,7,18.66,0,0,0,0
David Davis,4504025898810858,Merchant: Gill-Diaz,dining,50.06,7,6.1,1,0,0,0
James Gilbert,4872357845720805,"Merchant: Aguirre, Ware and Dillon",gas_station,76.81,13,17.11,0,0,1,0
Sean Moore,4410415074931664,Merchant: Hess and Sons,gas_station,21.15,9,0.5,0,0,2,0
Kenneth Edwards,4816115566134047,Merchant: Marquez-Park,online_shopping,29.81,7,4.1,0,0,0,0
Kathleen Robertson,4500045840892279,Merchant: Cannon-Larsen,grocery,31.79,11,5.18,0,0,2,0
Mr. Alexander Landry MD,4699064949356582,"Merchant: Taylor, Gaines and West",electronics,73.69,17,2.73,1,0,1,0
Cindy Gomez,4363836472245588,"Merchant: Sutton, Bond and Jones",dining,29.36,9,2.54,0,0,3,0
Johnny Khan,4708335142449666,"Merchant: Jenkins, Farrell and Cobb",electronics,25.04,23,3.41,0,0,2,0
Julie Herrera,4900045398048866,Merchant: Jones and Sons,dining,49.13,9,0.93,0,0,0,0
Jessica Khan,4251409617099875,Merchant: Taylor Ltd,gas_station,13.11,6,20.44,0,0,2,0
Pamela Diaz,4170981668813030,Merchant: Hernandez-Munoz,online_shopping,17.7,20,4.46,1,0,3,0
Kelly Lee,4691281501645461,Merchant: Fuentes-Alvarez,dining,11.9,10,8.06,0,0,1,0
Angel Gordon,4257312536127690,"Merchant: Williams, Williams and Lambert",electronics,58.5,9,31.05,1,0,3,0
Diana Hays,4622957947450806,Merchant: Anderson-Bird,dining,53.91,11,7.75,0,0,0,0
Barbara Hester,4173315716042614,Merchant: Hayden-Stanley,gas_station,38.54,10,3.04,1,0,2,0
Robert Morgan,4471650441526443,Merchant: Allen-Garrett,grocery,37.91,8,11.21,0,0,0,0
Nicole Gonzalez,4829694541913787,"Merchant: Hunt, Vasquez and Villarreal",grocery,11.47,5,8.71,0,0,1,0
Kathryn Williams,4498762093837397,Merchant: Taylor LLC,dining,37.17,7,7.78,0,0,1,0
Gary Wells,4524276074146445,Merchant: Davis and Sons,electronics,55.67,6,34.24,0,0,1,0
Larry Robertson,4261353425556189,"Merchant: Taylor, Bass and Jimenez",dining,65.67,11,16.91,0,0,2,0
Louis Martin,4262138415510950,Merchant: Anderson PLC,travel,61.6,13,40.29,0,1,0,0
Nancy Evans MD,4252750568808486,Merchant: Stewart LLC,online_shopping,202.82,3,147.23,1,0,5,1
Kim Erickson,4072712633402933,"Merchant: Ruiz, Hoffman and Villanueva",dining,37.22,18,9.87,0,0,2,0
Robert Richardson,4813267273326276,Merchant: Mccormick-Allen,grocery,50.93,14,0.68,1,0,0,0
Veronica Silva,4674695881946879,"Merchant: Osborne, Chen and Schneider",online_shopping,135.81,5,12.63,1,0,6,1
Molly Watts,4492944993136759,"Merchant: Williams, Hart and Brown",grocery,552.77,2,16.81,1,1,6,1
John Coffey,4266849053667839,Merchant: Hawkins Inc,online_shopping,24.02,8,28.9,0,0,4,0
Paula Lane,4031613177905341,"Merchant: Peters, Kidd and Terrell",grocery,15.15,16,39.85,0,0,0,0
Lauren Jackson,4388333151801668,Merchant: Meadows Inc,dining,13.73,17,4.86,1,0,0,0
Lisa Randall,4802362801938891,Merchant: Bennett PLC,grocery,9.49,17,7.12,1,0,0,0
Michael Johnson,4311543978157340,Merchant: Lambert Ltd,online_shopping,35.94,13,21.33,1,0,0,0
Ashley Smith,4591066086236500,"Merchant: Clark, Diaz and Sanchez",gas_station,37.2,2,3.27,1,0,1,0
Christian Vaughn,4602622478922516,"Merchant: Cook, Craig and Shaw",online_shopping,17.58,18,6.38,0,0,0,0
Reginald Knapp,4613506210840150,Merchant: Jordan and Sons,electronics,29.71,15,6.8,0,0,2,0
Nancy Brown,4997062981099754,Merchant: Garcia Inc,travel,51.82,10,18.48,1,0,2,0
Daniel Nguyen,4686650836816822,Merchant: Ward LLC,grocery,15.02,7,13.46,1,0,3,0
Kelly Edwards,4407373087143907,"Merchant: Cook, Perez and Cox",grocery,79.39,5,1.75,0,0,1,0
Thomas Peterson,4909200562607028,Merchant: Olson-Cooper,online_shopping,43.2,7,12.6,1,0,0,0
Raymond Le,4748579888921329,"Merchant: Arellano, Kennedy and Alvarado",grocery,19.45,6,24.54,1,0,1,0
Melissa Bishop,4381522932297256,Merchant: Jones-Foster,dining,31.02,11,15.68,0,0,3,0
David Grant,4014938475431885,"Merchant: Williams, Taylor and Watson",grocery,30.63,6,60.16,0,0,4,0
William Evans,4459478007924638,Merchant: Hernandez Group,grocery,34.04,10,4.61,0,1,0,0
Daniel Bush,4698375550458389,Merchant: Collins and Sons,online_shopping,15.07,23,35.87,1,0,2,0
Gregory Peck,4500770990317211,"Merchant: Martin, Lloyd and Edwards",gas_station,131.36,20,8.83,0,0,2,0
Denise Martinez,4359804333156960,Merchant: Calderon-Kramer,online_shopping,23.74,17,18.73,0,0,0,0
Jamie Baird,4010146019335208,"Merchant: Aguilar, Scott and Cannon",grocery,4.89,11,5.23,0,0,1,0
Tina Ballard,4226093164266335,Merchant: Stanton PLC,grocery,26.46,8,26.17,1,0,2,0
Dwayne Klein,4614082310171713,Merchant: Cannon Inc,dining,54.01,10,5.74,0,0,2,0
Jeremy Scott,4574051995081909,"Merchant: Hernandez, Owens and Baxter",travel,15.24,17,14.11,0,0,1,0
Dale Ryan,4567352635951769,Merchant: Campbell Group,electronics,62.83,19,14.34,1,0,4,0
Melissa Taylor,4524130228671065,"Merchant: King, Gonzalez and Navarro",online_shopping,25.63,11,6.84,0,0,1,0
Laurie Sanchez,4560249235777411,Merchant: Thomas LLC,grocery,92.63,14,10.6,0,0,1,0
Kiara Little,4905717532279970,Merchant: Hicks Ltd,online_shopping,35.88,12,14.72,1,0,2,0
Jason Love,4261587898916830,"Merchant: Russell, Armstrong and Wolf",dining,44.13,22,15.14,1,0,1,0
Randy Smith,4715111424124843,"Merchant: Spencer, Bradford and Carney",travel,127.71,13,128.5,1,0,6,1
Tanya Russell,4467313717419068,Merchant: Byrd LLC,grocery,30.05,15,14.24,0,0,3,0
Sherry Woods,4954508570340117,Merchant: Clark-Campbell,electronics,29.32,18,16.52,0,0,1,0
Victor Morris,4617061301127386,Merchant: Diaz-Scott,grocery,28.54,9,4.36,1,0,0,0
Susan Davis,4181720357965645,Merchant: Gray-King,travel,42.42,22,6.44,0,0,0,0
Kimberly Sharp,4019154260782418,Merchant: Carroll Group,dining,74.67,10,8.42,0,0,1,0
Susan Thompson,4643424114754663,Merchant: Franklin Inc,online_shopping,82.2,14,13.37,1,0,1,0
Casey Gillespie,4482230642116844,Merchant: Spears-Arnold,dining,25.81,13,4.07,0,0,4,0
Jennifer Simpson DVM,4038951592346656,"Merchant: Ellis, West and Hudson",grocery,13.27,16,58.57,1,0,3,0
Tammy Mcdowell,4174645331649503,Merchant: Maxwell-Thompson,dining,24.26,10,14.25,0,0,1,0
Keith Rodriguez,4054113713463105,Merchant: Patterson Inc,online_shopping,24.06,11,2.92,1,0,0,0
Mrs. Virginia Daniels,4890786957601882,Merchant: Diaz-Clarke,online_shopping,33.88,7,17.68,0,0,5,0
Todd Rosales MD,4041544747334357,"Merchant: Smith, Alvarado and Chase",grocery,14.52,12,10.56,0,0,1,0
Brian Martin,4369701685253171,Merchant: Mcintyre Group,grocery,67.2,16,2.73,0,0,0,0
David Lopez,4040937011859680,Merchant: Jones Group,gas_station,30.21,11,43.79,1,0,4,0
Rachel Bradley,4409529055095795,Merchant: White LLC,online_shopping,11.67,8,19.13,0,0,4,0
Casey Chase,4818472668063998,"Merchant: Barnes, Gonzales and Hawkins",dining,222.66,16,31.04,0,0,2,0
Samantha Robertson,4416119540627898,Merchant: Bennett Group,grocery,7.14,18,44.7,1,0,1,0
Michael Lopez,4880683112179593,Merchant: Gregory-Martin,electronics,22.37,7,3.75,1,0,0,0
Franklin Wright,4822331256772507,Merchant: Stein-Davis,grocery,31.44,11,15.51,1,0,1,0
David Molina,4856162714134272,Merchant: Mcguire Inc,gas_station,27.16,11,3.8,1,0,1,0
Elizabeth Sharp,4323573742142092,Merchant: Griffith PLC,dining,11.47,10,1.66,0,0,2,0
Matthew Schwartz,4207937415871991,Merchant: Mathews Inc,dining,20.36,10,21.26,0,0,0,0
Bryan Parker,4250592530955876,Merchant: Johnson LLC,online_shopping,55.12,18,6.05,0,0,0,0
Jonathan Jacobson,4993642737957233,Merchant: Hall LLC,dining,39.91,0,37.55,0,0,0,0
Emily Wilson,4612921351113302,Merchant: Dyer Group,grocery,23.2,10,1.29,1,0,1,0
Elizabeth Mendez,4075350246948419,Merchant: Haas-Wilson,gas_station,136.39,6,32.78,0,0,0,0
Casey Hernandez,4322232087385706,"Merchant: Kane, Owen and Wilkinson",online_shopping,10.26,22,16.98,0,0,0,0
Lisa Perry,4391370858783794,Merchant: Fernandez LLC,grocery,31.23,12,9.66,0,0,2,0
Kaitlin Medina,4131682260809933,Merchant: Rogers-Gonzalez,grocery,45.74,21,9.94,1,0,0,0
Colleen Wright,4151931784498839,Merchant: Shaw-Leblanc,gas_station,27.32,0,20.51,0,0,2,0
Shelley Miller,4374738113370493,"Merchant: Garcia, Collins and Mathews",gas_station,41.9,4,10.15,1,0,1,0
Michael Miller,4624554077005357,Merchant: Allen-Hill,electronics,80.67,20,4.27,1,0,1,0
Amy Kelley,4882348118082930,Merchant: Joseph Ltd,grocery,23.32,9,5.66,0,0,1,0
Laura Hernandez,4028477982587537,"Merchant: Peters, Smith and Villa",gas_station,23.68,7,29.6,1,0,1,0
Joseph Wilson,4156415330706668,"Merchant: Flores, Scott and Robinson",online_shopping,26.75,7,5.34,0,0,1,0
Kevin Davis,4063311916119552,"Merchant: Young, Rogers and Campbell",grocery,24.61,15,15.89,0,0,0,0
Rhonda Chavez,4093731340377910,"Merchant: Walker, Roy and Howard",online_shopping,6.37,18,2.46,0,0,0,0
Joyce Brown,4037930618920042,Merchant: Stewart-Thomas,dining,85.02,13,3.21,1,0,1,0
Robert Cummings,4820721624742467,Merchant: Collier-Rose,online_shopping,28.08,15,2.66,0,0,0,0
Robert Reese,4732550652990533,"Merchant: Baker, Palmer and Mercer",electronics,38.59,9,13.84,0,0,0,0
Amber Cooper,4791207209578901,Merchant: Nguyen-Jackson,online_shopping,27.31,21,65.67,0,0,0,0
Zachary Michael,4550819968445659,"Merchant: Bruce, Houston and Mcintosh",online_shopping,12.38,17,1.09,1,1,3,0
Timothy Johnson,4817442054051551,Merchant: Morris-Johnson,electronics,26.11,13,4.87,0,0,2,0
Randy Cannon,4740920167599303,Merchant: Fuller Group,gas_station,30.25,7,12.78,1,0,2,0
Maria Fisher,4134140580670912,Merchant: Harris-Stevens,electronics,53.22,14,10.6,0,0,1,0
Janet Kane DVM,4465484000040044,"Merchant: Johnson, Hubbard and Young",electronics,29.56,6,2.75,1,0,1,0
Michael Stanley,4454976834875258,"Merchant: Harper, Gibson and Cunningham",dining,12.51,16,4.89,1,0,1,0
Martha Bailey,4048992466257601,"Merchant: Perez, Howard and Yates",online_shopping,56.58,6,12.96,0,0,1,0
Joshua Rice,4380795118121653,"Merchant: Owens, Dillon and Ross",electronics,14.19,12,4.03,1,0,2,0
Courtney Smith,4508159590431501,"Merchant: Gonzalez, Lee and Perez",grocery,11.79,20,30.9,1,0,1,0
Edwin Nunez,4174164776310324,Merchant: Brown PLC,dining,32.64,18,2.89,0,0,0,0
Kim Morrow,4197670254616845,Merchant: Combs Ltd,online_shopping,65.02,13,17.46,1,0,0,0
Gregory Hill,4469645892441831,Merchant: Floyd Ltd,grocery,42.84,7,6.91,0,0,4,0
Molly Rodriguez,4811372447929757,Merchant: Zuniga and Sons,dining,18.2,15,5.81,1,0,0,0
Jennifer Miranda,4448940094658464,Merchant: Bailey and Sons,grocery,7.07,12,7.41,0,0,2,0
Alexis Harris,4924887807376764,"Merchant: Cox, Gutierrez and Cohen",dining,36.37,12,18.34,0,0,2,0
Andrew Harper,4973780534251915,Merchant: Stevens-Rojas,dining,48.3,15,36.97,1,0,2,0
Amber Yang,4162897476766600,"Merchant: Harris, Guerrero and Lloyd",grocery,23.25,13,2.35,1,0,0,0
David Robinson,4919352642599317,"Merchant: Cox, Romero and Anderson",grocery,103.83,11,0.58,0,0,4,0
Amy Gordon,4697085675910567,"Merchant: Scott, Gonzalez and Miller",online_shopping,20.4,5,8.33,1,0,2,0
Robert Dennis,4967044777140576,"Merchant: Gonzalez, Reese and Acosta",online_shopping,2898.77,4,21.66,1,0,1,1
Kyle Chambers,4025015544940993,Merchant: Mason Inc,travel,39.79,12,4.18,0,0,1,0
Eric Thomas,4752563744845552,Merchant: Love PLC,grocery,85.67,11,12.5,0,0,3,0
Connie Turner,4663354205095301,Merchant: Ross and Sons,grocery,20.19,19,0.12,0,0,2,0
Travis Hobbs,4277282769588700,"Merchant: Trevino, Williams and Clark",electronics,79.58,16,3.69,0,0,0,0
Lori Simmons,4266036698027641,Merchant: Harris-Fry,gas_station,41.84,9,16.73,0,0,1,0
William David DDS,4829435007961658,Merchant: Kelly-Wilson,electronics,17.09,16,8.38,0,1,0,0
Emma Butler,4777842471649192,Merchant: Evans and Sons,grocery,29.59,9,25.06,1,0,0,0
James Webster,4636950725925010,Merchant: Rasmussen and Sons,electronics,87.35,11,11.9,1,0,1,0
Samuel Turner,4915697807982300,Merchant: Carson LLC,online_shopping,14.81,14,48.27,0,0,2,0
Renee Melendez,4008133490237438,Merchant: Thompson Ltd,gas_station,93.05,22,37.72,1,0,1,0
Tracy Grant,4692494180169591,Merchant: Smith-Watson,online_shopping,16.56,18,0.69,0,0,1,0
David Harris,4129464031182872,Merchant: Wilson-Evans,electronics,48.45,2,15.19,1,0,1,0
Tammy Boone,4465951120339050,Merchant: Martin-Allen,grocery,10.04,11,19.68,0,0,1,0
Nathaniel Lee,4669423943837540,Merchant: Hansen Inc,grocery,35.42,6,57.3,0,0,2,0
Michael Morrison,4884637734850300,Merchant: Hernandez Ltd,gas_station,23.73,11,7.84,1,0,0,0
Chelsea Gill,4772179316250554,Merchant: Pacheco-Watson,grocery,23.58,21,1.95,0,0,1,0
Kristin Mendoza,4267992448372688,"Merchant: Barnett, Patrick and Cooper",dining,29.63,9,20.5,0,0,1,0
Felicia Krueger,4793889491286729,"Merchant: Lee, Smith and King",grocery,26.45,23,1.06,0,0,0,0
Timothy Hayden,4747869104076292,"Merchant: Roberts, Murphy and Jones",gas_station,28.03,11,54.31,0,0,1,0
Zachary Mendoza,4965241573180200,"Merchant: Conley, Miller and Palmer",gas_station,47.46,8,17.66,1,0,1,0
Larry Harris,4041071912943374,"Merchant: Jones, Matthews and Velasquez",dining,36.81,17,0.58,0,0,1,0
Kristen Rowe,4265781496355014,Merchant: Young PLC,grocery,55.14,15,21.18,0,0,1,0
Joseph Howard,4531101584567313,Merchant: Coleman-Torres,online_shopping,36.73,6,11.18,1,0,1,0
Jose Crawford,4700174931756074,Merchant: Johnson-Gibbs,gas_station,31.65,11,1.13,0,0,1,0
William Harrison,4021737339701017,"Merchant: Miller, Guzman and Williamson",dining,35.91,4,0.52,0,1,2,0
Suzanne Wood,4926218922400610,"Merchant: Coleman, House and Bright",online_shopping,37.6,13,12.84,0,1,0,0
Justin Walker,4865496602514354,Merchant: Fletcher PLC,grocery,21.57,14,0.93,0,0,1,0
Dean Donovan,4471180045015312,Merchant: Ferguson-Brown,online_shopping,23.2,9,11.34,0,1,0,0
Jennifer Hernandez,4959602769347796,Merchant: Woods and Sons,gas_station,97.97,9,5.25,0,0,0,0
James Whitaker,4605485625750421,"Merchant: Kennedy, Williams and Brown",grocery,34.65,17,12.94,0,0,1,0
Mr. Michael Scott PhD,4464069486175413,Merchant: Benson and Sons,electronics,25.45,10,4.31,0,0,1,0
Maria Henry,4771148816058016,Merchant: Allen Ltd,dining,22.39,12,9.09,0,0,1,0
Robert Jackson,4557082678650448,"Merchant: Shah, Thomas and Bender",dining,14.8,8,21.2,0,0,3,0
Katherine Stark,4144294267088050,Merchant: Williams Group,grocery,27.9,13,2.31,0,0,0,0
Maria Brown,4151378626849706,Merchant: Lutz LLC,online_shopping,10.39,8,13.94,0,0,1,0
Ryan Landry,4241698142076811,Merchant: Barnes-Allen,grocery,21.84,12,0.55,0,0,1,0
Pamela Gutierrez,4006814365972397,Merchant: Baker Group,gas_station,22.78,19,5.49,0,0,0,0
Crystal Mann,4661054171500761,"Merchant: King, Smith and Ashley",electronics,18.0,21,14.2,0,0,0,0
Jonathan Brooks,4175180077842848,Merchant: Jackson-Hernandez,grocery,76.87,17,0.72,0,0,1,0
Mary Jensen,4576186770667213,Merchant: Warren-Richardson,grocery,50.51,16,11.94,0,0,1,0
Mr. Aaron Arnold,4283491430921529,Merchant: Campbell-Sparks,online_shopping,11.21,15,2.99,0,0,1,0
Joseph Hill,4259783367408912,"Merchant: Powell, Washington and Compton",travel,35.68,17,4.94,0,0,1,0
Alicia Li,4059944769880122,Merchant: Gould-Russell,travel,14.35,10,9.15,0,0,1,0
Renee Browning,4562083610880252,Merchant: Bailey and Sons,online_shopping,53.62,14,27.24,0,0,2,0
Brent Hernandez,4016206370355957,"Merchant: Gray, Barron and Hernandez",electronics,60.76,11,16.55,0,0,1,0
Joseph Ochoa,4516761662965868,Merchant: Cruz Group,grocery,16.9,7,1.88,0,0,0,0
James Watson,4602536873209222,Merchant: Acosta-Coleman,online_shopping,27.34,12,45.75,0,0,1,0
Karl Branch,4450806940978734,Merchant: Hale-Poole,dining,17.09,8,6.61,1,0,1,0
Michael Abbott,4183410006658480,Merchant: Mendoza Group,online_shopping,119.33,17,10.4,0,0,3,0
Shannon Malone,4393004603560896,Merchant: Burns-Walsh,electronics,14.47,18,17.79,1,0,1,0
James Tran,4064937590447908,Merchant: Brown-Reilly,online_shopping,10.32,17,20.66,0,0,1,0
Adam Jackson,4830470278902765,Merchant: Dickerson-Nunez,grocery,16.12,11,3.24,0,0,0,0
Mr. Richard Knight PhD,4513005019857540,"Merchant: Richardson, Reed and Mitchell",dining,27.76,16,5.48,0,0,1,0
Joseph Williams,4388084274062825,"Merchant: Arnold, Tate and Brooks",dining,32.26,0,15.48,0,0,2,0
Sean Clay,4072553205285151,"Merchant: Castro, Parsons and Jones",grocery,8.62,9,5.8,0,0,0,0
Anthony Jones,4013524711788758,Merchant: Foster LLC,grocery,25.44,7,4.2,0,0,1,0
Stephanie Elliott,4513918418051418,Merchant: Cooper Inc,gas_station,46.99,17,1.09,1,0,1,0
Timothy Edwards,4007404515699337,"Merchant: Wilson, Miller and Murphy",electronics,14.31,9,8.21,0,0,2,0
Laurie Goodwin,4769268994738793,Merchant: Wells LLC,grocery,34.68,15,8.66,0,0,0,0
Jennifer Jones,4092523906056363,Merchant: Fleming-Clark,gas_station,104.38,6,6.79,1,0,1,0
David Davenport,4712413739491252,Merchant: Gordon Group,gas_station,58.07,18,22.59,0,0,3,0
Steven Rivera,4936694364365313,Merchant: Gibson Group,dining,23.61,9,3.54,0,0,1,0
Brenda Hinton,4594568150895142,"Merchant: Hart, Williams and Whitaker",grocery,55.15,11,0.98,1,0,2,0
Kathryn Mccann,4318798976330231,Merchant: Bryant-Moon,gas_station,39.25,16,19.61,1,0,0,0
Jeffrey Roberson,4423338831960252,Merchant: Moore Ltd,grocery,45.0,6,7.85,0,0,1,0
Randy Friedman,4927040043866688,Merchant: Thompson and Sons,grocery,30.19,8,0.93,0,0,1,0
Raymond Johnson,4707260275789665,"Merchant: Miller, Morgan and Chung",online_shopping,28.38,14,31.6,0,0,0,0
Willie Henry,4680537380882332,Merchant: Lewis Ltd,electronics,44.22,17,0.4,0,0,2,0
Todd Reynolds,4970199824770752,Merchant: Waters-Johnson,grocery,51.4,16,5.19,0,0,0,0
Mary Miller,4862109863678288,"Merchant: Gomez, Davis and Kelly",electronics,244.04,17,30.31,1,0,6,1
Rebecca Marquez,4689600668812792,Merchant: Villanueva-Campbell,dining,77.15,18,7.88,0,1,3,0
Christian Dawson,4425284658068175,"Merchant: Hogan, Hatfield and Bentley",grocery,8.08,14,1.61,1,0,2,0
Nancy Stewart,4241997970310809,"Merchant: Wilson, Todd and Bell",online_shopping,65.99,5,9.73,0,0,1,0
Aaron Parker,4480985448789043,Merchant: Kane PLC,online_shopping,28.15,14,0.83,0,0,1,0
Derrick Anderson,4346586726021317,Merchant: Mendez PLC,grocery,16.85,14,3.14,0,0,1,0
Jerry Peters,4666405997430879,Merchant: Russell-Mendez,dining,527.29,2,14.03,1,0,2,1
Alexander Gomez,4378253712688705,Merchant: Ingram-Stephens,dining,24.19,15,12.09,0,0,0,0
Kyle Nguyen,4155781373142173,"Merchant: Lynn, Roy and Young",dining,36.63,15,7.45,1,0,0,0
Edgar Hughes,4624799443317826,Merchant: Franklin Inc,grocery,20.88,14,2.64,0,0,0,0
Steven Stein,4305976620840780,"Merchant: Lynch, Manning and Waters",online_shopping,12.76,7,4.45,1,0,2,0
Laura Jackson,4640157746621990,"Merchant: Cross, Miller and Hartman",grocery,25.13,23,2.06,0,0,1,0
Charles Turner,4856525542458669,Merchant: Arnold Ltd,electronics,87.49,13,3.41,1,0,1,0
Arthur Hamilton MD,4292990722679405,Merchant: Robles PLC,grocery,17.77,11,11.35,0,0,2,0
Mr. David Wright,4015413827386889,Merchant: Stewart-Townsend,online_shopping,170.65,10,2.95,0,0,0,0
Linda Gonzalez,4392389862254682,Merchant: Campos-Gordon,online_shopping,3.82,22,14.11,1,0,1,0
Eric Rush,4296610356574807,Merchant: Rosario Group,dining,68.49,7,6.34,0,0,0,0
Manuel Brock,4371492627350608,"Merchant: Tucker, Watson and Swanson",travel,31.54,11,13.84,0,0,1,0
George Ochoa,4126646096149092,Merchant: Sloan-Saunders,online_shopping,62.8,17,20.33,0,0,2,0
Valerie Taylor,4009166595454309,Merchant: Brown and Sons,grocery,19.21,6,19.8,0,0,2,0
Travis Harris,4178462742052251,Merchant: Cole-Kemp,grocery,31.9,4,4.82,0,0,1,0
Vincent Novak,4307321665691079,Merchant: Smith PLC,online_shopping,25.44,18,20.96,0,0,2,0
Michael Henry,4861171340250066,Merchant: Rodriguez-Davis,grocery,26.29,10,15.45,0,0,1,0
Dana Bennett,4227643494652650,Merchant: Long Group,online_shopping,79.82,10,11.72,1,0,1,0
Jenna Wilson,4534774116028595,Merchant: Villanueva Ltd,grocery,44.09,8,24.72,1,0,1,0
Leslie Gardner,4388755987592048,"Merchant: Hall, Reynolds and Johnson",grocery,28.64,11,8.18,0,0,0,0
Krista Benton,4552823016430323,Merchant: Rodriguez-Ramirez,travel,72.26,18,0.48,0,0,0,0
Michael Gonzales,4744433294578675,Merchant: Briggs-Kidd,travel,29.64,21,0.18,0,0,0,0
Michael Fuentes,4047724649728344,Merchant: Richards-Flores,grocery,42.82,10,1.45,1,0,1,0
Jennifer Porter,4906710099784424,Merchant: Jones Group,grocery,49.44,12,4.31,1,0,1,0
Dana Hopkins,4993164212826585,Merchant: Carpenter-Mullins,dining,36.92,17,5.86,0,0,2,0
Rachel Jones,4970248910557993,"Merchant: Johnson, Sanders and Davis",grocery,25.66,11,5.17,0,0,1,0
Karen Morales DDS,4584345651234341,"Merchant: Campbell, Woods and Adams",dining,86.3,9,3.06,0,0,3,0
Melissa Stephens,4070806313959436,Merchant: Hampton Ltd,dining,10.44,11,13.48,0,0,0,0
Heather Woodard,4784590731282111,Merchant: Ibarra-Duncan,electronics,24.62,11,1.97,0,0,1,0
Margaret Miller,4264218154478896,Merchant: Duncan-Anderson,online_shopping,68.81,10,12.36,1,0,2,0
Mary Kelly,4770705070950625,Merchant: Skinner LLC,dining,44.16,14,19.44,0,0,0,0
Amanda Terrell,4327624326572075,"Merchant: Brewer, Smith and Hanson",grocery,120.43,5,19.88,1,0,2,0
Jennifer Goodwin,4470789379877526,Merchant: Lambert-Faulkner,grocery,42.69,2,7.98,0,0,1,0
Jessica Smith,4999636918454410,Merchant: Young and Sons,electronics,12.05,12,8.5,0,0,2,0
Jorge Stone,4857928262901653,Merchant: Peterson LLC,grocery,82.11,16,6.2,0,0,2,0
Laura Griffin,4599527478715536,Merchant: Nelson PLC,dining,27.07,12,2.22,1,0,3,0
Raymond Chapman,4317931347561967,Merchant: Dominguez-Nelson,grocery,19.35,12,6.55,0,0,1,0
Haley Johnson,4765021000278641,Merchant: Montgomery Group,online_shopping,13.14,2,4.32,0,0,1,0
Jason Nixon,4870051253806311,Merchant: Smith-Alvarado,gas_station,23.27,19,1.15,1,0,0,0
Todd Thomas,4537693287927467,Merchant: Turner-Bailey,grocery,47.93,12,19.13,1,0,2,0
Jesse Clark,4268975311524385,Merchant: Wilson-Palmer,grocery,15.58,11,21.5,1,0,2,0
Mr. Jeffrey Horton,4207579314449410,Merchant: Blevins-Ferrell,grocery,41.94,22,9.53,1,0,2,0
Eric Patrick,4459624384092776,"Merchant: Owens, Young and Pierce",grocery,48.7,18,1.13,0,1,2,0
Samuel Wong,4573685070518250,"Merchant: Wood, Gross and Rodriguez",electronics,36.43,9,0.79,0,0,1,0
Carly Riggs,4103186720759146,"Merchant: Knight, Patterson and Rosario",online_shopping,15.26,9,1.52,1,0,1,0
Christopher Moore,4566196676015047,"Merchant: Brown, Lloyd and Johnson",grocery,88.59,12,9.4,0,0,0,0
Tina Hall,4401026557647569,"Merchant: Ray, Baxter and Mills",gas_station,45.57,4,0.1,0,0,1,0
Cody Davidson,4573297741050687,"Merchant: Waller, Kelly and Robinson",grocery,49.07,10,4.85,0,0,1,0
Allen Mendez,4902330946214709,"Merchant: Baker, Martin and Edwards",dining,65.07,5,6.56,1,0,3,0
Kevin Price,4165373053428904,"Merchant: Love, Butler and Lewis",travel,118.73,18,7.83,0,0,1,0
Christine Goodwin,4816293096150716,"Merchant: Robles, Sanders and Maynard",grocery,18.0,19,0.97,1,0,1,0
Amy Garcia,4661690367059045,Merchant: Anderson Inc,online_shopping,20.9,9,3.84,0,0,2,0
Chelsea Nguyen,4179779631994676,"Merchant: Myers, Mosley and Sullivan",travel,319.36,21,56.8,1,1,4,1
Dennis Huffman,4996087496122982,"Merchant: Thompson, Gill and King",grocery,34.97,14,2.27,0,0,2,0
Margaret Harper,4087884779888242,"Merchant: Ford, Wallace and Moore",grocery,65.66,13,16.15,0,0,1,0
Laurie Bailey,4759686862748234,Merchant: Hernandez-Rodriguez,grocery,27.8,7,56.5,0,0,1,0
Lisa Cervantes,4097154759501332,"Merchant: Erickson, Ramirez and Camacho",online_shopping,19.22,19,1.22,0,0,3,0
Elizabeth Mendez,4721156781408281,Merchant: Henderson PLC,online_shopping,13.68,8,19.36,0,0,2,0
Cesar Wilson,4464913716509422,Merchant: Young PLC,grocery,86.44,0,0.7,0,0,1,0
Clayton Steele,4159637813191517,Merchant: Harrison-Jones,electronics,17.52,13,3.35,1,0,1,0
Jennifer Taylor,4369004790464498,Merchant: Hobbs-Walker,electronics,13.9,20,7.14,0,1,1,0
Cody Reid,4058151939427898,Merchant: Foster Group,grocery,22.58,16,19.19,0,0,1,0
Maria Cooke,4192689009860685,Merchant: Lamb-Tucker,dining,15.4,9,7.94,0,0,3,0
Katherine Taylor,4441666117729423,Merchant: Gomez Inc,grocery,10.51,11,22.63,0,0,0,0
Jerry Brown,4670805858240495,Merchant: Reynolds-Johnson,online_shopping,21.72,22,2.76,0,0,0,0
Adam Taylor,4795724003031511,"Merchant: Mcneil, Gray and Powell",online_shopping,6.35,17,18.23,1,0,1,0
Tracey Wagner,4175989622494768,"Merchant: Martinez, Stout and Vega",grocery,42.01,13,0.62,1,0,3,0
Michael Perry PhD,4194958325199013,Merchant: Wright Ltd,grocery,26.07,19,5.32,0,0,2,0
Bradley Johnson DDS,4263349227770851,Merchant: Braun-Hudson,dining,19.37,7,4.78,0,0,3,0
Donald Medina,4268239554344823,Merchant: Dawson-Young,grocery,27.03,11,22.54,1,0,3,0
Jim Newton,4380115576941510,"Merchant: Jones, Hayes and Rivas",travel,17.6,14,14.08,1,0,1,0
Krista Wilson,4985532375083972,"Merchant: Day, Estrada and Smith",dining,18.89,9,18.89,1,0,0,0
Reginald Morrow,4175252324342136,Merchant: Rojas-Roberson,grocery,30.0,23,16.06,1,0,0,0
Rodney Williams,4796562807335004,"Merchant: Stephens, Liu and Benton",electronics,43.57,5,2.62,0,1,0,0
Kimberly Fritz,4455804829407821,"Merchant: Palmer, Carpenter and Joseph",online_shopping,12.54,8,3.69,1,0,0,0
Ronald Potter,4255872937062582,"Merchant: Winters, Duarte and Armstrong",gas_station,20.66,10,17.47,1,0,2,0
Zachary Cole,4360805582262315,Merchant: Morris Ltd,grocery,59.46,13,15.01,0,0,2,0
Robert Gonzales,4750115327034146,Merchant: Odonnell-Nolan,travel,39.28,9,21.45,1,0,1,0
Patricia Young PhD,4756886371379983,Merchant: Powell-Davis,grocery,19.73,4,3.4,0,0,1,0
Heather Page,4080538289812236,Merchant: Johnson Inc,grocery,11.05,8,3.31,1,0,1,0
Carol Taylor,4575376445125629,Merchant: Henson-Walker,grocery,185.15,15,6.46,1,0,1,0
Daniel Brown,4208346442996137,Merchant: Leonard PLC,grocery,13.13,14,9.33,1,0,4,0
Douglas Ryan,4718606993994515,"Merchant: Davis, Stanton and Gardner",dining,23.94,11,26.36,1,0,0,0
Michael Roberts,4683829216298602,Merchant: Daniels-Carpenter,online_shopping,17.26,6,8.49,1,0,1,0
Scott Duke,4278571036305693,Merchant: White Group,grocery,12.95,11,14.93,0,0,2,0
Anna Estes,4625096941235280,"Merchant: Allen, Green and Smith",dining,19.7,7,0.79,1,0,2,0
Tamara Riddle,4888608110714929,Merchant: Tucker-Alvarez,electronics,5.45,7,9.96,1,0,2,0
Beth Cline,4603680858844436,Merchant: Reed Inc,electronics,15.17,16,34.78,0,0,2,0
Michael Poole,4213267763831914,Merchant: Rodriguez and Sons,grocery,34.96,10,8.52,0,0,2,0
Megan Burns,4438430979756841,Merchant: Campbell Inc,gas_station,22.23,7,1.3,1,1,2,0
Debra Perry,4181801874729134,Merchant: Bond LLC,online_shopping,9.37,11,14.64,0,0,1,0
Mark Beard,4126597460302314,Merchant: Cobb-Castro,grocery,39.45,7,13.43,0,0,0,0
Jose Ramirez,4178170423275881,Merchant: Whitehead Group,grocery,28.58,14,30.41,0,0,2,0
Jackie Clements,4185920630416525,"Merchant: White, Burgess and Mullins",electronics,42.94,8,1.77,0,0,0,0
Aaron Schroeder,4261891095310015,Merchant: Aguilar-Howard,dining,12.31,14,7.67,1,0,0,0
Monica Ellis,4925136223801370,"Merchant: Copeland, Hines and Wood",online_shopping,63.73,1,0.66,0,0,1,0
Heather Brown,4209819401469618,Merchant: Hughes-Hayes,grocery,82.55,12,0.1,0,0,2,0
Claudia Jordan,4607727204509803,Merchant: Tucker-Ramirez,grocery,30.22,14,3.31,0,1,3,0
Derrick Clayton,4353335016262516,"Merchant: Gordon, Jefferson and Hebert",grocery,51.85,6,1.83,0,0,5,0
Kenneth Knight,4494617305151330,Merchant: Wallace-Cook,gas_station,1409.1,15,248.28,0,0,4,1
Mr. Michael Williams,4096730924074130,Merchant: Yates PLC,online_shopping,20.22,8,17.53,1,0,2,0
Richard Stevens,4966533903638579,Merchant: Howell PLC,online_shopping,9.98,13,12.01,0,0,2,0
Scott Alexander,4339195800084164,"Merchant: Richards, Gilbert and Myers",online_shopping,19.27,7,16.76,0,0,2,0
Tyler Harris,4675014683146507,Merchant: Miranda-Hansen,dining,8.38,10,3.23,0,1,2,0
Bonnie Santos,4394558464201816,"Merchant: Scott, Crane and Hunter",electronics,31.82,14,0.75,0,0,1,0
Timothy Hill,4232016519889065,"Merchant: Taylor, Rosales and Cuevas",electronics,58.58,10,13.96,1,0,0,0
Danielle Watson,4917507519267759,Merchant: Stafford LLC,online_shopping,18.86,7,18.62,0,0,0,0
Carol Sanders,4461622843965687,"Merchant: Butler, Green and Case",grocery,58.37,6,14.19,1,0,1,0
Michael Young,4202048710365344,"Merchant: Weeks, Moore and Gallagher",electronics,47.4,17,7.69,1,0,1,0
Michele Smith,4641442719745318,Merchant: Johnson-Jones,online_shopping,38.56,10,17.08,0,0,2,0
Casey Perez,4595508002906951,Merchant: Hays Inc,gas_station,34.92,8,10.66,0,0,1,0
Alexandra Dominguez,4735642729436108,"Merchant: Horton, Lee and Moss",grocery,9.67,4,3.24,0,0,0,0
Virginia Henderson,4982450814647021,Merchant: Miller Ltd,grocery,37.96,19,9.61,0,0,0,0
Benjamin Reyes,4607417060225252,"Merchant: Dyer, Taylor and Yu",online_shopping,33.99,14,4.04,1,0,0,0
Ashley Edwards,4313417622809549,Merchant: Ashley-Jackson,grocery,13.05,8,5.98,0,0,0,0
Breanna Ayala,4754016379058486,"Merchant: Abbott, Wallace and Anderson",electronics,52.03,14,13.66,0,0,1,0
Brandi Haney,4817393396910824,Merchant: Morales-Hines,dining,39.47,19,15.18,0,0,1,0
Joseph Smith,4561206464676473,Merchant: Hill Group,electronics,596.52,4,114.25,0,0,5,1
Jessica Bowen,4625084501439997,Merchant: Martin-Jackson,online_shopping,46.84,9,0.78,0,0,2,0
Brittany Jenkins,4570992861028553,"Merchant: Cardenas, Guzman and Cabrera",grocery,17.27,7,2.03,0,0,1,0
Shannon Miller,4438255203286590,"Merchant: Clark, Gilbert and Aguirre",grocery,24.65,19,23.92,1,0,2,0
Paul Lawrence,4819805283905300,Merchant: Price PLC,grocery,14.11,9,2.51,1,0,2,0
Victor Edwards,4730830388401670,Merchant: Garrison-Jacobs,dining,40.68,10,26.23,0,1,2,0
Donald Miller,4692191050719709,"Merchant: Carr, Thomas and Garcia",online_shopping,48.44,1,4.93,0,0,1,0
Lindsay Lawson,4744540691438764,Merchant: Mckinney-Hoffman,electronics,39.62,15,1.43,0,0,1,0
Melissa Abbott,4384315567695978,Merchant: Barrett and Sons,travel,39.1,15,12.96,0,0,0,0
Elizabeth Holmes,4962632732437031,"Merchant: Pearson, Yates and Buckley",grocery,10.87,5,17.95,0,0,2,0
Nicole Phillips,4905665141343077,Merchant: Floyd-Johnston,electronics,149.06,7,7.7,0,0,0,0
Steven Blevins,4832987681605196,"Merchant: Davis, Baker and Smith",dining,13.66,16,1.16,1,0,0,0
Brian Porter MD,4702423637437382,"Merchant: Stephenson, Oconnor and Baker",dining,20.71,6,2.11,0,0,3,0
Vanessa Hatfield,4131843413571685,Merchant: Hale-Shaw,dining,56.69,11,6.89,1,0,2,0
Bonnie Valencia,4611147620734782,Merchant: Thompson-Wilson,online_shopping,18.51,1,33.0,0,0,1,0
Holly Vega,4354145564731161,Merchant: Robinson-Parker,gas_station,53.15,9,0.58,0,0,2,0
Tiffany Townsend,4926637008894380,Merchant: Valdez-Choi,grocery,32.97,12,0.1,1,0,0,0
Austin Baker,4014857816560881,"Merchant: Smith, Miller and Ramirez",dining,59.0,14,3.8,1,0,1,0
Antonio Mccormick,4418902446288263,"Merchant: Phillips, Cochran and Meyers",dining,29.96,6,6.27,0,0,0,0
Lori Mason,4734608736314936,Merchant: Roman-Walters,electronics,27.18,13,0.94,0,0,1,0
Michael Miller,4813722938045034,Merchant: Gates LLC,grocery,46.73,12,1.39,0,0,0,0
Lisa Ramirez,4834911647649278,Merchant: Brown-Alexander,grocery,21.22,13,23.33,0,0,0,0
Jorge Harris,4868133722781814,"Merchant: Sullivan, Mercado and Hammond",online_shopping,20.76,11,3.19,0,0,2,0
Kimberly Myers,4539258830213670,Merchant: Sosa Ltd,dining,167.66,8,3.14,0,0,1,0
Sandra Becker,4603384178760287,"Merchant: Parks, Bell and Scott",travel,26.94,7,9.88,1,0,0,0
Michael Blair,4490726488105031,Merchant: Sims and Sons,dining,37.57,12,1.04,0,0,0,0
Amy Miller,4678128837939851,Merchant: Robinson Ltd,online_shopping,41.27,8,2.22,0,0,2,0
Jesse Lynch,4082278146953950,"Merchant: Shea, Howard and Sparks",online_shopping,16.36,17,26.19,0,0,3,0
Patrick Yang,4698232072486119,Merchant: Jones-Davies,dining,88.01,12,8.73,0,0,3,0
Michael Miles,4623067801946706,"Merchant: Martinez, Johnson and Williams",grocery,10.85,12,0.26,0,0,0,0
Troy Mills,4412804471208362,Merchant: Evans-Lane,dining,8.72,10,12.04,0,0,1,0
Michelle Jackson,4487485623788616,Merchant: Jones-Rosales,grocery,38.33,9,6.17,0,0,1,0
Richard Adams,4327760639513685,"Merchant: Graves, Rogers and White",grocery,30.1,10,0.43,0,0,3,0
Patricia Johnson,4657416984366332,"Merchant: Williams, Shannon and Ramirez",grocery,23.7,7,3.3,0,0,1,0
Denise Brown,4561845357777854,Merchant: Hayden-Diaz,gas_station,27.66,7,3.19,1,0,2,0
Laura Jones,4945836188374489,"Merchant: Moore, Mitchell and Whitaker",online_shopping,23.85,0,16.8,1,0,2,0
Ian Porter,4396042445025675,Merchant: Tyler PLC,online_shopping,21.22,5,23.62,1,1,0,0
Holly Scott,4217829598816109,Merchant: Day LLC,gas_station,159.47,15,31.76,1,0,0,0
Kenneth Sharp,4763294038043749,Merchant: Jones LLC,dining,18.02,22,25.12,1,0,1,0
Jordan Williams,4269808655108615,Merchant: Adams and Sons,online_shopping,18.09,20,8.67,0,0,1,0
Dana Ruiz,4078393132940279,Merchant: Walker-Smith,online_shopping,17.68,3,8.76,0,0,2,0
Chris Velazquez,4942501657555744,Merchant: Fernandez-Reyes,travel,11.01,9,0.81,1,0,0,0
Kristen Sloan,4328107056055734,Merchant: Fuentes and Sons,online_shopping,7.3,17,6.85,0,0,0,0
Jennifer Morris,4109600661615319,"Merchant: Murphy, Wagner and Tucker",online_shopping,126.71,8,44.88,0,0,1,0
Nathan Nelson,4660244569791814,"Merchant: Aguirre, Hanson and Rosales",grocery,26.68,19,31.8,1,0,1,0
Jake Shaw,4336975755460680,Merchant: Gonzalez and Sons,online_shopping,66.35,13,0.5,0,0,3,0
Cassie Brock,4426053388249960,Merchant: Giles-Burke,gas_station,30.41,19,43.14,1,0,1,0
Dr. Andrea Marshall,4608187588041403,Merchant: Brown Ltd,online_shopping,14.42,14,5.69,0,0,1,0
Ryan Murphy,4634874512619374,Merchant: Brewer-Jones,grocery,12.85,14,24.67,0,0,2,0
Aimee Gonzalez,4229309443121340,Merchant: Hardin and Sons,grocery,36.89,20,22.38,0,0,0,0
Elizabeth Dean,4579990072566875,Merchant: Wood-Smith,online_shopping,23.71,16,10.5,0,0,2,0
Kevin Snyder,4306365783715105,Merchant: Reid Group,online_shopping,132.36,7,31.73,0,0,0,0
Christie Mccullough,4136777679593220,Merchant: Lowe Ltd,online_shopping,34.89,12,29.27,0,1,2,0
Danielle Smith,4967371967557917,Merchant: Anderson Group,online_shopping,28.78,10,16.47,1,0,1,0
David Reed,4094540289443883,Merchant: Williams Ltd,electronics,54.23,17,0.43,0,0,0,0
Sherry Tapia,4697694136674884,"Merchant: Henderson, Parker and Harrison",travel,37.59,7,1.19,0,0,2,0
Matthew Sweeney,4899690878639149,Merchant: Lozano Group,grocery,38.59,0,5.98,1,0,0,0
Ashley Moreno,4835909490444747,"Merchant: Smith, Cortez and Goodwin",online_shopping,76.04,11,0.11,1,0,1,0
Johnathan Brown,4707254452786107,Merchant: Martinez-Bennett,online_shopping,61.49,13,14.43,1,0,1,0
Michelle Davis DVM,4472874075193911,"Merchant: Mack, Reid and Campbell",online_shopping,40.76,14,0.97,0,0,1,0
Kelly Haynes,4603782803568993,Merchant: Pineda and Sons,grocery,39.19,10,16.61,0,0,0,0
William Miller,4085877707501392,Merchant: Villa PLC,online_shopping,11.41,11,1.1,0,0,0,0
Casey Wilkins,4925679746317713,Merchant: Salazar-Smith,dining,70.77,12,26.21,0,0,0,0
Keith Graham,4266786163386381,Merchant: Berg-Green,electronics,23.11,13,18.0,0,0,2,0
Cynthia Green,4303262498640947,Merchant: Herrera PLC,grocery,21.56,8,18.37,1,0,0,0
Robert Haynes,4654977053644340,Merchant: Wong-Cervantes,online_shopping,31.21,14,1.27,0,0,1,0
Emily Nelson,4412176208012890,Merchant: Murray-Gross,online_shopping,8.07,13,0.76,1,0,0,0
Dale Chan,4482800920536507,"Merchant: Wilcox, Wilson and Brady",online_shopping,10.1,15,13.73,0,0,0,0
Brittney Martin,4568696900192338,Merchant: Higgins-Reid,grocery,33.27,9,9.33,1,0,1,0
Jason Herrera,4524041575842763,Merchant: Park LLC,online_shopping,103.11,7,11.61,1,0,1,0
Christine Parker,4127793333569424,"Merchant: Harris, Cohen and Ballard",electronics,76.88,19,6.38,0,0,1,0
Bryan Moore,4184457661629503,Merchant: Montes Group,grocery,33.76,1,10.2,1,0,0,0
Samantha Terry,4410318417326529,Merchant: Burke PLC,grocery,16.48,17,10.91,0,0,0,0
Russell Murphy,4465546120384674,Merchant: White-Hughes,grocery,20.47,12,6.22,0,0,1,0
David Kelly,4644019892891437,Merchant: Choi-Fitzpatrick,online_shopping,20.69,16,54.96,1,0,0,0
Megan Green,4354256286078136,Merchant: Smith Ltd,grocery,20.59,9,12.54,0,0,3,0
Amanda Sullivan MD,4751340749185057,Merchant: Jackson-Williams,gas_station,32.67,16,5.31,0,0,0,0
Danielle Murray,4405546512069068,Merchant: Lee LLC,dining,22.19,13,1.18,1,0,0,0
Brenda Smith,4195973725303155,"Merchant: Bennett, Santos and Carpenter",electronics,11.59,3,5.94,1,0,3,0
Vickie Anderson,4643944280540091,Merchant: Fisher PLC,dining,62.37,13,49.53,1,0,3,0
Jacqueline Mccoy,4319507873053906,Merchant: Rice-Rodriguez,online_shopping,7.14,10,7.04,0,0,3,0
Lauren Green,4343292620555566,Merchant: Buckley PLC,online_shopping,11.39,16,52.32,1,0,0,0
Alison Brown,4849756578339396,Merchant: Kelly Ltd,electronics,16.68,17,31.92,0,0,2,0
Jill Anderson,4310951888578789,Merchant: Rice Inc,online_shopping,22.49,8,4.41,0,0,0,0
Sandra Rivera,4809572839783019,Merchant: Taylor Ltd,grocery,25.07,15,25.9,0,0,0,0
Joel Jackson,4598460745625679,"Merchant: Summers, Lewis and Nolan",dining,7.03,19,17.11,1,0,1,0
Samantha Foster,4327188758750989,Merchant: Liu Inc,online_shopping,15.52,18,43.0,0,0,1,0
Michael Thompson,4207520469074397,"Merchant: Russell, Duffy and Marquez",grocery,7.73,11,6.81,0,0,1,0
Cody Ramirez,4648477392024444,"Merchant: Ellis, Jacobs and Hubbard",grocery,40.01,9,1.32,0,1,0,0
Amanda Harvey,4731971890112030,Merchant: Oconnor-Mitchell,grocery,34.25,15,12.8,0,0,0,0
Edward Jenkins,4729169426166646,"Merchant: Clark, Huang and Brown",online_shopping,32.66,6,2.6,0,0,0,0
Amy Ramirez,4107935275652080,Merchant: Kline-Smith,online_shopping,23.04,12,34.96,0,0,0,0
Curtis Wilkerson,4130016183215293,"Merchant: Brown, Smith and Rubio",travel,44.89,14,32.01,1,0,0,0
Lydia Pham,4074166430860421,Merchant: Schroeder-Jones,electronics,60.18,13,27.94,1,0,0,0
Virginia Casey,4167232464471069,Merchant: Pearson Inc,online_shopping,24.37,5,13.41,0,0,0,0
Joshua Washington,4606737788921416,Merchant: Lewis-Blanchard,grocery,56.01,7,10.65,0,0,0,0
Kathryn Price,4007290847980119,Merchant: Walker LLC,gas_station,42.21,15,2.65,1,0,1,0
Francis Robinson,4056476585757906,Merchant: Jimenez Inc,gas_station,10.18,11,1.55,1,0,0,0
Paula Brown,4367594791099998,Merchant: Pierce-Jones,dining,50.89,12,9.38,0,0,1,0
Kendra Wang DVM,4784865230804536,Merchant: Ray Ltd,online_shopping,30.71,19,19.32,1,0,0,0
Ariel Sandoval,4430498207000264,"Merchant: Hendricks, Martinez and Carpenter",dining,32.3,15,4.61,1,0,0,0
Robert Stark,4554753964163824,Merchant: Johnson-Perez,electronics,33.9,9,7.35,0,0,0,0
Zachary Robinson,4117230358217268,Merchant: Campbell-Jones,grocery,9.89,16,7.17,0,0,3,0
Rebecca Kelly,4308048088611256,Merchant: Garner and Sons,grocery,14.12,11,80.29,0,0,2,0
Sarah Thompson,4443065772112710,"Merchant: Powell, Washington and Lewis",dining,37.6,14,4.36,1,0,1,0
Renee Wolfe,4810981766352150,Merchant: Smith LLC,grocery,30.29,14,23.99,0,0,0,0
Alyssa Haynes,4673711070686860,Merchant: Brown-Ross,dining,27.64,10,2.17,0,0,3,0
Kristy Hart,4641473594689537,Merchant: Kennedy Group,grocery,32.97,17,11.95,0,0,2,0
William Keith,4425257768997731,Merchant: Munoz Inc,travel,29.15,13,5.72,0,0,4,0
Eric Henry Jr.,4166032370140951,"Merchant: Gibbs, Levine and Wyatt",online_shopping,20.37,3,10.13,1,0,1,0
Daniel Fox,4715199632304778,Merchant: Johnson PLC,grocery,22.06,2,20.56,0,0,0,0
Thomas Harris,4596115953384169,Merchant: Foley Group,grocery,55.18,8,13.15,1,0,1,0
Mitchell Sellers,4906288156603092,"Merchant: Ellison, Ashley and Doyle",online_shopping,49.31,10,7.38,1,0,2,0
Erica Johnson,4518343493635685,"Merchant: Carter, Johnson and Marks",travel,75.34,14,8.09,1,0,0,0
Sylvia Schroeder,4877934724416765,Merchant: Walker Ltd,electronics,23.14,10,9.57,1,0,0,0
Shannon Yu,4187430964742932,Merchant: Wright Ltd,grocery,18.77,11,5.4,0,0,1,0
Tom Foster,4683487092951628,Merchant: Barton-Vargas,online_shopping,30.77,19,1.64,1,0,1,0
Eric Taylor,4845482627733125,Merchant: Williams-Mcmillan,travel,41.93,11,5.94,1,0,4,0
Travis Conner,4812876634041977,Merchant: Meyer Ltd,grocery,22.48,12,32.95,0,0,2,0
Marie Thompson,4476522469685168,"Merchant: Cross, Wilson and Gray",gas_station,27.38,10,0.1,0,0,1,0
Melissa Mcfarland,4175171352845473,Merchant: Scott-Williams,grocery,33.0,18,0.91,0,0,3,0
Courtney Chapman,4500574580766484,Merchant: Harris Group,grocery,37.08,17,1.21,0,0,0,0
Eric Barker,4841383127607831,"Merchant: Brown, Salazar and Anderson",dining,35.71,12,9.29,0,0,1,0
Nicholas Rush,4594822452488167,"Merchant: Waters, Crawford and Parker",travel,39.84,11,5.31,1,0,0,0
Jenna Gamble,4353417654614115,Merchant: Bender PLC,electronics,36.17,5,3.9,0,0,1,0
Amanda Guzman,4014739129835848,"Merchant: Hawkins, Gray and Hardy",online_shopping,22.78,14,0.23,1,0,3,0
Tracy Walker,4801277127715685,Merchant: Chan-Landry,grocery,8.64,9,1.94,0,0,2,0
Taylor Taylor,4390917447940805,"Merchant: Chapman, Gonzalez and Brown",grocery,79.92,9,16.31,0,0,0,0
Cynthia Haas,4089229064199657,Merchant: Hebert-Wagner,grocery,15.07,8,20.74,0,0,1,0
Stephen Davis,4029376452658720,"Merchant: Wise, Oneill and Phillips",online_shopping,11.4,20,36.67,0,0,2,0
Margaret Tanner,4238656260080598,"Merchant: Smith, Gonzales and Frey",electronics,22.89,12,6.16,0,0,0,0
Derek Wright,4188800300537825,Merchant: Dean-Moss,dining,15.14,15,1.11,0,0,3,0
David Rodriguez,4872203071081696,Merchant: Ortiz Ltd,gas_station,46.85,10,2.25,0,0,2,0
James Oconnor,4239766215415192,Merchant: Williams-Salas,online_shopping,100.28,14,3.7,1,0,1,0
Stacey Snyder,4702729294286353,Merchant: Young-Fernandez,grocery,34.48,6,8.34,0,0,0,0
Joshua Garcia,4492638987495599,Merchant: Edwards LLC,grocery,9.66,17,11.45,1,0,0,0
Sean Curtis,4092335588572835,"Merchant: Hood, Porter and Oconnor",dining,150.53,12,6.59,0,0,1,0
Carla Jones,4638916190558758,Merchant: Mitchell-Pollard,dining,15.25,9,1.32,1,0,1,0
Elizabeth Flores,4029614990941673,"Merchant: White, Wilkinson and Padilla",online_shopping,38.03,3,19.57,0,0,0,0
Angela Jackson,4202798914548117,Merchant: Klein-Jackson,dining,89.83,16,3.91,1,0,0,0
Nicholas Payne,4728458487494000,Merchant: Campbell PLC,grocery,30.26,8,6.96,0,0,0,0
Anna Wheeler,4628865807200803,Merchant: Burns Ltd,electronics,74.62,16,0.21,0,0,2,0
Karen Johnson,4701974357529254,Merchant: Gentry-Goodman,electronics,37.89,14,15.86,0,0,1,0
Carmen Preston,4568084690015813,Merchant: Sanchez-Lopez,grocery,276.43,3,35.4,1,0,3,1
Brian Harris,4362424947002511,"Merchant: Robinson, Russell and Johnson",travel,557.12,0,6.37,0,0,6,1
Michael Bowen,4672446095772483,Merchant: Mayer Ltd,grocery,35.57,13,20.79,1,0,0,0
Deborah Campbell,4747630835728902,Merchant: Navarro and Sons,electronics,19.61,7,6.32,0,0,3,0
Anthony Armstrong,4006347418042025,Merchant: Lee Ltd,gas_station,54.54,8,19.12,0,0,2,0
Brittany Ward,4305975733682873,Merchant: Reese Ltd,grocery,35.06,12,1.3,0,0,1,0
Edward Stanley,4575552586856855,Merchant: Moore-Mitchell,dining,33.13,18,25.73,1,0,1,0
Christina Johnson,4664878264871300,"Merchant: Coleman, Collins and Sharp",dining,10.23,10,15.84,0,0,4,0
Edgar Miller,4025546453347986,Merchant: Jimenez-Miller,grocery,22.78,16,1.39,1,0,2,0
Elizabeth Sanders,4294844704145059,Merchant: Myers-Ritter,online_shopping,37.84,7,3.58,0,0,0,0
Matthew Davis MD,4337069511819618,Merchant: Martin-Paul,travel,9.19,16,10.86,0,0,3,0
Stephen Wood,4875955942298133,"Merchant: Jones, Nunez and Cox",grocery,9.18,12,43.19,0,0,0,0
Dennis Marshall,4241997711801678,Merchant: Hardin-Cruz,grocery,126.86,14,8.66,0,0,1,0
Derrick Brown,4436048909859279,Merchant: Mcpherson LLC,online_shopping,269.46,8,9.33,0,0,4,0
Mary Miller,4436947493476889,Merchant: Sosa-Barry,dining,30.91,6,7.55,1,0,0,0
Joshua Arellano,4861618776458084,Merchant: Burns Group,dining,47.26,9,0.92,0,0,2,0
Kristen Randall,4319652179005315,"Merchant: Williams, Carson and Roberts",dining,157.35,13,2.36,0,0,0,0
Jennifer Nichols,4605574028459589,"Merchant: Nixon, Cox and Harrell",grocery,30.15,15,7.47,0,0,2,0
Karen Keith,4695591268130788,"Merchant: Jackson, Smith and Espinoza",online_shopping,4.13,7,15.93,0,0,0,0
Blake Orr,4731835941234590,"Merchant: Ramos, Winters and Smith",electronics,15.36,11,22.88,1,0,1,0
Kathryn Lester,4325802455711621,Merchant: Watkins PLC,dining,15.87,14,10.16,0,0,1,0
Megan Oliver,4435149286327020,Merchant: Walsh LLC,online_shopping,31.25,11,15.61,0,0,0,0
Peter Thompson,4174028106076345,Merchant: Richards PLC,grocery,22.83,6,16.46,0,0,1,0
Dr. Rhonda Martinez,4334602633564168,"Merchant: Lee, Lewis and Wade",online_shopping,77.86,8,9.46,0,0,2,0
William Graham,4987025215143518,Merchant: Hensley-Stuart,travel,73.82,19,5.24,1,0,1,0
Lori Flowers MD,4236850448526026,Merchant: Weber-Reynolds,electronics,10.14,13,2.29,0,0,2,0
Suzanne Jones,4547224055306110,Merchant: Goodwin PLC,grocery,14.61,11,15.72,1,0,2,0
James Nguyen,4900458927523400,Merchant: Anderson and Sons,grocery,25.52,13,26.71,0,0,2,0
Jimmy Marks,4056833555638591,"Merchant: Smith, Mcmahon and Davis",dining,35.85,18,17.03,0,0,2,0
Lisa Mills,4828439974869804,Merchant: Baxter-Ferguson,grocery,10.08,17,10.84,1,0,1,0
Jason Hernandez,4557338079266097,Merchant: Blankenship-Sparks,travel,95.14,10,5.89,0,0,1,0
Olivia Ayers,4044750175056654,Merchant: Nelson LLC,grocery,29.24,11,3.92,0,0,1,0
Kristine Garcia,4899065869722321,Merchant: Moore Ltd,grocery,23.18,11,8.86,0,1,4,0
Joseph Cooper,4204300631910692,"Merchant: Schmidt, Robinson and Johnson",grocery,94.77,12,41.25,0,0,0,0
James Washington,4136359114202863,Merchant: Watts PLC,electronics,9.06,20,12.72,0,0,2,0
Amanda Hill,4223286140245422,Merchant: Camacho Ltd,gas_station,45.35,16,13.46,0,0,0,0
Lee Steele,4492243023200010,Merchant: Drake-Sanders,grocery,20.84,10,6.42,1,0,1,0
Steve Rivera,4278928243509790,"Merchant: Paul, Vargas and Romero",grocery,13.55,14,40.0,0,0,0,0
Patrick Mccall,4353295617629481,Merchant: Ramos-Dawson,grocery,11.74,11,17.27,0,0,1,0
Alicia Roth,4676408977953611,Merchant: Miller Ltd,online_shopping,128.75,15,12.68,0,0,0,0
Douglas Vasquez,4083070906336024,Merchant: Thomas LLC,dining,10.49,7,8.69,0,0,0,0
Annette Melton,4315672617362924,"Merchant: Obrien, Reed and Gardner",dining,12.59,7,3.38,0,0,1,0
William Ramos,4598977738243822,Merchant: Hill-Hahn,grocery,59.34,10,21.84,0,0,0,0
Debra Butler,4462922228338131,"Merchant: Rosales, Wise and Quinn",online_shopping,20.29,1,7.72,1,0,2,0
Chelsea Lewis,4223590627094017,Merchant: Smith and Sons,online_shopping,96.22,6,3.71,1,0,0,0
Natalie Malone,4412452292456701,"Merchant: Robinson, Burton and Oconnell",gas_station,51.86,14,21.29,1,0,0,0
Samantha Robertson,4935046293374158,Merchant: Moreno-Shaw,electronics,20.89,14,3.7,1,0,2,0
Eric Hunter,4583387895919056,Merchant: Hubbard-Reyes,online_shopping,84.87,10,3.3,1,0,1,0
Samuel Suarez,4094587595082574,Merchant: Rodriguez-Parker,grocery,55.06,19,5.47,1,0,3,0
Corey Whitaker,4323007086186944,"Merchant: Hunt, Casey and Jones",electronics,154.77,23,7.63,0,0,0,0
Danielle Bryant,4674752914835650,"Merchant: Huerta, Graves and Montoya",grocery,16.13,7,37.27,0,0,0,0
Michele Hill,4869227025254112,"Merchant: Robinson, Hernandez and Martinez",travel,8.77,12,9.25,0,0,0,0
Kathy Reid,4556241266768092,Merchant: Rowland-Robertson,online_shopping,15.85,17,0.28,0,0,2,0
Andre Watson,4059647033642455,Merchant: Wood-May,online_shopping,237.45,1,55.79,1,0,1,1
Cassandra Harrell,4206543261434032,"Merchant: Barton, Peck and Edwards",grocery,23.72,17,3.33,0,0,1,0
Hannah Martin,4152431091568308,"Merchant: Robles, Arias and Wilson",grocery,77.64,18,2.17,0,1,5,0
Nicole Barker,4312252649747872,"Merchant: Ortiz, Burns and Allen",gas_station,19.57,0,2.14,1,0,1,0
James Martin,4676442863070784,Merchant: Nelson and Sons,dining,68.0,20,8.55,0,0,4,0
Traci Vincent,4010124480569423,"Merchant: Hubbard, Rice and Baker",grocery,47.94,19,14.34,1,0,0,0
Megan Adams,4187490044910073,"Merchant: Ayala, Payne and Little",online_shopping,29.32,3,7.47,1,0,4,0
Alejandro Deleon,4314920499306407,Merchant: Martin LLC,online_shopping,12.97,16,8.06,0,0,3,0
Alexa Buck,4121070431055036,"Merchant: Gregory, Woodward and Decker",electronics,39.63,13,5.5,1,0,1,0
Lindsay Smith,4588785066067511,Merchant: Larson-Taylor,dining,32.23,11,1.51,0,0,1,0
Robert Torres,4148351560951420,"Merchant: Ferguson, Wood and Taylor",electronics,26.62,16,18.38,0,0,2,0
Maria Coleman,4702153861151116,"Merchant: Garcia, Marshall and Silva",grocery,43.21,13,13.9,0,0,2,0
Gregory King,4271435934106164,"Merchant: Deleon, Price and Johnson",online_shopping,45.8,7,7.46,0,0,1,0
Michael Holloway,4047255310737124,"Merchant: Green, Foster and Morales",dining,69.73,11,1.7,0,0,4,0
Brian Hunt,4072508452408864,Merchant: Brown LLC,travel,18.77,15,1.78,0,0,1,0
Sarah Brooks,4969253360109991,"Merchant: Ward, Foster and Casey",dining,113.13,14,33.12,0,0,3,0
Lisa Evans,4191400998129715,Merchant: Stephens Ltd,gas_station,87.34,6,1.68,0,0,2,0
Arthur Mcneil,4288741594925434,Merchant: Vasquez LLC,dining,47.08,17,1.75,0,0,1,0
Shannon Green,4502664273869667,"Merchant: Russo, Smith and Pugh",dining,19.81,14,2.58,0,0,1,0
Stephanie Evans,4811051292724303,Merchant: Lawrence-Colon,online_shopping,44.13,13,12.32,1,0,3,0
Ralph Yoder,4777983677810707,Merchant: Cook-Warner,grocery,23.9,15,1.05,0,0,1,0
Rebekah Greene,4408935133157922,Merchant: Everett PLC,dining,61.95,9,1.0,0,0,0,0
Melanie Griffith,4823661620172953,"Merchant: Lee, Daniels and Adams",grocery,25.03,2,8.32,0,1,0,0
Yolanda Green,4266086961108404,Merchant: Woods and Sons,travel,39.21,4,36.08,1,0,0,0
James Johnson,4909276736086331,"Merchant: Smith, Butler and Wilson",dining,15.98,11,1.49,0,0,0,0
Laura Lee,4995066676055080,"Merchant: Marquez, Cole and Andrews",grocery,27.68,20,5.85,1,0,1,0
Courtney Nichols,4050908306925095,Merchant: Nguyen-Barnett,grocery,17.09,5,22.72,0,0,0,0
Susan Powers,4556441994124366,Merchant: Nelson-Spencer,travel,21.66,9,2.98,0,0,1,0
Sarah Pittman,4605029990761918,"Merchant: Howell, Holloway and Delgado",dining,8.32,11,3.16,0,0,1,0
Catherine Davis,4498367849032176,"Merchant: Leon, Lucas and Key",online_shopping,52.5,14,7.04,0,0,0,0
David Stokes,4491176755004377,Merchant: Williams LLC,grocery,40.32,5,14.15,0,0,1,0
Catherine Frazier,4315752295083867,Merchant: Perez Inc,grocery,26.97,9,8.17,0,0,1,0
Brandon Kelly,4390367486756755,"Merchant: Wilkerson, Miranda and Bennett",grocery,23.82,12,26.51,1,0,2,0
Elizabeth French,4515347439270815,"Merchant: Hawkins, Grant and Branch",dining,12.82,22,36.84,0,0,1,0
David Carter,4078003781010320,Merchant: Ryan Group,dining,12.24,14,2.03,0,0,1,0
Julie Delacruz,4823416099097573,Merchant: Cox LLC,grocery,45.32,12,0.6,0,0,1,0
Terry Jones,4166190764449048,Merchant: Mcconnell-Green,grocery,258.22,7,25.4,1,0,1,0
Kathryn Dillon,4946162227726103,Merchant: Robinson-Reynolds,grocery,11.28,18,10.05,1,0,1,0
Edwin Brown,4402602846559218,"Merchant: Maxwell, Martin and Rose",grocery,29.21,9,5.82,0,0,0,0
Brenda Gonzalez,4688649933974532,Merchant: Elliott Group,dining,19.83,14,41.97,0,0,0,0
Keith Knox,4802384876144437,Merchant: Malone-Lewis,grocery,45.11,9,28.54,0,0,1,0
Eugene Baldwin,4736090857537942,Merchant: Robertson Group,grocery,96.15,12,9.74,0,0,0,0
Katherine Welch,4631834290024927,Merchant: Mckenzie LLC,grocery,8.85,11,2.83,1,0,3,0
Mark Smith,4852346151216767,Merchant: Woodard Group,travel,20.73,8,6.48,0,0,0,0
Philip Jackson,4896010665897821,Merchant: Young and Sons,dining,10.44,10,1.86,1,0,1,0
Katherine Gallagher,4256582938540440,"Merchant: Cook, Woodard and Garcia",online_shopping,25.74,7,1.95,0,0,2,0
Lucas Schultz,4039863834669085,Merchant: Fernandez PLC,grocery,16.61,0,4.86,1,0,2,0
Vincent Reyes,4449860296532839,Merchant: Moore Group,electronics,15.42,7,6.9,0,0,0,0
Curtis Watson,4530707919048786,"Merchant: May, Foster and Tate",dining,25.88,11,18.42,0,0,3,0
Frank Whitaker,4015083345129820,"Merchant: Higgins, Davis and George",grocery,11.41,17,22.69,0,0,3,0
Michael Sims,4541833788147421,Merchant: Rivas-Miller,grocery,39.31,7,0.65,0,0,0,0
Michael Cooper,4074382039500785,"Merchant: Hester, Brown and Bradshaw",dining,11.04,9,43.82,0,0,1,0
James Chapman,4775500535760361,Merchant: Hill Group,dining,37.39,15,8.41,0,0,1,0
Rodney Evans,4336142474151633,"Merchant: Mcdonald, Hawkins and Maxwell",gas_station,23.19,17,61.48,1,0,2,0
Nicholas Carlson,4956614824364859,"Merchant: Graham, Williams and Fox",online_shopping,30.36,18,11.93,1,0,1,0
Stephen Cowan,4782757730614600,Merchant: Spears-Calhoun,dining,116.94,11,10.11,0,0,3,0
Steven Howard,4741964000925688,"Merchant: Irwin, Brown and Castillo",electronics,123.53,12,22.6,0,0,1,0
Travis Hull,4596278387776549,"Merchant: Walters, Nichols and Clark",travel,21.19,19,16.36,0,0,0,0
Darryl Acosta,4234714513740288,Merchant: Hughes Ltd,electronics,26.13,18,8.94,0,0,2,0
Nicholas Lawrence,4656529367562755,Merchant: Peck-Cook,grocery,17.95,12,0.41,1,0,1,0
Jacob Santos,4540349893975953,"Merchant: Davis, Daniels and Holloway",grocery,63.98,9,2.0,0,0,0,0
Shawn Scott,4364220947054470,"Merchant: Ford, Arnold and Brandt",grocery,15.98,10,55.02,0,0,1,0
Amber Vang,4583901876927043,Merchant: Oconnell and Sons,online_shopping,6.34,15,14.74,0,0,0,0
Martha Smith,4885287158344304,Merchant: Powell and Sons,gas_station,21.59,13,3.51,0,0,0,0
Jennifer James,4997385442402949,Merchant: Reynolds-Coleman,online_shopping,21.12,12,34.28,0,0,1,0
Kara Hernandez,4468869890876340,Merchant: Walker Inc,dining,78.07,11,33.25,0,0,3,0
Lorraine Turner,4724771157873780,Merchant: Carlson-Baker,dining,6.4,1,0.82,0,0,0,0
Mary Nelson,4561621736713872,Merchant: Johnson LLC,gas_station,51.23,14,14.64,1,0,2,0
Breanna Rivas,4140319166616240,"Merchant: Williamson, Delacruz and Baker",grocery,35.24,13,2.4,0,0,0,0
Nathan Wilson,4988967621822475,Merchant: Navarro and Sons,grocery,26.02,16,6.55,1,0,2,0
Brian Gonzalez,4247686707167145,Merchant: Edwards and Sons,dining,4.84,7,36.1,0,0,1,0
Dennis Mills,4792578523529807,"Merchant: Christensen, Perry and Powell",grocery,39.46,17,23.57,0,0,1,0
Michael Phillips,4934137345424710,Merchant: Pittman Group,grocery,18.26,14,11.66,1,0,0,0
Jon Clark,4558221819517194,Merchant: Baker-Farmer,grocery,26.25,4,5.51,1,0,2,0
Erin Smith,4706776931316453,"Merchant: Thomas, West and Castillo",grocery,18.65,3,27.38,0,0,1,0
Susan Conley,4833642550353324,Merchant: Glenn PLC,online_shopping,112.64,0,157.94,1,0,2,1
Brittany Davis,4012546759149990,"Merchant: Sanchez, Bennett and Stewart",online_shopping,30.89,11,9.71,1,0,3,0
Misty Garcia,4977031705682587,Merchant: Martin-Nunez,grocery,12.25,9,16.79,1,0,0,0
David Hinton,4201435456367983,"Merchant: Barnett, Peterson and Dunn",online_shopping,214.92,7,6.05,0,0,0,0
John Garcia,4686364449810632,"Merchant: Gonzalez, Frank and Young",travel,30.88,8,18.03,0,0,1,0
Andrew Roberts,4673920604294295,Merchant: Keller PLC,dining,13.42,9,3.41,1,0,1,0
Emily Rodgers,4119247435069783,Merchant: Foley-Powell,grocery,9.6,14,10.55,0,0,2,0
Peter Williams,4099387211203828,"Merchant: Simmons, Richmond and Reynolds",online_shopping,26.05,17,8.06,1,0,0,0
Mary Jackson,4990150595476166,Merchant: Harris and Sons,grocery,26.46,11,13.79,1,0,0,0
Jeffrey Howell,4680304005468017,"Merchant: Nguyen, Bradshaw and Cook",grocery,20.78,12,7.98,0,0,1,0
Anna Briggs,4143360574321111,"Merchant: Harrison, Bradshaw and Davis",grocery,12.32,10,11.64,0,0,1,0
James Rivers,4495992917919690,"Merchant: White, Garcia and Harper",online_shopping,54.35,20,0.69,0,0,3,0
James Jefferson,4913641765920599,Merchant: Thompson-Jacobs,grocery,37.69,8,11.69,1,0,1,0
Mariah Robles,4836090168011537,Merchant: Bruce LLC,online_shopping,7.88,10,12.51,0,0,1,0
Michael Brown,4096439453497320,"Merchant: Bennett, Martin and Johnson",dining,30.68,6,24.0,0,0,0,0
Caitlin Perry,4096015353053254,Merchant: Moran-Woods,online_shopping,19.44,23,31.32,0,0,4,0
Rebekah Gregory,4248888049704648,Merchant: Johnson-Johnson,dining,45.7,16,1.34,1,0,1,0
James Howard,4551693240574118,Merchant: Zamora-Rivera,online_shopping,31.63,2,3.14,0,0,2,0
Michael Roberson,4539103891667705,Merchant: Hernandez-White,dining,34.7,20,12.03,0,0,1,0
Bianca Knapp,4218586804394292,Merchant: Logan-Ramirez,dining,22.6,12,0.39,0,0,2,0
Jason Williams,4088925857839802,Merchant: Bond-Banks,online_shopping,17.36,19,26.83,1,0,2,0
Ernest Bush,4703773120588698,"Merchant: Dean, Martin and Clements",grocery,30.57,16,10.86,0,0,3,0
Patricia Ray,4853074878134092,Merchant: Colon-Conley,gas_station,45.02,6,0.55,0,0,0,0
Vanessa Santiago,4140501813617008,Merchant: Roberts-Johnson,gas_station,30.15,10,0.66,1,0,0,0
Joseph Haynes,4485412348109458,Merchant: York LLC,dining,30.43,8,3.28,0,0,0,0
Matthew Wright,4553962556144123,Merchant: Turner PLC,grocery,42.12,7,5.13,0,1,3,0
Michael Cruz,4010932152941765,Merchant: Powers-Stevens,electronics,27.85,18,2.86,0,0,2,0
Kristin Huerta,4114832409652618,Merchant: Martin LLC,electronics,45.73,8,16.54,0,0,1,0
Mason Moore,4166948100112335,Merchant: Harrell LLC,grocery,19.56,23,13.57,0,0,1,0
Sarah Booth,4167965567323832,"Merchant: Nixon, Jenkins and Taylor",grocery,11.05,7,25.34,0,0,0,0
John Allen,4841434462280740,Merchant: Johnson-Bell,grocery,62.5,15,6.21,0,0,2,0
Amber Walker,4538905950942816,Merchant: Salazar Inc,grocery,30.69,23,19.75,0,0,2,0
Jennifer Young,4836257721087276,Merchant: Ellis-Cox,dining,91.75,17,17.58,0,0,1,0
Robert West,4105915798155516,Merchant: Robinson-Wagner,grocery,16.41,8,15.07,0,0,2,0
Jillian Wilson,4955296435221735,"Merchant: Luna, Wagner and Mahoney",grocery,77.4,13,6.35,1,0,2,0
Matthew Garcia MD,4842487298020291,Merchant: Nichols PLC,electronics,19.84,17,17.09,0,0,2,0
April Davis,4726513420457811,Merchant: Combs-Carlson,grocery,10.06,10,9.71,0,0,2,0
Lisa Torres,4145625303024139,Merchant: Little-Day,gas_station,107.99,8,11.87,0,0,1,0
Christine Powers,4011314644214375,"Merchant: Gregory, Mathis and Lowery",dining,68.13,19,1.77,1,0,1,0
Heidi Brown,4805592277026048,"Merchant: Jones, Roberts and Burke",online_shopping,20.35,16,20.06,1,0,3,0
Jesse Castro,4697998725696418,"Merchant: Valenzuela, Brooks and Hunter",gas_station,19.3,14,6.83,0,0,0,0
Kara Sandoval,4350764996727631,Merchant: Robles-Chapman,online_shopping,7.97,19,3.25,0,0,4,0
Ashley Malone,4968007119475058,Merchant: Flores Ltd,grocery,10.76,13,14.24,1,0,2,0
Glenn Gallegos,4201127042259333,Merchant: Brown LLC,dining,6.78,14,0.57,0,0,1,0
Dorothy Boyd,4381433161669746,Merchant: Harris LLC,dining,22.79,11,3.99,1,0,3,0
Amber Martin,4697071198951114,Merchant: Perkins Inc,grocery,40.66,8,10.78,0,0,1,0
Mitchell Griffith,4787239037155863,Merchant: Rodriguez-Baker,dining,10.3,23,12.51,0,0,1,0
Levi Lopez,4264236245884690,"Merchant: Holloway, Martinez and Williams",electronics,26.27,14,65.75,1,0,0,0
Jenna Bryant,4714787508057115,Merchant: Howard PLC,gas_station,30.47,16,32.89,0,0,1,0
Michelle Rodriguez,4844400274894249,Merchant: Baker-Martinez,grocery,14.78,16,3.09,1,0,1,0
Timothy Monroe,4379366604486712,Merchant: Booker-Mitchell,grocery,39.58,6,2.32,0,0,2,0
Patricia Hayes,4881618277347741,"Merchant: Flores, Johnson and Morales",online_shopping,11.84,9,1.49,0,0,1,0
Tina Taylor,4784527331881561,Merchant: Flynn-Johnson,grocery,20.05,7,4.6,0,0,0,0
Mr. Anthony Mcconnell PhD,4541354557970794,Merchant: Williams PLC,dining,23.1,12,6.42,1,1,0,0
Mr. Thomas Thompson,4770455300173149,"Merchant: Kline, Thomas and Scott",dining,29.75,18,42.81,0,0,0,0
Monica Anderson,4272592129856729,Merchant: Smith-Gould,grocery,24.63,9,9.74,0,0,4,0
Kyle Andrade,4055525177485655,Merchant: Martin-Allen,grocery,51.04,11,15.7,0,0,0,0
Janice Petty,4642437428220222,"Merchant: Warner, Alvarez and Bradford",gas_station,7.66,15,41.74,0,0,0,0
Pamela Hill,4410649607265204,Merchant: Jordan LLC,electronics,13.95,15,9.86,0,0,2,0
Tracy Chavez,4487609673725000,"Merchant: Cook, Campbell and Flowers",electronics,248.12,2,103.53,1,0,3,1
Jason Graves,4219569320506507,Merchant: Bell Ltd,gas_station,26.53,15,39.52,1,0,1,0
Elizabeth Miles,4961588445236493,Merchant: Clark and Sons,grocery,22.84,19,18.49,0,0,1,0
Michelle Walls,4110020896760409,"Merchant: Evans, Hines and Cruz",dining,26.22,8,30.08,0,0,1,0
Christina Weber,4232151751967921,Merchant: Edwards-Holmes,grocery,55.76,11,3.84,0,0,1,0
Gregory Chambers,4058653143422078,Merchant: Ferrell PLC,dining,9.65,17,7.43,0,0,0,0
Miss Tina Gordon,4431077222874991,Merchant: Fuentes Inc,online_shopping,14.36,11,2.39,0,0,1,0
Erica Wilson,4893674286017672,Merchant: Kennedy Group,dining,46.31,11,3.04,1,0,0,0
John Duncan,4388011130529234,Merchant: Carroll-Coleman,dining,25.43,6,10.44,1,0,0,0
Jennifer Adkins,4522377504480636,"Merchant: Bullock, Hunt and Mcdonald",dining,11.15,17,19.95,0,0,2,0
Donna Boone,4448968460412612,Merchant: Reynolds Inc,gas_station,39.27,18,5.82,0,0,0,0
Kelly Johnson,4554279339970214,"Merchant: Evans, Espinoza and Tran",online_shopping,37.26,7,4.69,0,0,0,0
Michael Gonzalez,4616904761029652,Merchant: Ward Ltd,online_shopping,38.53,13,18.62,0,1,2,0
Candace Mitchell,4419043770296702,"Merchant: Lopez, Thompson and Griffin",dining,47.78,18,7.67,0,0,0,0
Ryan Vaughn,4035623724645601,Merchant: Nelson Ltd,online_shopping,58.48,11,13.22,0,0,0,0
Paul Johnson,4851199065632269,Merchant: Smith Group,online_shopping,36.24,15,15.13,0,0,0,0
Ashley Parrish,4911178512592720,"Merchant: Mendez, Miller and Johnson",grocery,16.02,9,6.96,0,0,2,0
Sharon Newton,4694222925384185,"Merchant: Perez, Cook and Chavez",grocery,34.36,7,26.89,0,0,4,0
Cynthia Mueller,4576176572245888,"Merchant: Freeman, Reyes and Galloway",grocery,30.69,1,15.33,1,0,0,0
Donna Beck,4660798334083377,Merchant: Nguyen PLC,dining,35.43,17,29.45,0,0,1,0
Jasmine Frye,4615926686680807,Merchant: Morgan-English,gas_station,69.24,6,5.64,0,0,2,0
Emily Arnold,4956530002275099,Merchant: Moreno Ltd,online_shopping,26.24,7,18.76,0,0,1,0
David Oliver,4604709280337146,Merchant: Berry LLC,dining,48.89,13,2.9,0,0,3,0
Sheila Greer,4137472793922682,"Merchant: Johnson, Horne and Davis",online_shopping,12.06,7,2.44,0,0,1,0
Michele Holland,4954276293369835,Merchant: Murphy Inc,electronics,26.98,1,5.13,1,0,1,0
Kimberly Morrison,4407281959816189,Merchant: Myers and Sons,gas_station,42.55,2,2.56,1,0,1,0
Tracey Phillips,4980988040933626,Merchant: Webb Inc,grocery,113.2,19,0.86,0,0,1,0
Michael Lopez,4244522759426738,"Merchant: Madden, Harris and Pope",online_shopping,11.45,13,3.63,1,0,0,0
Jose Bennett,4722215532501692,Merchant: Nguyen-Harrison,grocery,18.86,18,23.53,0,0,3,0
Justin Anderson,4297451165160861,Merchant: West and Sons,dining,36.04,10,0.87,0,0,1,0
Dawn Rivera,4495133966057526,"Merchant: Edwards, Mcdaniel and Hernandez",online_shopping,24.73,16,8.09,1,0,2,0
Brittney Hernandez,4647118132072399,Merchant: Alexander-Wong,grocery,29.19,14,2.11,1,0,2,0
Anthony Randolph,4918465506369857,"Merchant: Walker, Allen and Ortiz",grocery,29.44,15,38.48,1,0,0,0
Mary Henry,4676559991966979,"Merchant: Smith, Peterson and Callahan",dining,13.98,14,30.97,1,0,2,0
Heather Bowers,4022364499514376,Merchant: Green-Johnson,grocery,13.9,12,0.96,1,0,1,0
Daniel White,4434249162631775,Merchant: Rodriguez-Cooper,dining,38.18,13,1.27,1,0,0,0
Jonathan Perry,4442221242197382,Merchant: King Group,online_shopping,17.23,11,29.42,0,0,0,0
Anna Walker,4903473175102952,Merchant: Moore-Stanton,grocery,64.31,12,4.13,0,0,1,0
Gary Ward,4850833271045350,Merchant: Smith-Brown,grocery,42.16,16,0.1,0,0,1,0
Paul Moreno,4356343171916337,"Merchant: Johnson, Thomas and Robles",dining,11.01,13,0.24,0,0,2,0
Samantha Zavala MD,4471543382541762,Merchant: Robertson Group,grocery,55.62,15,25.5,0,0,1,0
Jill Conway,4206829945802847,"Merchant: Gonzalez, Phillips and Evans",dining,47.31,9,19.41,0,0,3,0
Lisa Haley,4718691981625495,Merchant: Cross LLC,grocery,34.59,8,3.21,1,0,1,0
Erica Moon,4145365133861364,"Merchant: Miller, Martin and Smith",travel,688.86,1,100.7,0,0,3,1
Janice Fernandez,4461616054337073,Merchant: Owens PLC,gas_station,47.76,8,19.34,1,0,1,0
Thomas Short,4671274706953123,Merchant: Snyder-Yates,online_shopping,30.52,19,5.87,0,0,3,0
Robert Griffin,4789406972967200,Merchant: Strickland-Wells,travel,48.44,12,13.9,0,0,2,0
Steven Lee,4186293191678753,Merchant: Davis-Reid,grocery,16.0,15,3.57,1,0,0,0
Tiffany Jackson,4474019255317553,Merchant: Johnson Ltd,gas_station,20.95,21,34.48,1,0,1,0
Kimberly Smith,4461614384039725,Merchant: Brady PLC,grocery,42.81,3,5.36,0,0,3,0
Michael Ayala,4754576909414251,Merchant: Taylor LLC,online_shopping,23.32,8,8.55,0,0,2,0
Jessica Garcia,4956360385528827,Merchant: Holmes-Ramirez,grocery,29.84,6,9.41,0,0,2,0
Michele Cherry,4132996783435854,Merchant: Charles and Sons,dining,14.51,6,4.74,1,0,1,0
Maria Case,4977638586922542,Merchant: Mann PLC,grocery,10.04,13,7.99,0,0,1,0
Brittany Stevens,4763662871171654,Merchant: Garcia LLC,online_shopping,16.84,8,4.06,1,0,1,0
Brandon Brown,4595539450698956,"Merchant: Thompson, Fernandez and Brooks",dining,42.58,14,33.36,0,0,0,0
Kristin Andrews,4948630997285540,Merchant: Long-Small,online_shopping,33.07,8,6.74,1,0,1,0
David Hughes,4793943149142154,Merchant: Clark-Davis,grocery,60.0,13,4.8,0,0,1,0
Jessica Smith,4409676242857403,Merchant: Lewis Inc,grocery,26.79,6,7.61,0,1,4,0
Kimberly May,4052770354766302,Merchant: Wells-Kline,grocery,37.06,15,25.5,0,0,2,0
Nicole Richards,4799751090651949,Merchant: Fitzgerald-Baker,electronics,28.82,16,26.84,0,0,2,0
Angel Reilly,4723461504117088,Merchant: Hughes-Conner,grocery,46.12,18,6.36,1,0,1,0
Richard Turner,4922092513900294,Merchant: Hughes-Kaiser,dining,37.91,12,0.68,0,0,1,0
Preston Kim,4011474729905550,Merchant: Craig PLC,dining,54.42,8,7.26,1,0,0,0
Matthew Wells,4378390497574567,"Merchant: Curtis, Arnold and Howard",online_shopping,16.4,7,4.93,0,0,0,0
Brandy Myers,4426333388465190,Merchant: Best-Burns,grocery,34.3,17,6.63,0,0,1,0
Kimberly Choi,4348308241301605,Merchant: Perez Group,online_shopping,103.84,21,8.27,1,0,2,0
Michael Sloan,4449035934177335,Merchant: Garcia-Baker,grocery,85.21,8,24.04,1,0,1,0
Monica Brooks,4307182182160638,"Merchant: Briggs, Nicholson and Walsh",electronics,12.56,12,0.63,0,0,0,0
Kristen Peters,4318678110802388,Merchant: Marshall Ltd,grocery,7.93,19,56.2,0,0,0,0
Aaron Carlson,4697025795356440,Merchant: Griffin-Walsh,grocery,16.0,16,3.22,0,0,0,0
Theresa Torres,4193547286399620,"Merchant: Howard, English and Rodriguez",grocery,29.71,8,5.29,1,0,0,0
Stephanie Cooper,4023849203175919,Merchant: Jones-Harmon,grocery,22.06,9,26.32,1,0,0,0
Matthew Hunt,4509090395728693,Merchant: Best-Smith,grocery,23.94,14,15.97,0,0,0,0
Daniel Davenport,4953910673338272,Merchant: Vargas Inc,dining,16.37,19,6.47,0,0,1,0
Christopher Marsh,4534802496689924,Merchant: Manning Group,travel,8.93,17,8.28,0,0,1,0
Sarah Randolph,4858552010154446,Merchant: Schroeder-Aguirre,grocery,23.97,9,20.17,1,0,1,0
Julia Dunn MD,4792074051870326,"Merchant: Ortega, Hayes and Ward",dining,27.68,12,6.55,0,0,1,0
Brett Swanson,4177599025498395,"Merchant: Morales, Bishop and Garcia",grocery,27.17,11,15.56,1,0,1,0
Mr. Carl Rios,4032041037281027,Merchant: Herrera Ltd,grocery,37.49,13,7.15,1,0,2,0
Manuel Mccullough,4295755126370076,"Merchant: Brown, Cannon and Hahn",gas_station,16.89,10,2.32,0,0,3,0
Jerry Jensen,4330225176668990,"Merchant: Johnson, Wilkinson and Ford",grocery,19.21,13,4.53,0,0,0,0
Kevin Cunningham,4127462133459588,Merchant: Torres-Wilkinson,online_shopping,20.98,12,14.25,1,0,1,0
Eugene Patterson,4956562192959091,"Merchant: Parrish, Smith and Camacho",electronics,40.14,16,2.32,1,0,0,0
David Walker,4414753763782568,Merchant: Lang-Rojas,grocery,21.91,2,4.37,0,0,1,0
Jessica Larsen,4858647669557707,Merchant: Goodwin Group,grocery,28.31,12,14.01,1,0,2,0
Nicholas Humphrey,4186506799645118,"Merchant: Rojas, Dixon and Skinner",grocery,14.95,11,2.71,0,0,0,0
Ian Torres,4905925687042644,Merchant: Johnson-Roman,grocery,17.31,6,10.7,1,0,0,0
Casey Obrien,4979508046606381,"Merchant: Herrera, Bowman and Lyons",dining,16.11,11,7.44,0,0,2,0
Shannon Taylor,4850416275020924,"Merchant: Stephens, Gomez and Evans",grocery,54.73,12,8.16,0,0,4,0
Deborah Mercado,4521238029446273,Merchant: Adams-Harvey,gas_station,112.45,14,10.67,1,0,1,0
Bernard Smith,4351487497151296,"Merchant: Perez, Sanchez and Bishop",online_shopping,37.77,7,7.53,1,0,1,0
Amanda Perkins,4458938533584991,"Merchant: Snyder, Warner and Wright",online_shopping,25.16,13,19.14,0,0,1,0
Kevin Escobar,4695359522875121,Merchant: Brooks-Campbell,grocery,23.24,13,0.73,0,0,1,0
Kimberly Lutz,4901817497311141,Merchant: Jackson-Miller,grocery,25.39,8,2.86,0,0,1,0
Reginald Diaz,4336098910504597,"Merchant: Heath, Watts and Rose",grocery,29.29,16,2.49,0,0,3,0
Raymond Quinn,4197400597583449,Merchant: Roberts-Jones,online_shopping,6.34,17,6.98,0,0,0,0
John Dixon,4942104208418288,Merchant: Smith-Key,grocery,58.01,12,21.52,0,0,1,0
Jonathan Bates,4549078725505412,"Merchant: Rice, Howard and Williams",online_shopping,21.37,19,4.69,1,0,2,0
Renee Mendez,4190937577079606,"Merchant: Ramirez, Nelson and Young",online_shopping,17.61,12,1.24,0,0,1,0
Jose Griffin,4169413512848361,Merchant: Smith Inc,online_shopping,63.39,14,26.1,0,0,1,0
Travis Hopkins,4595827706992269,Merchant: Hernandez-Greene,grocery,44.82,7,11.02,0,0,3,0
Nancy Webb,4569490608276109,"Merchant: Scott, Malone and Jefferson",electronics,58.59,8,29.74,0,0,0,0
Daniel Freeman,4235120945969157,"Merchant: Matthews, Parker and Jenkins",dining,100.37,8,2.04,1,0,0,0
Jacob Williams,4349438563375983,Merchant: Villa Inc,dining,11.57,16,4.9,0,0,2,0
Terry Ward,4913878701881119,Merchant: Brown Group,gas_station,36.05,18,22.97,0,0,3,0
Jesse Williams,4379523314324175,"Merchant: Rocha, Smith and Mcgee",travel,16.53,3,2.55,0,0,0,0
Mrs. Michele Boyd,4712787963387900,Merchant: Martinez Group,dining,33.98,8,8.37,0,1,0,0
Sandy Baker,4322082204484357,Merchant: Davis-Johnson,online_shopping,25.94,19,28.93,0,0,1,0
Carrie Valdez,4978816495710427,Merchant: Bauer-Ray,gas_station,9.89,5,15.88,0,0,1,0
Matthew Houston,4990028422417019,Merchant: Arnold-Baker,dining,41.65,12,2.81,1,0,0,0
Jamie Solomon,4137743403057923,Merchant: Hall Ltd,gas_station,50.33,22,5.7,0,0,3,0
Heather Parrish,4173335813682203,Merchant: Jarvis-Lopez,grocery,50.39,12,4.6,0,0,0,0
Mr. Larry Shaw,4529796854621163,Merchant: Graves-Ayala,grocery,15.67,10,2.06,1,0,0,0
Christopher Jones,4006208212407667,Merchant: Bishop-Thomas,online_shopping,14.31,12,31.73,0,0,0,0
Christine Lopez,4536292135011342,"Merchant: Cantrell, Hughes and Smith",electronics,28.11,18,2.07,0,1,3,0
Mitchell Wilson,4968950929184891,Merchant: Schroeder-Davis,dining,68.72,15,10.25,1,0,0,0
Robert Cortez,4549497254720475,Merchant: Smith Group,online_shopping,19.18,12,8.62,0,0,0,0
Mr. Daniel Martin,4421756394904650,"Merchant: Allen, Ortega and Butler",grocery,7.56,15,0.98,0,0,1,0
Alison Williams,4444465748145258,Merchant: Cantu Ltd,grocery,3.33,9,25.39,0,0,0,0
Candace Soto,4888646508930434,Merchant: Donovan Group,grocery,8.98,2,0.16,1,0,1,0
Kenneth Brown,4784213913699750,Merchant: Ellis-Gibson,dining,27.74,17,1.04,0,0,4,0
Christopher Mullen,4839377727154222,Merchant: Ritter Ltd,online_shopping,14.87,16,4.84,0,0,1,0
Kristy Smith,4125038341247221,Merchant: Noble PLC,grocery,87.72,10,20.94,0,0,1,0
Mary Campbell,4720741975370065,Merchant: Simmons Ltd,grocery,13.58,13,36.38,0,0,0,0
Jerry Haney,4239988773352100,Merchant: Taylor-Schultz,online_shopping,28.61,5,8.15,0,0,1,0
Carolyn Greer,4837558263218941,"Merchant: Mcclure, Butler and Gomez",online_shopping,64.3,10,26.36,1,0,1,0
Rebecca Hoover,4108858998181196,"Merchant: Meyer, Cardenas and Phelps",online_shopping,23.74,22,13.92,1,0,1,0
Matthew Baker,4281783420643390,"Merchant: Gonzales, Durham and Jackson",online_shopping,17.66,17,42.97,0,0,2,0
Grace Chavez,4534334971972047,"Merchant: Young, Allen and Lee",grocery,31.23,10,16.62,1,0,2,0
Crystal Cruz,4932424300917314,Merchant: Hernandez Ltd,grocery,11.19,13,4.04,0,0,1,0
Dale Heath,4332430872447834,"Merchant: Whitehead, Hansen and Chang",dining,23.6,14,2.28,0,0,0,0
Jennifer Hernandez,4712125798969107,"Merchant: Barnes, Hudson and Brooks",online_shopping,39.89,14,2.22,0,0,3,0
John Mendez,4419827244952076,Merchant: Warren-Stein,dining,12.42,7,12.82,0,0,0,0
Richard Gordon,4991528311977899,Merchant: Smith-Rogers,dining,14.9,9,7.02,1,0,1,0
John Anderson,4166501800544024,Merchant: Ramirez Group,dining,18.88,23,27.41,0,0,1,0
Samantha Prince,4760123162575106,Merchant: Green-Valdez,dining,25.3,1,5.79,0,0,2,0
Marie Boyd,4036685743973842,Merchant: Wise-Barnes,online_shopping,68.13,17,10.01,0,0,0,0
Andrew Moreno,4184581630212917,"Merchant: Peterson, Lee and Sims",grocery,29.05,16,18.95,0,0,1,0
Robert Clarke,4363725112980318,Merchant: Rowland-Sanders,dining,8.25,16,1.65,0,0,0,0
Kevin Figueroa,4262370506748252,Merchant: Johnson Group,dining,41.04,14,4.01,0,0,0,0
Melissa Davis,4292546547631698,"Merchant: Terry, Patel and Mcdaniel",online_shopping,16.68,9,8.45,0,0,0,0
John Hall,4455903653542370,Merchant: Wright Group,dining,17.52,23,4.17,1,0,0,0
Diane Mcdowell,4466762267617474,Merchant: Johnson-Miles,dining,19.59,15,14.87,0,1,2,0
Colin Fletcher,4455224205964255,Merchant: Delgado Group,online_shopping,29.42,20,16.01,1,0,1,0
Laura Wilson,4978064371960341,"Merchant: Doyle, Bradley and Miranda",electronics,28.02,8,23.76,1,0,2,0
Matthew Watts,4311601565399525,Merchant: Mcdonald-Harris,grocery,7.25,19,34.82,0,0,1,0
Jack Moore,4154240150437901,Merchant: Franco-Lee,dining,36.93,9,0.26,1,0,2,0
Dawn Wyatt,4808835855836453,Merchant: Baker Ltd,grocery,46.7,16,4.79,1,0,2,0
Jacob Hill,4875979974254293,Merchant: Smith-Gomez,grocery,23.87,9,6.37,0,0,3,0
Nicole Gutierrez,4436827568497855,Merchant: Spears Ltd,electronics,29.29,6,3.38,0,0,1,0
Karen Wood,4786725308158082,"Merchant: Bailey, Harrell and Kelly",grocery,9.67,12,17.69,1,0,2,0
Dawn Parker,4789451193246711,Merchant: Olson Inc,electronics,86.49,9,11.61,0,0,2,0
Michael Fitzgerald,4752371002959630,"Merchant: Wang, Collier and Hendricks",online_shopping,209.76,8,3.45,0,0,0,0
Mary Adkins,4187570532093613,Merchant: Simmons Group,gas_station,14.44,12,23.83,1,1,0,0
Michael Martin,4014464197294105,Merchant: Douglas PLC,online_shopping,60.11,13,6.38,0,0,0,0
James Morgan,4675806932894013,Merchant: Phillips-Gibson,dining,6.98,12,15.15,0,0,1,0
Melissa Mann,4713037097184677,Merchant: Elliott and Sons,online_shopping,16.75,19,4.73,0,0,1,0
Vincent Smith,4877373169275925,"Merchant: Armstrong, Holmes and Adams",electronics,15.42,7,0.81,0,0,0,0
Charles Frost,4460100697740093,"Merchant: Powers, Fritz and Moore",electronics,6.79,7,1.01,1,0,5,0
Austin Walker,4018325661806102,Merchant: Rodriguez-Brooks,dining,33.03,12,6.07,0,0,0,0
Andrew Cruz,4370070010222120,Merchant: Bryan-Thompson,grocery,13.99,12,13.11,0,0,0,0
Miss Kelly Dawson,4839051011816933,Merchant: Bishop and Sons,gas_station,32.52,15,0.37,0,0,2,0
Theresa Wilkins,4910676987101498,Merchant: Martin-Jones,dining,43.98,7,6.58,1,0,1,0
Jessica Harris,4116328225196425,"Merchant: Cole, Taylor and Hull",online_shopping,31.21,21,24.01,1,0,0,0
Regina Mitchell,4861672117025441,"Merchant: Coleman, Smith and Cook",online_shopping,26.55,15,1.1,0,0,0,0
Kyle Black,4550242182548051,Merchant: Adams Group,online_shopping,50.11,6,7.5,0,0,0,0
Christopher Johnson,4595024242633520,Merchant: Calderon and Sons,grocery,24.03,12,3.75,0,0,0,0
Aaron Moore,4175487713202067,"Merchant: Taylor, Martinez and Hartman",grocery,30.48,2,1.19,0,0,2,0
Penny Gomez MD,4392031867674486,Merchant: Stephenson Inc,gas_station,7.2,18,22.3,0,0,0,0
Kelly Mclaughlin,4287807390049637,Merchant: Williams-Robertson,dining,28.0,17,21.97,0,0,3,0
Brandon Mitchell,4966676296029649,"Merchant: Poole, Smith and Hall",gas_station,25.26,14,16.34,0,0,1,0
Suzanne Bailey,4047164954584463,Merchant: Jones-Lopez,dining,60.1,5,34.66,0,0,2,0
Destiny Obrien,4771371534278936,Merchant: Caldwell-Campbell,online_shopping,22.67,18,19.95,0,0,2,0
Timothy Andrews,4873227665484270,Merchant: Chandler Ltd,online_shopping,24.58,17,41.07,0,0,2,0
Jason Rodriguez,4946454030021438,"Merchant: Pace, Shelton and Bowen",online_shopping,20.46,8,1.93,0,0,3,0
Edward Arroyo,4659453882323451,Merchant: Trujillo-Christian,online_shopping,63.02,21,7.38,0,0,0,0
Tina Walter,4356682289657543,"Merchant: Compton, Dunlap and Anderson",gas_station,12.72,8,15.37,0,0,0,0
Laura Benson,4039801337619157,Merchant: Lawrence-Kim,online_shopping,34.56,16,8.43,0,0,1,0
Kristine Carrillo,4701411158162316,Merchant: Clark-Valdez,online_shopping,176.08,16,5.44,0,0,1,0
Tonya Ellis,4394281158765091,Merchant: Ford-Fletcher,grocery,41.16,14,30.19,0,0,1,0
Kevin Johnson,4639750579215105,"Merchant: Lee, Patterson and Martin",gas_station,64.87,11,14.56,1,0,1,0
Austin Schultz,4009443002773203,Merchant: Rivera LLC,grocery,61.34,18,18.68,0,0,2,0
Megan Hall MD,4569427638082636,"Merchant: Jacobs, Stein and Harding",gas_station,53.93,14,33.86,0,0,0,0
Kelli Smith,4676311431075395,Merchant: Johnson-Callahan,online_shopping,82.8,12,2.43,1,0,5,0
Danielle Davis,4141426429306466,"Merchant: Johnston, Ramos and White",grocery,46.74,14,18.43,0,0,3,0
Samantha Jones,4438381674289549,Merchant: Carter-Stuart,online_shopping,18.06,22,0.53,1,0,2,0
Karen Gomez,4584743894752899,Merchant: Gomez LLC,grocery,13.75,16,8.01,1,0,0,0
Debra Valentine,4245979898224557,Merchant: Blankenship-Ortiz,electronics,58.43,9,22.64,0,0,0,0
Susan Porter,4042100149961179,Merchant: Johnson-Smith,grocery,31.33,7,32.37,0,0,1,0
Nicolas Salas,4854539057986628,Merchant: Pierce-Jackson,online_shopping,19.99,15,7.6,0,0,0,0
Dale Wright,4923395300255395,Merchant: Powell and Sons,grocery,75.35,8,0.1,1,0,3,0
Brittney Rodriguez,4256377312524585,"Merchant: Davis, Wilson and Garcia",grocery,129.63,16,3.24,0,0,1,0
Megan Alvarado,4013111751733587,Merchant: Nguyen Inc,grocery,35.44,10,8.56,1,0,1,0
Pamela Weaver,4624921515694433,"Merchant: Warren, Gonzalez and Malone",electronics,43.66,14,3.68,0,0,0,0
John Oliver,4871713593589100,Merchant: Holmes and Sons,online_shopping,11.92,10,28.45,0,0,0,0
William Prince PhD,4482562739643318,Merchant: Douglas Ltd,dining,59.3,16,18.22,0,0,1,0
William Moon IV,4120992868784278,Merchant: Williams-Jones,online_shopping,52.39,16,0.4,0,0,1,0
Kenneth Brown,4515367209750663,"Merchant: Rosales, Middleton and Buchanan",dining,12.49,6,6.36,0,0,2,0
Karen Fernandez,4285685944164934,"Merchant: Garcia, Rodriguez and Jones",online_shopping,20.77,13,8.14,0,0,0,0
Jennifer Parks,4111568540262189,Merchant: Lopez PLC,travel,9.05,17,9.11,1,0,3,0
William Wolfe,4603632351852291,"Merchant: Morris, Peters and Cox",grocery,18.99,13,10.73,1,0,0,0
Michael Smith,4656130739871485,"Merchant: Walls, Brooks and Booth",electronics,32.97,20,8.75,0,0,5,0
Kevin Nguyen,4544300745777416,Merchant: Baxter PLC,gas_station,80.51,11,4.84,0,1,1,0
Debbie Dunn,4651831633253366,Merchant: Watson-Jones,dining,68.02,10,3.03,0,0,1,0
John Austin,4057578660702506,Merchant: Clark and Sons,grocery,48.69,8,23.95,0,0,3,0
Jonathan Clark,4666069508526102,Merchant: Williams-Powell,dining,39.44,10,1.29,0,0,2,0
Jacqueline Dickerson,4896553264741411,Merchant: Johnson and Sons,grocery,23.65,9,6.54,0,0,2,0
Christopher Anderson,4404396848359606,Merchant: Rodriguez LLC,grocery,23.93,10,19.18,0,0,1,0
Crystal Garcia,4018208716388195,Merchant: Burgess and Sons,grocery,15.24,21,3.83,0,0,2,0
David Reynolds,4927191899381981,Merchant: Thomas PLC,electronics,19.44,11,65.93,0,0,2,0
Charles Haley,4921650181757600,Merchant: Meza-Smith,online_shopping,73.91,7,3.9,0,0,0,0
Robert Thompson,4808675226249154,Merchant: Ortiz PLC,grocery,19.31,11,2.28,0,1,1,0
Dr. Samuel Holmes DDS,4893281665177315,"Merchant: Zimmerman, Greene and Hernandez",grocery,10.38,16,1.88,0,0,1,0
Elizabeth Hart,4197493135276253,"Merchant: Zamora, Smith and Patterson",gas_station,32.46,6,7.95,1,1,0,0
Jennifer Vaughn,4937651182566513,Merchant: Wright Ltd,dining,46.31,8,4.6,0,0,3,0
Robert Woods,4391727154836289,"Merchant: Patterson, Smith and Perry",electronics,13.38,20,25.11,0,0,0,0
Joanna Cook,4341350334607495,Merchant: Gonzalez-Doyle,online_shopping,17.14,17,2.74,1,0,1,0
Justin Frederick,4875744654482188,"Merchant: Chase, Smith and Smith",grocery,24.11,13,8.22,0,0,0,0
Alejandro Martinez,4398212558877406,Merchant: Russell LLC,dining,15.73,20,3.6,1,0,0,0
Tracey Gonzalez,4031513465086566,Merchant: Nichols LLC,travel,46.24,13,18.04,0,0,2,0
Mariah Thompson,4387447713412532,"Merchant: Smith, Fields and Rivas",dining,22.76,5,40.23,0,0,1,0
Heather Nunez,4410657299766561,Merchant: Saunders LLC,grocery,74.76,14,57.95,0,0,0,0
Dr. Steve James,4067039336777446,Merchant: Garner PLC,gas_station,70.05,10,56.93,0,0,1,0
Mark Thomas,4084397118200345,Merchant: Wilson-Ali,dining,31.14,7,11.23,0,0,2,0
Robert Rogers,4935827173203108,"Merchant: Lee, Chan and Elliott",travel,13.05,17,1.1,0,0,0,0
Laura Sweeney,4664651847887972,Merchant: Sanchez-Burns,electronics,20.7,17,25.97,1,0,3,0
Christopher Perez,4587957971149178,Merchant: Phillips and Sons,grocery,17.35,16,54.38,0,0,4,0
Eddie Adams,4619069239510837,Merchant: Valdez-Wilson,grocery,32.6,14,12.28,0,0,0,0
Denise Wallace,4786686899842007,Merchant: Horn and Sons,dining,18.96,11,3.37,0,0,0,0
Heidi Matthews,4265030524114203,Merchant: Sanchez Inc,gas_station,21.67,15,12.69,0,0,1,0
Jennifer White,4651335294957604,Merchant: Ward-Vargas,online_shopping,35.7,10,6.86,1,0,0,0
Nicholas Stanley,4961084929704537,Merchant: Hall-Ross,dining,50.36,19,5.63,0,0,1,0
Mercedes Miller,4876129767621352,Merchant: Wright Ltd,online_shopping,24.01,15,50.58,0,0,1,0
Brian Brown,4561431538348996,"Merchant: Williams, West and Kaiser",grocery,105.39,10,2.59,0,0,1,0
Kimberly Johnson,4312008590400246,Merchant: Jackson LLC,grocery,8.78,18,9.07,1,0,1,0
Phillip Miller,4703642373313429,"Merchant: Lindsey, Gray and Santos",grocery,45.71,19,10.26,0,0,0,0
Christopher Pena,4147189762177944,Merchant: Garcia PLC,grocery,38.97,9,52.72,1,0,1,0
Ellen Wright,4921017274821513,Merchant: Black-Hudson,grocery,17.41,10,12.54,0,0,0,0
Mark Anderson,4507963132404962,Merchant: Carter-Wolfe,online_shopping,11.81,7,15.39,0,0,0,0
Alyssa Alvarado,4965196627145700,"Merchant: Powell, Coleman and Jones",grocery,25.49,16,10.44,0,0,0,0
Erika Alvarez,4586862378577172,"Merchant: Howard, Williams and Avery",electronics,58.87,7,17.11,0,0,1,0
Kimberly Nelson,4219993917670700,"Merchant: Hayden, Stevens and Harris",grocery,53.71,17,22.88,1,0,1,0
Wayne Wolfe,4227962445278435,"Merchant: Simmons, Wolfe and White",gas_station,14.19,12,13.35,0,0,3,0
Kyle Welch,4039878064659499,"Merchant: Cole, Osborne and Charles",grocery,21.86,13,0.44,0,0,3,0
Kristy Mills,4868498749320395,Merchant: Turner-Callahan,grocery,26.5,13,9.84,0,0,3,0
Emily Reed,4268687037557850,"Merchant: Santos, Phillips and Walsh",dining,56.28,13,1.59,0,0,1,0
Regina Ramos,4576530924643085,Merchant: Wood and Sons,electronics,17.36,23,6.95,0,0,2,0
David Torres,4322257504122663,Merchant: Parker Ltd,grocery,16.89,11,3.11,0,0,2,0
Robert Charles,4350945573149261,"Merchant: Stuart, Christian and Garcia",grocery,36.54,13,20.67,0,0,0,0
John Smith,4224776038280712,"Merchant: Reilly, Williams and Ramos",electronics,3.24,12,20.0,0,0,1,0
Theresa Woods,4024588641793995,Merchant: Williams Group,online_shopping,100.61,16,22.46,1,0,2,0
Jeffrey Carter,4979339338338768,"Merchant: Booth, White and Baldwin",online_shopping,19.79,12,6.84,0,0,0,0
Adam Brooks,4868982581738681,Merchant: Perez-Fitzpatrick,dining,26.43,15,9.01,0,0,1,0
Justin Foster,4652235079937871,Merchant: Shaw Group,grocery,34.02,14,21.05,0,0,1,0
Omar Price,4521998068496030,Merchant: Tucker-Willis,grocery,40.17,11,25.03,0,0,1,0
Dennis Henderson,4429950867226624,Merchant: Osborn-Castro,online_shopping,45.23,11,18.5,0,0,3,0
Phillip Kent,4076777867397188,Merchant: Lyons PLC,grocery,53.81,22,11.39,0,1,2,0
Melinda Mitchell,4905974689933053,"Merchant: Heath, Washington and Christian",dining,47.1,11,1.96,0,0,2,0
Rhonda Gutierrez,4740624261033249,Merchant: White-Cooper,grocery,28.45,8,8.45,0,0,3,0
Catherine Roberts,4736518849198662,"Merchant: Johnson, Mckenzie and Cook",online_shopping,11.15,19,31.53,0,0,2,0
Lisa Nelson,4329406357247639,"Merchant: Bradshaw, Kelly and Anderson",grocery,8.31,13,6.26,0,0,1,0
Chelsea Smith,4726850072843850,Merchant: Taylor PLC,grocery,13.95,12,6.54,0,0,1,0
Joseph Lopez,4099986692450517,"Merchant: Castillo, Pitts and Ashley",grocery,30.66,9,30.95,1,0,3,0
Derrick Espinoza,4904873597543452,"Merchant: Miranda, Greene and Gutierrez",online_shopping,29.8,15,1.15,0,0,1,0
Crystal Hernandez,4649961077997726,Merchant: Schmidt Ltd,dining,18.03,17,26.2,0,0,0,0
Glenn Collins DDS,4226461533002709,Merchant: Snow-Wilson,grocery,34.73,10,8.44,1,0,0,0
Mrs. Raven Rivera DVM,4750769769380514,Merchant: Martinez-Kemp,online_shopping,17.02,13,1.41,0,0,1,0
Amy Rowe,4538690168120757,"Merchant: Cooke, Bates and Underwood",dining,68.61,12,0.1,1,0,2,0
John Lee,4006991558593923,Merchant: Mclaughlin-Nguyen,grocery,75.8,6,30.1,0,0,3,0
Ruth Clayton,4445565232214897,"Merchant: Davis, Rodriguez and Cook",dining,9.75,7,1.53,0,0,2,0
Randy Wright,4413999517699332,"Merchant: Welch, Smith and Snyder",online_shopping,16.22,15,2.12,0,0,1,0
Jessica Rojas,4381569590705690,Merchant: Shah-Johnson,dining,70.9,8,0.65,0,0,3,0
Joel Wise,4106361128740819,Merchant: Page-Romero,grocery,28.97,5,0.1,0,0,2,0
Vickie Kennedy,4730699382145280,Merchant: Anderson-Bruce,dining,54.31,15,12.69,1,0,1,0
Emily Morris,4899996289302841,Merchant: Douglas and Sons,dining,29.26,17,18.08,0,0,2,0
Amanda Pineda,4521850560831919,Merchant: Cook and Sons,grocery,11.2,10,26.36,1,0,1,0
Dawn Little,4604858965498184,"Merchant: House, Herrera and Mcconnell",grocery,83.02,11,30.8,0,1,0,0
Stephen Boyer,4409386547192700,"Merchant: Ramirez, Delacruz and Harris",online_shopping,35.47,10,12.41,1,0,0,0
Brian Chen,4487487056623005,"Merchant: Griffin, Martinez and Thomas",gas_station,17.58,10,20.34,0,0,2,0
Christopher Hill,4609446150123505,Merchant: Eaton and Sons,grocery,32.86,10,5.88,0,0,0,0
Richard Smith,4656605059085576,Merchant: Caldwell-Moore,travel,44.28,19,23.58,1,0,2,0
Richard Alvarez,4578937939194749,"Merchant: Harvey, Poole and Moore",grocery,66.45,10,8.46,0,0,0,0
Jacqueline Davis,4729903521960911,Merchant: Le Group,online_shopping,57.3,22,24.7,1,0,1,0
Brandon Montgomery,4276471424321117,Merchant: Flynn Inc,travel,50.04,11,24.07,0,0,1,0
Yolanda Garrett,4266237738133098,"Merchant: Tran, Grant and Lowe",grocery,25.42,17,26.72,0,0,1,0
Matthew Miles,4145237803463328,"Merchant: Reyes, Johnson and Bates",gas_station,13.89,15,4.63,0,0,1,0
Beth Hall,4425656866805805,Merchant: Reese-Green,electronics,11.8,14,42.71,1,0,1,0
Dr. Nicole Trujillo,4058953815750156,Merchant: Mooney-Hamilton,grocery,91.9,6,6.94,0,0,0,0
Corey Norris,4385781807794914,"Merchant: Gill, Mccoy and Nicholson",grocery,20.63,14,8.21,1,0,3,0
Chad Roach,4881514466199540,Merchant: Case-White,travel,25.6,0,22.45,0,0,1,0
Mr. Edward Terry,4710065626668855,Merchant: George Ltd,grocery,13.51,2,33.87,0,0,2,0
Cody Bailey,4553637766599593,"Merchant: Mckinney, Davis and Wilson",dining,15.67,18,14.73,0,0,0,0
Denise Guerra,4234423816226645,"Merchant: Johnson, Wilson and Bond",online_shopping,27.13,15,8.06,0,0,1,0
Kristen Jones,4918614628836356,"Merchant: Carter, Hester and Marquez",grocery,19.04,6,8.44,0,0,1,0
Edward Baker,4533151313561176,"Merchant: Miller, Woods and Reyes",electronics,48.44,16,16.35,0,0,5,0
Aaron Little,4278473447937224,Merchant: Holland-Webb,online_shopping,13.81,12,16.53,0,0,0,0
Cody Smith,4917619682258851,Merchant: Ali PLC,travel,413.01,21,70.85,1,0,4,1
Patty Allen,4313574087474076,Merchant: Benton-May,online_shopping,91.48,15,8.94,0,0,1,0
Mary Ryan,4972961756577994,Merchant: Washington-Taylor,grocery,199.78,16,18.94,0,0,1,0
Joseph Jimenez,4618344251180954,"Merchant: Rodriguez, Singh and Craig",dining,51.44,4,0.57,0,0,0,0
Lisa Morris,4551924152863482,"Merchant: Allen, Wood and King",electronics,43.09,11,24.03,0,0,0,0
Ashley Mills,4016170649144537,Merchant: Davenport PLC,gas_station,85.13,10,1.79,0,0,0,0
Russell Anderson,4752015691461644,Merchant: Hays-Oneal,online_shopping,31.52,15,26.02,1,0,0,0
Christina Washington,4573376840913415,Merchant: Burgess LLC,electronics,10.48,15,11.74,0,0,1,0
Kenneth Huff,4810907195714512,Merchant: White Ltd,gas_station,32.07,12,3.51,0,0,1,0
Kelly Miles,4951495583873685,"Merchant: White, Carroll and Gonzalez",gas_station,28.82,12,17.01,0,0,1,0
Jacob Obrien,4729661808438817,"Merchant: Torres, Pham and Leblanc",online_shopping,86.18,16,7.79,0,0,0,0
Timothy Clark,4848272309907049,Merchant: Stein-Ortiz,grocery,18.1,8,12.21,0,0,1,0
Steve Miller PhD,4445030060451996,Merchant: Hall Group,gas_station,12.19,16,16.52,0,0,1,0
Justin Hurley,4818733002763274,Merchant: Christian Ltd,dining,21.76,19,5.36,0,0,3,0
Jacob Erickson,4237369504326055,"Merchant: Powers, Taylor and Martinez",grocery,21.6,15,14.13,1,0,1,0
Deborah Williams,4473535226549306,"Merchant: Nelson, Yang and Jones",grocery,13.8,12,7.1,0,0,3,0
Eric Blackburn,4397345135996421,"Merchant: Graves, Santana and Welch",online_shopping,37.95,17,1.93,0,0,1,0
Anne Hardy,4060098972740511,Merchant: Stewart Inc,online_shopping,104.7,16,23.56,0,0,3,0
Chelsey Fox,4316411991365644,Merchant: Erickson and Sons,dining,28.93,9,2.25,0,0,2,0
Mario White,4254260062892232,Merchant: Luna-Harrington,online_shopping,17.45,13,14.42,0,0,1,0
Jennifer Garcia,4357993895945894,Merchant: Callahan LLC,grocery,10.79,16,1.94,0,0,1,0
Heather Ellis,4251747529497756,Merchant: Welch-Smith,dining,105.71,9,13.93,0,0,0,0
Sonya Jackson,4551288956383679,Merchant: Woods-Murillo,dining,23.35,15,18.14,0,0,2,0
James Morgan,4657031012213388,"Merchant: Garcia, Kim and Lee",travel,9.59,14,1.68,0,0,1,0
Zachary Ramos,4534214483545749,Merchant: Morton and Sons,gas_station,53.27,7,18.73,0,0,1,0
Ethan Frey,4968382525430934,Merchant: Le Inc,grocery,14.12,9,9.86,0,0,0,0
Jacob Duran,4352151734660688,"Merchant: Daniel, Duncan and Guzman",online_shopping,19.86,7,6.96,0,0,2,0
Nicholas Franklin,4471575610801030,"Merchant: Hernandez, Dorsey and Barr",grocery,64.78,12,6.06,1,0,2,0
Cindy Cannon,4221239551216988,Merchant: Cortez-Thomas,online_shopping,62.84,8,42.29,0,0,3,0
Dawn Nixon,4232854142263260,Merchant: Acosta Ltd,gas_station,42.49,12,25.34,0,0,2,0
James Barber,4144537150451961,"Merchant: Anderson, Valdez and Carey",grocery,21.82,9,5.45,0,0,1,0
Ms. Kelly Holder,4877880115913268,Merchant: Brady LLC,online_shopping,63.11,7,2.88,0,0,3,0
Eric Walker,4232635546903365,Merchant: Gillespie-Williams,travel,12.48,20,21.67,0,0,0,0
Alison Short,4105719732381547,"Merchant: Taylor, Bell and Melendez",gas_station,68.61,8,1.43,0,0,0,0
Desiree Spencer,4527876260235642,Merchant: Brown-Hancock,dining,96.06,7,109.44,0,0,2,0
Tammy Moore,4930999868919507,Merchant: Miles Group,dining,9.11,8,0.52,0,0,1,0
Henry Taylor,4867969999381916,Merchant: Rowland PLC,dining,114.41,3,14.88,0,0,1,0
Kevin Hall,4874612319002413,Merchant: Morales-Howell,electronics,32.95,10,21.89,0,0,1,0
Anna Ross,4517586373533278,"Merchant: Hester, Gallegos and Johnson",grocery,13.4,16,16.45,0,0,1,0
Morgan Cummings,4289966686858438,Merchant: Wheeler Group,electronics,35.06,8,5.69,1,0,0,0
Carrie Petersen,4162106514947390,"Merchant: Bryant, Flowers and Orr",electronics,9.82,10,4.5,0,0,2,0
Laura Velez,4543105577103024,Merchant: Simon-Wilson,grocery,54.17,8,12.71,1,0,0,0
Elizabeth Cross,4596088958697937,Merchant: Ramos Inc,electronics,629.44,4,343.0,1,0,3,1
Angela Brown,4843423149452127,Merchant: Weber-Jones,online_shopping,29.56,16,78.0,1,0,2,0
Hannah Montoya,4860620981804095,Merchant: Harris-White,grocery,36.63,8,0.63,1,0,1,0
Sean Kane,4514140508501348,"Merchant: Bowman, Rodriguez and Garcia",gas_station,75.95,9,30.7,0,0,1,0
Matthew Guzman,4429636412264729,Merchant: Alexander Inc,grocery,29.43,16,8.88,1,0,2,0
Richard Reyes,4439245396042404,Merchant: Griffith-Fischer,electronics,40.77,12,2.84,1,0,0,0
Andrew Fernandez,4744253968527687,Merchant: Miller Ltd,grocery,35.21,10,14.72,0,0,2,0
Jonathan Walker,4091881224661426,"Merchant: Donaldson, Taylor and Guerrero",grocery,21.37,11,2.67,0,0,0,0
Nicholas Long,4970209790963511,"Merchant: Bridges, Richard and Valdez",travel,68.42,16,12.64,0,0,1,0
Kurt Wagner,4911753317025330,Merchant: Daniel Inc,gas_station,47.74,8,12.27,0,0,2,0
Dylan Foster,4970860437758720,Merchant: Jones Group,electronics,23.56,9,29.41,0,0,0,0
Bradley Duncan,4371720153330036,"Merchant: Larson, Buckley and Grant",dining,28.65,17,8.63,0,0,2,0
James Miller,4569647413311518,"Merchant: Miller, Holland and Allen",dining,14.9,21,2.23,0,0,0,0
Patricia Anderson,4839484226631542,Merchant: English-Duffy,online_shopping,64.0,21,347.9,0,0,1,1
Justin Freeman,4099034913156538,Merchant: Ross Ltd,electronics,41.41,14,11.91,0,0,1,0
Christina Gilbert,4671364635145220,Merchant: Gomez Inc,grocery,24.45,11,8.92,0,1,1,0
Danielle Jones,4325348529799341,Merchant: Jensen Inc,online_shopping,53.5,12,68.31,1,0,1,0
Erica Glass,4577583352197065,Merchant: Jones-Jimenez,online_shopping,11.33,11,0.37,1,0,0,0
Michael Henderson,4064123154024470,Merchant: Barron Inc,gas_station,35.29,8,10.82,1,0,0,0
Frank Wheeler,4075016327034912,"Merchant: Potter, Griffin and Burgess",dining,65.58,12,20.89,1,0,0,0
Eric Huerta,4105269636427210,"Merchant: Alvarez, Lee and Adams",online_shopping,88.26,6,3.28,0,0,0,0
Wanda Ramos,4645436768796749,Merchant: Jimenez-Olson,gas_station,117.2,18,3.33,0,0,0,0
Andrew Meyers,4726986301333279,Merchant: Lee Ltd,grocery,52.72,8,20.38,0,0,2,0
James Todd,4170267199614943,"Merchant: Branch, Johnson and Golden",dining,37.42,10,5.39,1,0,1,0
Ashley Brown,4851475616038499,"Merchant: Austin, Adkins and Padilla",grocery,37.78,5,11.74,0,0,0,0
Tammy Melton,4260682287956140,"Merchant: Jackson, Lewis and Stephens",dining,76.58,10,12.07,0,0,1,0
Alexis Benson,4096615929325787,Merchant: Gray Group,online_shopping,62.42,22,28.3,0,0,1,0
Jerry Johnson,4885069030347113,Merchant: Patel Ltd,online_shopping,15.76,8,0.48,0,0,1,0
Joshua Harris,4027302385951299,Merchant: Burns LLC,gas_station,119.18,10,16.77,1,0,0,0
Deanna Webb,4072230335823397,Merchant: Webb Inc,gas_station,48.59,15,18.27,1,0,3,0
Brenda Hale,4111399773879279,"Merchant: Crosby, Kennedy and Stevens",dining,38.56,14,1.49,0,0,1,0
Kevin Alvarado,4678236084229668,"Merchant: Patton, Houston and Fuller",gas_station,19.87,7,0.1,0,0,1,0
Christopher Campbell,4144486574306205,Merchant: Brown LLC,travel,11.2,17,34.76,0,0,0,0
Lisa Brown,4814849919872026,Merchant: Silva-Hernandez,grocery,103.31,11,23.64,1,0,1,0
Alejandra Price,4130084339141987,"Merchant: Robertson, Clark and Simmons",electronics,23.53,15,18.66,1,0,1,0
Samuel Keller,4179633050749501,Merchant: Rush-Allen,grocery,63.32,16,11.8,1,0,1,0
Alicia Dillon,4432719298028445,"Merchant: Greene, Porter and Parker",grocery,13.77,18,18.86,1,0,1,0
Crystal James,4616936240885163,Merchant: Smith-Soto,online_shopping,114.92,10,0.42,1,0,1,0
Ariana Stewart,4238137057410371,Merchant: Tucker-White,online_shopping,16.81,18,3.59,0,0,1,0
Kim Lopez,4226594152583854,Merchant: Garcia-Spencer,electronics,75.0,9,13.23,0,0,1,0
Judith House,4635781164466849,Merchant: Ellis Inc,dining,96.12,11,0.26,1,0,3,0
David Moreno,4132901029158518,Merchant: Norman-Davidson,grocery,44.43,8,1.75,0,0,3,0
James Moore,4858110146023538,Merchant: Lewis-Craig,dining,19.0,21,13.52,0,0,1,0
Harold Garrett,4968289014081237,"Merchant: Bean, Reynolds and White",grocery,28.45,17,0.7,0,0,3,0
William Mason,4631676602716892,Merchant: Ward LLC,grocery,31.03,15,1.01,0,0,1,0
Lori Johns,4788847871819383,"Merchant: Boyd, Hamilton and Calderon",travel,29.24,9,41.1,1,0,1,0
Robin Johnson,4477051047308027,Merchant: Mitchell LLC,grocery,43.12,20,12.11,1,0,1,0
Diana Hernandez,4131148241430447,Merchant: Wilson-Robertson,grocery,42.66,11,3.0,0,0,0,0
Mary Miller,4697894259634901,Merchant: Huffman and Sons,electronics,19.69,18,1.29,0,0,1,0
Tyler Salazar,4197689334500415,"Merchant: Evans, Acosta and Nelson",grocery,36.6,9,2.4,0,0,1,0
Crystal Allen,4113030766170610,Merchant: Coleman and Sons,dining,32.13,4,15.85,0,0,1,0
Wesley Browning,4684648209872846,"Merchant: Bruce, Miller and Miller",grocery,25.69,18,5.27,0,0,0,0
Joshua Clark,4818696923444052,Merchant: Khan-Shepard,gas_station,78.39,8,16.41,0,0,2,0
Joshua Mcbride,4724772139636204,"Merchant: Higgins, Gonzalez and Scott",electronics,5.62,21,2.43,0,0,1,0
Ellen Thornton,4604941723190176,Merchant: Jones-Glenn,grocery,22.43,16,3.92,0,0,1,0
Brandy Forbes,4668637218589350,Merchant: Novak-White,gas_station,75.56,15,14.57,0,0,2,0
Brianna Fitzpatrick,4047057126565644,Merchant: Bailey PLC,grocery,26.35,7,9.56,0,0,2,0
Emily Grant,4656667157111209,"Merchant: Ferguson, Trevino and Fleming",gas_station,31.79,15,9.56,1,0,1,0
Bailey Stewart,4018058935967927,Merchant: Lopez-Kim,dining,21.05,16,41.76,0,0,0,0
Monica Cannon,4255257615033594,Merchant: Fuller Group,electronics,36.79,14,7.73,1,0,0,0
Jennifer Jenkins,4808618683043421,Merchant: Franco-Garcia,grocery,49.02,11,3.55,1,0,1,0
Timothy Shannon,4997853210133988,Merchant: Hernandez-Wilson,dining,25.22,11,0.47,0,0,1,0
Denise Maxwell,4090400376584905,Merchant: Moore Ltd,grocery,141.18,16,7.8,0,0,2,0
Cody Farmer,4405650257870902,"Merchant: Johnson, Owens and Schultz",dining,33.64,12,7.17,0,0,2,0
Debra Bradley,4902799046369193,"Merchant: Quinn, Kennedy and Valencia",online_shopping,12.54,6,18.72,0,0,1,0
David Mcdaniel,4838648836269619,Merchant: Wilson-Kelley,dining,37.03,17,3.35,0,0,2,0
Michael Woods,4367717752969426,"Merchant: Warren, Mckinney and Hunt",dining,19.72,8,11.82,0,0,2,0
Lisa Joseph,4915489788141241,Merchant: Smith-Melendez,electronics,78.33,9,5.48,0,0,1,0
Samuel Henry,4277050875505623,Merchant: Mercer PLC,dining,13.85,8,6.12,0,0,2,0
Corey Johnson,4481888678950138,Merchant: Gibbs LLC,dining,109.12,2,4.04,0,0,1,0
Alexis Nelson,4938707414201342,Merchant: Arroyo-Davis,dining,10.32,10,8.29,0,0,1,0
Patrick Mcneil,4382814046247866,Merchant: Bailey Inc,gas_station,13.83,18,1.12,0,0,1,0
Andrea Ho,4572362733089035,Merchant: Wright Ltd,online_shopping,21.97,7,20.03,0,0,4,0
Dr. Katherine Nguyen,4544684321095495,Merchant: Maynard LLC,grocery,14.97,11,45.53,1,0,1,0
David Sullivan,4861773079099190,Merchant: Rosales-Barrera,online_shopping,47.94,13,5.55,1,0,2,0
Nicolas James,4676170995110356,"Merchant: Rowland, Duncan and Daniels",grocery,49.8,20,3.26,1,0,2,0
Logan Newton,4257621090280574,"Merchant: Trevino, Myers and Taylor",grocery,30.6,14,2.33,0,0,1,0
Kelly Liu,4500044415663058,Merchant: Miller-Rodriguez,grocery,22.19,14,23.62,1,0,2,0
Kelly Hayes,4275622021758926,Merchant: Weber-Chase,electronics,84.98,12,18.77,0,0,1,0
Amanda Forbes,4905370137607201,"Merchant: Wade, Davis and Anderson",dining,37.53,14,19.51,0,0,0,0
Jennifer Moss,4248932377567795,"Merchant: Wilson, Fowler and Bauer",grocery,29.24,6,10.23,0,0,0,0
Kelli Mccoy,4668532414842689,Merchant: Rangel Group,online_shopping,44.31,19,40.46,1,0,1,0
Eddie Sanders,4775746585785648,Merchant: Williams-Mack,grocery,31.67,2,0.88,0,0,0,0
Ronald Murray,4192427934682985,Merchant: Garcia-James,grocery,35.53,12,23.17,0,0,1,0
Louis Brown,4165228735118770,"Merchant: Hurst, Garcia and Bowers",grocery,26.55,10,7.29,0,0,0,0
Brenda Gallegos,4341448777476392,"Merchant: Stevens, Henry and Murphy",online_shopping,42.31,15,0.44,0,0,1,0
Nathan Wilson,4103188727796063,Merchant: Hernandez-Thompson,travel,66.83,18,1.62,0,0,0,0
Teresa Horton,4742050578462210,Merchant: James-Contreras,gas_station,18.36,11,4.85,1,0,1,0
Jason Hayes,4346518651531218,"Merchant: Hensley, Fleming and Buchanan",dining,16.08,19,2.35,0,0,2,0
Kevin Marquez,4138298790868654,Merchant: Brown-Burns,online_shopping,51.43,16,3.0,0,0,0,0
Jesse Wright,4466017059396708,Merchant: Smith Group,grocery,32.08,7,21.38,0,0,1,0
Susan Hogan,4552264124655297,Merchant: Frey-Henry,dining,28.56,13,1.86,0,0,0,0
Becky Wilson,4787351683202277,Merchant: Rice PLC,dining,34.27,16,1.23,0,0,0,0
Jack Mills,4131800214980085,Merchant: Flynn and Sons,grocery,25.89,10,2.45,0,0,1,0
Richard Hunt,4755577343282394,"Merchant: Thomas, Johnson and Hartman",gas_station,16.37,3,12.25,0,0,0,0
Jamie James,4321836694983595,Merchant: Smith-Sanders,grocery,6.64,11,7.79,0,0,2,0
Susan Cunningham,4846987329758450,Merchant: Garcia PLC,dining,187.65,10,1.59,1,0,1,0
Brittany Melton,4271370244698453,"Merchant: Martinez, Blackburn and Mcclure",dining,94.25,12,13.12,0,0,1,0
Michael Barnes,4906609478306264,Merchant: Aguilar-Small,gas_station,39.62,9,1.2,0,0,1,0
Randy Griffin,4658899872444635,"Merchant: Riley, Hampton and Maynard",online_shopping,22.33,12,7.0,1,0,1,0
Autumn Anderson,4284209274939095,Merchant: Mccarty-Jones,online_shopping,25.54,13,7.73,1,0,0,0
Marcus King,4122021512851362,Merchant: Davis-Goodwin,dining,35.81,13,14.53,0,0,0,0
Scott Stephens,4054165237008774,"Merchant: Ortega, Wheeler and Jones",online_shopping,18.23,12,5.49,0,0,1,0
Stephen Young,4519003226073476,Merchant: Salazar-James,travel,22.9,12,9.47,1,0,2,0
Karen Ortiz,4326748464310328,"Merchant: Garcia, Nixon and Cole",dining,23.89,14,4.67,0,0,2,0
Kyle Sanchez,4385437673058583,Merchant: Green-Smith,grocery,15.02,16,1.76,1,0,1,0
Lisa Grant,4196459968224315,"Merchant: Wilson, Curry and Jacobs",travel,37.53,23,11.99,0,0,3,0
Amber Hernandez,4125588983923075,"Merchant: Ware, Lewis and Whitaker",gas_station,4.3,12,12.67,0,0,5,0
Amanda Nash,4412570670779244,"Merchant: Randolph, Christensen and Flores",online_shopping,19.94,21,5.78,0,0,0,0
Sara Evans,4547597113156878,"Merchant: Williams, Reed and Phillips",grocery,83.59,8,3.93,0,0,0,0
Amber Butler,4102426459639460,"Merchant: Conley, Smith and Rogers",dining,20.49,14,10.03,0,0,1,0
Michael Carr,4583109035858725,Merchant: Evans Ltd,grocery,11.89,9,1.79,1,0,1,0
Linda Cobb,4327502719264213,Merchant: Vincent-Matthews,online_shopping,26.15,11,3.29,0,0,2,0
Jesse Riley,4238728807366499,Merchant: Stevens Group,dining,17.49,10,6.46,1,0,0,0
Anna Evans,4069599019643353,"Merchant: Woods, Perry and Williams",dining,30.1,9,9.57,1,0,3,0
James Jones,4239502111870002,"Merchant: Webb, Smith and Jones",gas_station,27.96,16,59.98,0,0,3,0
Joshua Carter,4822205322089395,"Merchant: Clark, Haas and Brock",grocery,26.39,9,1.83,0,0,1,0
Michael Hill,4608980466171015,Merchant: Davis Group,online_shopping,21.45,13,3.65,0,0,1,0
Kelly Dominguez,4782475991173907,Merchant: Luna PLC,online_shopping,11.08,13,4.64,0,0,0,0
Ashley Blair,4650688857602731,Merchant: King-Tucker,online_shopping,8.11,8,5.0,0,0,0,0
Victoria Webb,4603502450632706,Merchant: Day-Castro,gas_station,23.85,14,66.4,0,0,3,0
Taylor Andersen,4241694564686674,Merchant: Allen Group,electronics,9.15,16,2.36,0,0,5,0
Lee Stewart,4469142840000133,Merchant: Roman-Williams,dining,23.44,12,2.08,1,0,1,0
Whitney Gomez,4437847107382326,Merchant: Snyder-Mclaughlin,online_shopping,20.36,14,6.86,0,0,0,0
Justin Stone,4583376223345019,Merchant: Moore Ltd,grocery,51.01,6,9.45,0,0,0,0
Katherine White,4417765786610003,Merchant: Monroe-Hansen,dining,166.78,9,19.54,1,0,0,0
Michelle Krause,4591186247939337,Merchant: Scott Group,dining,33.31,21,28.49,1,0,1,0
Alexander Garrett,4891402696315557,Merchant: Brown-Olson,dining,19.75,15,6.2,1,0,1,0
Ryan Marsh,4087575751318386,Merchant: Alexander-Lopez,travel,59.3,19,11.62,1,0,1,0
Mrs. Felicia Castro DDS,4370844468501387,"Merchant: Young, Paul and Tran",gas_station,8.92,7,0.37,0,0,0,0
Curtis Campbell,4385418429326458,Merchant: Williams and Sons,grocery,10.1,13,4.42,0,0,1,0
Elizabeth Hunter,4017733701065368,"Merchant: Neal, Cruz and Serrano",online_shopping,110.87,22,9.23,1,0,0,0
Aaron Jennings,4549712793108267,Merchant: Moore-Good,grocery,14.86,2,1.51,0,0,1,0
Nathaniel Gilbert,4775699906041862,Merchant: Jackson LLC,electronics,43.55,7,0.35,1,0,1,0
Christopher Rivera,4095661182892106,"Merchant: Garcia, Douglas and Allen",grocery,34.37,6,4.91,0,0,2,0
Michael Hendricks,4586435830975332,"Merchant: Hill, Blankenship and Stafford",online_shopping,77.05,11,36.0,0,1,0,0
Maria Olson,4314928969186175,"Merchant: Ferguson, Bird and Hall",gas_station,14.05,18,0.48,0,0,1,0
Stephanie Herrera,4686345496422066,Merchant: Johnson-Brown,gas_station,17.52,8,0.63,0,0,3,0
Richard Gutierrez,4558300358087569,"Merchant: Mcdonald, Church and Hoover",travel,20.62,0,3.18,0,1,1,0
Sandy Evans,4449108853488312,"Merchant: Brooks, Wilcox and Stephens",dining,12.59,0,28.14,1,0,2,0
Emily Herrera,4727783407932818,"Merchant: Allen, Oneal and Fox",online_shopping,25.07,12,22.11,1,0,1,0
Michael Marsh,4671771103402075,Merchant: Morales PLC,grocery,28.79,12,6.38,1,0,3,0
Heather Montes,4617457417918488,Merchant: Serrano and Sons,dining,15.43,17,8.36,0,0,1,0
Andre Terrell,4000013302148908,Merchant: White LLC,gas_station,25.67,12,32.64,0,0,4,0
Sarah Duncan,4011392158192773,Merchant: Martinez LLC,grocery,5.64,10,0.76,1,0,0,0
Kurt Hancock,4443764561846898,"Merchant: Baker, Robles and Patton",grocery,33.47,23,24.46,0,0,2,0
Michele Edwards,4583365974709143,Merchant: Adams LLC,electronics,29.46,14,13.33,1,0,1,0
Jason Crawford,4192908338265618,Merchant: Christensen Ltd,online_shopping,41.75,13,5.44,0,0,2,0
Jesse Sampson,4896812666991697,"Merchant: Medina, Simpson and Carney",gas_station,17.95,8,3.77,1,0,1,0
Eric Rodriguez,4770866574865972,"Merchant: Watkins, Davis and Johnson",dining,21.31,16,54.95,0,0,0,0
Paula Gentry,4597767380075064,"Merchant: Sanchez, White and Nguyen",grocery,86.56,13,4.78,1,0,1,0
Alexander Webb,4337339347412676,Merchant: Parsons and Sons,electronics,49.39,8,48.12,0,0,0,0
Cheryl Mclean,4570738546052173,Merchant: Sparks-Blackburn,gas_station,31.24,14,1.23,1,0,0,0
Kelly Rowe,4213305878928801,Merchant: Thomas-Roberson,travel,22.59,8,12.24,0,0,2,0
Shane Short,4295576930888370,"Merchant: Jacobs, Fowler and Smith",online_shopping,41.83,11,29.14,0,0,1,0
Megan Anderson,4799190623154347,Merchant: Miller-Martin,online_shopping,9.81,12,18.14,0,0,0,0
Julia Reeves,4919747084867116,Merchant: Brown Ltd,gas_station,25.75,9,6.47,1,0,2,0
April Randolph,4249859634365094,Merchant: Ross-Sanders,grocery,80.69,6,35.21,1,0,0,0
Linda Miller,4162672408962878,"Merchant: Werner, Lopez and Lowe",grocery,1420.17,2,16.05,1,1,3,1
Angel Meyer,4132156670191876,Merchant: Johnson LLC,dining,54.39,8,6.54,1,0,0,0
Emily Lane,4710459992071895,Merchant: Murray-Tran,online_shopping,134.02,3,8.91,0,0,6,1
Steven Flores,4221318960503465,Merchant: Combs and Sons,travel,45.72,5,22.56,0,0,2,0
Donald Flores,4173417414655455,Merchant: Peterson LLC,dining,21.16,18,19.13,1,0,0,0
Bruce Hernandez,4233559164915668,Merchant: Parsons-Winters,travel,31.94,10,4.87,0,0,0,0
Adrian Dean,4036338648650079,Merchant: Carter-Valdez,electronics,37.77,16,16.78,0,0,1,0
Christine Bell,4435250191653649,Merchant: Gray-Patterson,grocery,19.65,8,1.12,0,0,0,0
Charles Bush,4066967781341451,"Merchant: Curry, Bautista and Washington",dining,30.81,14,3.63,0,0,0,0
David Jones,4448649153509043,Merchant: Vargas Ltd,gas_station,59.32,17,19.29,1,0,2,0
Gina Wallace,4518406392946519,"Merchant: Stephens, James and Jones",grocery,16.47,14,20.64,1,0,0,0
John Lowe,4271004991264389,"Merchant: Garza, White and Fields",grocery,42.39,16,5.14,0,0,1,0
Anthony Simmons,4709819205091639,Merchant: Turner LLC,grocery,34.57,13,23.92,0,0,2,0
Kyle Watkins,4923625932865710,"Merchant: Reeves, Beasley and Williams",grocery,22.95,13,0.8,0,0,0,0
Melissa Jensen,4924912830062387,Merchant: Martin-Lewis,online_shopping,12.85,8,25.89,0,0,3,0
Robert Marquez,4839245167917764,"Merchant: Lyons, Romero and Russell",dining,28.95,10,1.5,0,0,1,0
Kim Beltran,4960791172923355,Merchant: Robbins-Russell,grocery,49.43,7,11.01,1,0,3,0
Julie Anderson,4335315356287243,Merchant: Brown PLC,dining,31.88,16,1.7,0,0,1,0
Tamara Mcdonald,4040941477168289,Merchant: Kelly-Bullock,grocery,36.05,16,4.3,0,0,0,0
Michael Mckinney,4182446821636294,Merchant: Lopez-Castaneda,grocery,22.09,23,36.79,1,1,1,0
David Walker,4038647322322427,"Merchant: Beard, Decker and Russell",electronics,124.97,16,3.26,1,0,3,0
Lisa Durham,4378368125414521,Merchant: Robinson PLC,grocery,25.67,9,57.77,0,0,3,0
Michael Ortega,4847590447417642,Merchant: Clark Inc,electronics,12.71,6,7.75,0,0,1,0
Sonya Chavez,4441057940652539,"Merchant: Lawrence, Wilkerson and Ortiz",grocery,47.03,10,3.18,0,0,1,0
John Bell,4932444834519956,Merchant: Stark-House,online_shopping,27.94,8,27.35,0,0,1,0
Christopher Tate,4089775472815706,Merchant: James-Ingram,grocery,20.6,13,11.93,1,0,2,0
Bethany Garcia,4625016220437712,Merchant: Patton and Sons,dining,7.55,14,63.02,0,0,1,0
Rebecca Nguyen,4948724849261526,"Merchant: Holden, Floyd and Fisher",grocery,32.19,13,0.36,0,0,1,0
Rebecca Patel,4056820808207803,"Merchant: Lee, Smith and Pham",gas_station,79.66,7,7.11,0,0,1,0
Jason Oliver,4209252109423549,"Merchant: Ray, Young and Murphy",grocery,61.66,7,4.62,0,0,2,0
Valerie Reyes,4913027929902519,"Merchant: Dyer, Gomez and Berry",grocery,21.84,20,16.58,0,0,1,0
Robert Garza,4022798257998836,Merchant: Williams Group,travel,27.73,12,8.42,0,0,1,0
Jessica Cobb,4943260322408073,Merchant: Montoya and Sons,dining,16.51,10,23.66,0,0,0,0
Cynthia Bates,4003781715068528,Merchant: Barnett LLC,gas_station,75.4,3,9.77,1,0,1,0
Timothy Andrews,4608889592085157,Merchant: Thomas-Riddle,online_shopping,78.49,14,13.31,0,0,0,0
Mr. Joel Peters,4228660099974940,Merchant: Sutton-Page,grocery,10.41,10,10.69,1,0,0,0
Casey Blanchard,4171590364873724,Merchant: Fox LLC,electronics,40.79,10,1.19,0,0,0,0
Brian Cervantes,4901259968483432,Merchant: Perez Inc,grocery,40.27,7,2.85,0,1,0,0
Jamie Snyder,4978671542959950,Merchant: Castro and Sons,grocery,68.85,4,4.39,0,0,2,0
Ann Montoya,4194770071910356,"Merchant: Chung, Chung and Phillips",grocery,28.77,13,15.71,0,0,1,0
Stephanie Fields,4363592172340514,Merchant: Smith-Perez,dining,29.03,9,10.79,1,0,0,0
Charles Hernandez,4588663143870613,Merchant: Hunter Inc,dining,36.85,8,13.33,1,0,0,0
Jean Lane,4542118895949193,Merchant: Sanders LLC,grocery,22.62,4,18.29,0,0,2,0
Michael Stewart,4659517336664817,Merchant: Fox-Murray,grocery,55.06,9,7.53,1,0,1,0
Susan Torres,4313740019801104,Merchant: Casey-Brooks,online_shopping,20.38,10,17.25,0,0,1,0
Jessica Haas,4382244326549510,"Merchant: Graham, Rivers and Miller",travel,54.69,11,13.67,0,0,1,0
Brandon Smith,4978551791543699,Merchant: Jones PLC,gas_station,34.52,16,7.23,0,0,3,0
Mrs. Bethany Phillips,4345948930494089,"Merchant: Sosa, Gonzalez and Martin",grocery,62.23,11,38.48,0,0,1,0
Joshua Brown,4910069569819838,"Merchant: Nelson, House and Decker",gas_station,12.3,10,12.22,1,0,2,0
Samantha Howard,4316792664030759,"Merchant: Gonzalez, Patrick and Young",grocery,59.66,11,76.07,0,0,1,0
Sharon Young,4599906408106711,"Merchant: Salinas, Benson and Kerr",travel,14.05,15,3.54,0,0,0,0
Jennifer Flores,4917965105920860,"Merchant: Olson, Curtis and Williams",online_shopping,66.35,5,29.0,0,0,0,0
James Gardner,4374945583931858,"Merchant: Hall, Freeman and Carlson",gas_station,14.01,18,20.27,1,0,0,0
Karen Lopez,4654934781268884,Merchant: Hogan Ltd,grocery,48.76,11,24.83,0,0,1,0
Tim Larsen,4078632019703072,Merchant: Evans-Gordon,grocery,35.45,7,7.75,1,0,2,0
Zachary Santiago,4762325588119124,"Merchant: Duran, Hanson and Patterson",grocery,152.02,14,23.25,0,0,2,0
Benjamin Smith,4761518078442466,Merchant: Arnold Ltd,online_shopping,178.39,17,40.0,1,0,1,1
Katelyn Kim,4600425976571252,"Merchant: Sanchez, Thornton and Brown",grocery,42.2,17,19.95,1,0,0,0
Angela May MD,4458479519614999,Merchant: Thomas-Payne,online_shopping,42.25,8,11.84,1,0,2,0
Richard Munoz,4140905444962529,Merchant: Holland-Santos,dining,50.92,16,1.77,0,0,1,0
Christopher Hicks,4653897390766674,"Merchant: Ali, Contreras and Hodge",online_shopping,36.8,10,26.7,0,0,2,0
Joanna Kelly,4244203157997063,Merchant: Chambers-Jackson,dining,53.75,11,15.24,0,0,0,0
Larry Lane,4811245077836353,"Merchant: Brown, Humphrey and Jacobs",electronics,33.53,19,3.08,1,0,4,0
Cynthia Shaw,4968019227166230,Merchant: Thomas-Mitchell,online_shopping,102.17,13,8.79,1,0,0,0
Joshua Richardson,4526017726558134,Merchant: Harrell LLC,electronics,37.65,18,41.67,0,0,2,0
Laura Bush,4613542701823322,Merchant: Morales-Smith,grocery,31.66,14,7.49,0,0,3,0
John Vaughn,4025304674071856,Merchant: Vazquez Ltd,grocery,22.19,11,0.65,1,0,1,0
Nicholas Terrell,4311564835628752,Merchant: Morrison and Sons,grocery,3.1,5,11.42,1,0,0,0
Dr. Julie Miller,4184833649215294,Merchant: Lee Inc,electronics,216.95,23,126.19,1,0,1,1
Ann Kennedy,4458716639303221,Merchant: Oliver Group,gas_station,30.18,10,5.64,0,0,0,0
Toni Miller,4688070182155741,Merchant: Li LLC,online_shopping,14.9,10,14.39,0,0,0,0
Rebecca Edwards,4251218833401793,"Merchant: Daniels, Browning and Thompson",grocery,8.69,18,24.7,0,0,1,0
Greg Osborne,4944557669625360,"Merchant: Bates, Lynch and Mueller",grocery,5.71,11,4.38,1,0,0,0
Jose Harrison,4117120345741753,"Merchant: Navarro, Vargas and Young",online_shopping,50.0,18,9.19,0,0,1,0
Jennifer Yu,4592300224223719,Merchant: Anderson Ltd,grocery,28.03,18,4.31,1,0,0,0
Donna Johnson,4643335199972113,"Merchant: Pollard, Fuller and Olson",electronics,35.49,14,3.61,1,0,1,0
Nicole Acosta,4529270993067647,"Merchant: Harding, Townsend and Whitaker",grocery,46.56,15,10.48,1,0,0,0
Amy Kennedy,4011731010910460,"Merchant: Braun, Roberts and Ramirez",grocery,85.68,6,8.06,0,0,2,0
Anthony Mooney,4052049566865107,"Merchant: Fowler, Taylor and Bennett",online_shopping,42.93,10,5.5,0,0,2,0
Lori Mitchell,4895372278392900,"Merchant: Ellis, Knight and Little",grocery,35.85,10,3.09,0,0,1,0
Jonathan York,4532448880769658,"Merchant: Smith, Osborne and Spears",dining,71.22,9,20.87,0,0,2,0
Casey Campbell,4765439592891466,"Merchant: Ray, Moore and Rocha",online_shopping,44.43,0,10.41,0,0,0,0
Alexis Rodriguez,4124534749116084,Merchant: Brady-Gonzalez,electronics,42.64,12,0.1,0,0,4,0
Kevin Hernandez,4781822234494478,Merchant: Miller PLC,grocery,30.54,20,2.84,1,0,1,0
Robert Green,4848569445142153,"Merchant: Hernandez, Mack and Harrison",dining,39.02,7,5.05,0,0,3,0
Kari Lloyd,4299142607133917,Merchant: Craig-White,online_shopping,83.66,7,12.64,0,0,0,0
Grace Miller,4382764612395542,Merchant: Hebert Inc,grocery,78.42,20,21.06,1,0,0,0
Timothy Moore,4259137206773095,Merchant: Ballard LLC,grocery,36.39,9,4.15,0,0,2,0
Wyatt Townsend II,4803993468620759,Merchant: Warner-Reynolds,grocery,5.66,15,16.78,0,0,2,0
Mark Clark,4919193828918354,Merchant: George Group,gas_station,7.6,17,12.59,1,0,1,0
Haley May,4739848550506812,Merchant: Andrews-Olson,dining,112.38,15,35.73,1,1,1,0
Audrey Jackson,4114627856621763,Merchant: Brown Inc,online_shopping,16.32,12,8.03,0,0,1,0
Eric Reese,4724381445651491,"Merchant: Walsh, Johnson and Jackson",online_shopping,58.89,13,1.87,0,0,1,0
Kim James,4530144633845547,"Merchant: Leonard, Martinez and Hanson",travel,384.6,11,211.25,1,1,4,1
Karen Thomas,4012221988481313,"Merchant: Curtis, Stephens and Jones",electronics,5.67,8,0.7,0,0,1,0
Alexandra Ho,4059308989309223,"Merchant: Thomas, Pena and Perkins",travel,12.23,10,13.06,1,0,3,0
Michael Nixon,4024176697068387,"Merchant: Ramirez, Coleman and Johnson",gas_station,39.13,15,20.47,0,0,1,0
Amanda Hardin,4826674000977351,"Merchant: Hardy, Burnett and Diaz",online_shopping,16.92,7,6.43,1,0,1,0
Tina Reynolds,4962595901213550,Merchant: Green Group,grocery,18.97,17,10.55,0,0,1,0
Shannon Rogers,4012534364669370,Merchant: Fernandez-Lewis,online_shopping,48.2,14,5.64,1,0,3,0
Brett Pena,4675644031482210,Merchant: Ashley Group,online_shopping,39.76,9,5.07,0,0,0,0
Raymond Curry,4945720555321689,Merchant: Ruiz Inc,dining,12.92,0,12.0,1,0,2,0
Leah Lee,4550269450583601,Merchant: Macias-Smith,travel,11.89,11,1.62,1,1,1,0
Michael White,4228849939288666,Merchant: Thomas Group,grocery,96.14,0,25.56,0,0,0,0
Megan Decker,4106528544305233,Merchant: Blevins-Carrillo,online_shopping,60.61,21,13.38,0,0,1,0
Brent Garcia,4141637072742001,"Merchant: Moreno, Dickerson and Doyle",grocery,41.79,9,3.62,0,0,2,0
Daniel Campbell,4029407993977889,Merchant: Colon PLC,travel,28.37,5,6.32,0,1,1,0
Alexander Davis,4048591590542480,Merchant: Thomas Ltd,dining,14.4,9,6.29,0,0,1,0
Mary Houston,4840414714088779,"Merchant: Ramos, Carney and Austin",dining,48.93,8,8.22,1,0,0,0
Margaret Erickson,4156992291379016,Merchant: Kelley Ltd,grocery,49.91,16,8.09,0,0,1,0
Scott Anderson,4884047633099472,Merchant: Johnson Group,dining,30.14,9,3.79,0,0,0,0
Stephanie Knight,4415928427677417,Merchant: Clark Inc,grocery,36.03,19,31.03,1,0,1,0
Stephanie Dominguez,4537466785637163,Merchant: White-West,travel,35.67,5,5.05,1,0,1,0
John Mayer,4361116859524174,Merchant: Hancock-Bass,grocery,12.65,14,41.93,0,0,0,0
Tammy Hill,4687478256343252,"Merchant: Thomas, Castro and Carrillo",grocery,29.15,12,15.87,0,0,2,0
Steven Carrillo,4011028831491410,Merchant: Hoffman-Parker,gas_station,14.33,9,24.12,0,0,1,0
Christopher Jones,4112017474815793,Merchant: Turner Group,online_shopping,1555.15,3,355.53,0,1,3,1
Janet Cook,4194238021245828,Merchant: White and Sons,grocery,50.64,17,0.13,0,0,1,0
Tyler Baker,4708070927857433,Merchant: Evans-Mason,dining,13.39,6,18.5,0,0,3,0
John Mcfarland,4425424702691545,Merchant: Mcclain and Sons,grocery,42.78,9,7.14,1,0,1,0
Cassandra Vasquez,4669207297223187,Merchant: Herrera PLC,grocery,177.25,6,41.65,0,0,0,0
Randy Robinson,4086334453975080,Merchant: Mclaughlin-Williams,electronics,17.42,7,29.4,1,0,1,0
Susan Baldwin,4903856980284405,Merchant: Combs and Sons,online_shopping,126.1,13,4.19,0,0,1,0
Benjamin Duncan,4783626849414799,Merchant: Jones and Sons,online_shopping,13.58,10,49.25,0,0,1,0
Jeremy Mosley,4447515379260607,"Merchant: Lopez, Kim and French",dining,23.54,10,2.79,0,0,0,0
Martin Fitzpatrick,4382000297806788,"Merchant: Hanson, Owens and Tanner",online_shopping,14.63,11,5.2,0,0,1,0
Deborah Graves,4465530922221284,Merchant: Hampton-Delgado,dining,19.62,10,31.7,0,0,1,0
Laura Robertson,4690358322327239,"Merchant: Brown, Stanton and Johnson",gas_station,11.96,9,3.72,0,0,0,0
Katherine Graham,4424160838814897,"Merchant: Clements, Conway and Chavez",grocery,21.4,11,5.28,0,0,1,0
Priscilla Floyd,4822332284661993,"Merchant: Nguyen, Santiago and Schwartz",grocery,24.0,14,1.41,0,0,1,0
April Finley,4108186321337529,"Merchant: Patel, Stewart and West",online_shopping,92.89,18,3.37,0,0,1,0
Karen Bradley,4455447227004897,Merchant: Lucas-Taylor,grocery,46.09,10,3.45,0,0,1,0
Heather Maldonado,4442259730374857,"Merchant: Kim, Stewart and Cardenas",gas_station,96.93,11,3.18,1,0,3,0
Mark Benjamin,4837432006083071,"Merchant: Peters, Coleman and Stafford",grocery,58.32,16,7.0,1,0,1,0
Joseph Woodward,4366758598771577,Merchant: Todd and Sons,grocery,99.23,18,10.2,1,0,3,0
Joe Miranda,4335383790238941,Merchant: Leonard and Sons,grocery,10.26,12,0.79,1,0,0,0
Cassandra Williams,4569476192781208,"Merchant: Butler, Norman and Page",grocery,21.72,13,17.19,0,0,0,0
Connor Dominguez,4962480995224278,Merchant: Thompson Group,gas_station,50.29,10,21.64,0,0,1,0
Lydia Howard,4617372017011750,Merchant: Casey-Martinez,grocery,23.99,12,10.5,0,0,4,0
Mark Moss,4567747351067445,Merchant: Mullins-Curry,grocery,69.08,2,22.33,0,0,0,0
Corey Cortez,4998907167788035,Merchant: Austin Inc,online_shopping,73.13,11,26.3,0,0,1,0
Katherine Brown,4249230083341871,Merchant: Murray-Miller,dining,40.83,17,4.1,0,0,1,0
Elizabeth Ferguson,4550393038035437,Merchant: Cross-Gonzales,dining,9.98,16,11.65,0,0,2,0
Joann Forbes,4373129504888197,Merchant: Jackson Inc,electronics,47.72,15,21.82,0,0,1,0
Anthony French,4599732292780993,Merchant: Walker PLC,grocery,23.7,11,70.96,1,0,1,0
Bruce Roman,4839863910620467,Merchant: Le-Morgan,grocery,49.02,11,4.02,0,0,1,0
Judy Gregory,4863038169194865,Merchant: Tapia-Walker,grocery,34.78,7,14.91,1,0,2,0
Brittany Riley,4076986444911854,Merchant: Garcia Inc,dining,26.94,9,8.52,1,0,0,0
Amanda Thomas,4015427255730186,"Merchant: Pratt, Callahan and Davis",grocery,72.79,13,61.5,0,0,3,0
Kaitlin Hardin,4872584230227274,"Merchant: Choi, Webb and Ramirez",travel,23.62,6,1.81,1,0,1,0
Michael Anderson,4215272311434169,"Merchant: Hill, Warren and Garrett",grocery,33.0,14,21.54,0,0,2,0
Anthony Parker,4382677597277719,Merchant: Hoffman Inc,grocery,28.76,11,50.6,1,1,1,0
Joy Jackson,4605346574096838,Merchant: Green Inc,grocery,45.59,9,1.95,1,0,2,0
Sabrina Rodriguez,4869871646292918,Merchant: Webb PLC,online_shopping,12.17,12,2.22,0,0,0,0
Robert Walker PhD,4736053908110002,Merchant: Short-Hernandez,dining,7.31,9,2.69,0,0,5,0
Robert Hendrix,4783182637419871,"Merchant: Leach, Long and Frederick",electronics,19.31,21,8.3,1,0,1,0
Erika Daugherty,4322508193392276,Merchant: Singh Ltd,travel,205.06,18,7.06,1,0,4,1
Brenda Copeland,4454544727879249,Merchant: Williams PLC,electronics,69.43,5,3.14,0,0,1,0
Pamela Watkins,4771740668679947,Merchant: Garcia-Hickman,grocery,42.6,18,13.07,0,0,0,0
Bryan Thomas,4061376982376180,Merchant: George Group,grocery,39.36,12,4.56,0,1,1,0
Michael Tran,4593087879091280,"Merchant: Hill, Gonzalez and Cannon",grocery,39.48,12,0.49,0,0,2,0
Timothy Williams,4212635815671028,"Merchant: Adams, Perkins and Greene",dining,9.9,6,20.48,0,0,1,0
Ryan Salazar,4225193356284434,Merchant: Frederick LLC,online_shopping,17.17,12,4.18,0,0,0,0
Alexis Tucker,4282840125200436,"Merchant: Cruz, Martinez and Shannon",grocery,5.01,9,6.33,0,0,0,0
Christopher Davis,4091828124796661,Merchant: Ellis PLC,online_shopping,8.0,15,19.43,0,0,1,0
Stacie Butler,4830317294099375,Merchant: Cisneros Group,dining,34.1,10,37.64,1,0,2,0
Patricia Schwartz,4137684814196795,"Merchant: Yates, Jones and Sparks",electronics,31.76,12,4.53,0,0,1,0
Mark Mills,4845192084965389,Merchant: Moore Group,dining,66.47,2,10.68,0,0,2,0
Todd Bishop,4194056845934017,"Merchant: Moreno, Wu and Baker",electronics,32.48,16,28.69,0,0,2,0
Christopher Porter,4752879972257504,Merchant: Lee PLC,grocery,34.52,7,39.86,0,0,1,0
Lori Patton,4259312272544957,Merchant: Weaver LLC,online_shopping,23.64,13,36.34,1,0,2,0
Aaron Young,4030795825467724,"Merchant: Saunders, Washington and Olson",gas_station,336.26,23,53.32,0,0,2,1
Joseph Davis,4967783907516383,"Merchant: York, Lane and Williams",grocery,38.22,7,1.33,1,0,1,0
Philip Fernandez,4662679409907377,Merchant: Ramos LLC,online_shopping,57.58,12,1.87,1,0,2,0
Randy Hopkins,4291764803614545,Merchant: Martin PLC,dining,101.81,10,4.37,0,0,1,0
Cory Hogan,4029195650584847,Merchant: Banks-Patterson,grocery,91.11,7,33.37,0,1,0,0
Tracy Wells,4492283560229352,Merchant: Ray-King,online_shopping,9.3,6,6.37,0,0,0,0
Michael Williams,4174863693805841,Merchant: Gomez Inc,electronics,17.51,8,19.58,1,0,0,0
Dominique Hamilton,4070435175931729,"Merchant: Moore, Clark and Cuevas",electronics,28.6,13,16.04,1,0,4,0
Robert Chang,4108456314796126,"Merchant: Ayala, Griffith and Austin",grocery,45.67,12,15.2,0,0,1,0
Patrick Buckley,4508899755853797,Merchant: Brown-Martinez,dining,15.68,11,1.46,0,0,3,0
Richard Washington,4881668096511985,Merchant: Thompson and Sons,grocery,26.49,14,51.37,1,0,0,0
Steven Griffith,4447321778545742,"Merchant: Caldwell, Hale and Mcclure",online_shopping,8.2,10,6.4,0,0,1,0
Erika Gonzalez,4706085588348565,"Merchant: Coffey, Murphy and Williams",grocery,85.93,7,0.92,0,0,1,0
Erika Maxwell,4327541156527708,Merchant: Marquez-Bates,travel,34.72,7,18.17,1,0,3,0
Brent Rojas,4562669981805272,Merchant: Blake LLC,grocery,42.6,12,5.12,1,0,1,0
Jaime Walker,4008546316460662,Merchant: Holt Inc,gas_station,61.41,21,3.67,0,0,0,0
John Zamora,4932375583883336,Merchant: Martinez LLC,electronics,67.63,19,0.73,1,0,0,0
Timothy Gibson,4493254859282062,"Merchant: Hernandez, White and Perry",dining,82.6,15,18.67,0,0,1,0
Chad Cortez,4653479710900281,Merchant: Hernandez Ltd,grocery,8.35,8,1.23,0,0,1,0
Vanessa Harris,4000326661780883,Merchant: Martin-Ruiz,online_shopping,29.91,14,12.09,1,0,0,0
Michael Brown,4449916277650295,"Merchant: Johnson, Mccann and Patterson",dining,14.18,11,0.94,0,0,1,0
Samuel Ellis,4250122915353750,Merchant: Nelson Ltd,online_shopping,24.92,9,26.17,0,0,1,0
Greg Tanner,4719766162429336,Merchant: Reynolds Inc,gas_station,19.03,13,18.83,0,1,0,0
Rachel Little,4107017744608348,Merchant: Turner-Miller,online_shopping,17.0,7,15.15,0,0,2,0
Carolyn Cordova,4491750783123316,Merchant: Gregory-Wilson,dining,44.11,6,60.75,1,0,1,0
Angelica Vincent,4349762174103751,Merchant: Sellers-Simpson,grocery,16.94,19,29.06,1,0,1,0
Zachary Vargas PhD,4416486689823970,Merchant: Hawkins-Mccall,gas_station,16.19,6,0.98,0,0,3,0
Nicholas Fitzgerald,4278602849635552,Merchant: Bonilla-Montoya,online_shopping,84.0,16,1.04,1,0,2,0
Garrett Riley,4121991499525356,Merchant: Norris LLC,grocery,27.67,11,34.41,0,0,2,0
Leslie Hernandez,4301965497059446,Merchant: Martinez-Cummings,grocery,24.69,17,2.65,0,1,1,0
Abigail Baird,4991452102038870,Merchant: Clark-Garrison,online_shopping,16.99,14,20.09,0,0,0,0
John Mack,4713604212100464,Merchant: Adams-White,electronics,22.16,8,39.77,0,0,2,0
Joseph Mendoza,4975210084865425,Merchant: Flores Ltd,grocery,41.57,5,18.51,0,0,2,0
Samantha Chavez,4568622290544177,Merchant: Juarez-Turner,online_shopping,12.29,13,11.95,0,0,3,0
Justin Smith,4056739293690705,Merchant: Foster Group,online_shopping,45.84,11,5.1,0,0,1,0
Tiffany Anderson,4487235838951750,"Merchant: Turner, Page and Tate",dining,9.84,10,10.39,1,0,0,0
Matthew Davis,4047700483076271,Merchant: Stephens-Hamilton,dining,11.87,15,16.34,1,0,4,0
Eric Warner,4255382743832624,Merchant: Wilson Inc,grocery,60.62,14,7.31,0,0,2,0
Nicole Johnson,4506348373230147,Merchant: Snyder-Gardner,online_shopping,9.97,11,21.35,1,0,5,0
Raymond Sawyer,4467503809541858,"Merchant: Newton, Cline and Page",grocery,36.37,15,2.9,1,0,0,0
Richard Wood,4039710104433058,Merchant: Garrett-Lindsey,dining,10.69,10,12.54,1,0,3,0
Mark Dalton,4980993409600873,Merchant: Tran and Sons,grocery,37.75,5,0.73,0,0,0,0
Steven Cook,4848655842252776,"Merchant: Howard, Alexander and Ray",electronics,41.28,4,6.81,0,0,0,0
Jeffery Nelson,4857556442927759,Merchant: Long and Sons,dining,13.85,8,0.91,0,0,0,0
Kimberly Norton,4193252674942228,"Merchant: Jacobson, Contreras and Hill",dining,66.39,8,7.04,0,0,0,0
Angela Gilmore,4660952381498711,Merchant: Randall Group,travel,14.63,12,7.1,0,0,2,0
Amy Dougherty,4203577793124045,Merchant: Jones-Nielsen,dining,22.85,11,31.28,0,0,1,0
Stacy Rodriguez,4863623175533733,"Merchant: Price, Pruitt and Shepard",online_shopping,18.77,11,0.53,0,0,2,0
Manuel Diaz,4776306585827657,Merchant: Riley LLC,grocery,111.47,12,11.18,0,0,0,0
Justin Jones,4699158973037850,Merchant: Hardy Ltd,dining,52.03,11,27.11,0,0,1,0
Christine Zavala,4442983687619077,Merchant: Rogers and Sons,electronics,33.67,15,7.94,0,0,1,0
Brian Mendoza,4056115551074983,Merchant: Pruitt-Cole,dining,18.16,7,32.63,0,0,1,0
Lauren Haley,4886961158890172,"Merchant: Bishop, Reese and Ford",grocery,11.65,9,5.0,0,0,3,0
Patrick Perez,4872970126831560,Merchant: Rocha-Lambert,grocery,22.65,19,7.06,1,0,0,0
Derek Frazier,4420605116976903,"Merchant: Bryan, Moore and Hammond",dining,38.24,16,20.33,1,0,2,0
Arthur Reed,4435268219471901,Merchant: Salas LLC,electronics,33.76,17,10.1,0,0,2,0
Mr. Bryan Mckinney,4327107325759216,Merchant: Gardner and Sons,gas_station,41.93,3,8.14,1,0,1,0
Kim Carter,4303489905643178,"Merchant: Miller, Flynn and Snyder",online_shopping,19.73,13,5.92,0,0,0,0
Rebecca Dougherty,4104631186701982,Merchant: Reed Group,online_shopping,23.08,17,1.76,0,0,1,0
Teresa Jones,4835054459318135,Merchant: Santiago and Sons,grocery,126.39,8,3.38,0,0,1,0
Judith Miller,4254709973413504,Merchant: Perez-Avila,dining,14.5,10,3.3,0,0,1,0
Donna Frye,4407647186294368,Merchant: Lindsey LLC,dining,40.44,10,20.03,0,0,2,0
Donald Terry,4314539480720788,Merchant: Miller-Evans,online_shopping,24.7,6,13.38,1,0,0,0
Shaun Meyer DDS,4584584022277601,Merchant: Rivera LLC,online_shopping,16.43,11,2.12,0,0,1,0
Wayne Weaver,4180667252793443,"Merchant: Phillips, Flores and Frazier",online_shopping,14.9,6,15.44,1,0,3,0
Gregory Wallace,4519067742108306,Merchant: Johnson-Stevens,online_shopping,19.75,18,3.55,1,1,0,0
Dorothy Brown,4344371084257544,"Merchant: Anderson, Russo and Boyd",grocery,65.37,6,29.47,0,0,1,0
Crystal Meza,4373534972486897,Merchant: Hunter-Davis,grocery,29.46,16,10.92,0,0,2,0
Jennifer Cooper,4225350227746906,Merchant: Smith-Kent,grocery,12.1,14,1.97,0,0,0,0
Erin Watkins,4384713705877526,Merchant: Garcia-Garcia,grocery,31.98,17,29.75,1,0,1,0
Sarah Wallace,4212004023420332,Merchant: Williams-Lester,electronics,113.32,11,17.84,1,0,0,0
Carlos Clarke,4384535002156381,"Merchant: Ayala, Smith and Burns",dining,68.1,9,0.28,0,0,2,0
David Washington,4666943658694912,Merchant: Taylor-Santos,dining,20.05,16,5.72,0,0,2,0
Patricia Williams,4851344553296777,Merchant: Lozano-Lucero,gas_station,98.05,22,17.1,0,0,0,0
Jesus Jackson,4759428318886163,Merchant: Marsh LLC,grocery,15.95,8,2.6,0,0,1,0
Michelle Mitchell,4633428091154161,Merchant: Jones PLC,grocery,24.26,18,19.29,1,0,2,0
Sara Schwartz,4497705491140659,"Merchant: Kennedy, Cortez and Robinson",gas_station,49.44,15,6.16,1,0,1,0
Brittany Young,4765126749075354,Merchant: Garcia LLC,dining,29.27,16,2.02,1,1,2,0
Eugene Martinez,4383456293349562,"Merchant: Johnston, Reeves and Barber",online_shopping,23.81,7,16.35,0,0,0,0
Cody Hart,4158223094760592,"Merchant: Fletcher, Scott and Bautista",travel,15.03,16,1.28,1,0,2,0
Evan Cooper,4765612498334415,Merchant: Hill-Murphy,grocery,19.66,10,6.75,0,0,3,0
Joshua Martin,4679693892529144,"Merchant: Murray, Conway and Moss",dining,67.65,12,6.33,0,0,1,0
Thomas Sullivan,4735290831168670,Merchant: Sheppard PLC,travel,49.24,6,3.62,0,0,0,0
Mr. Jimmy Flores Jr.,4478687320718116,Merchant: Sweeney Inc,online_shopping,21.85,9,5.61,0,0,2,0
Vanessa Rivera,4944182697187018,"Merchant: Kennedy, Leach and Anderson",online_shopping,61.97,8,6.1,0,0,0,0
Kara Roberts,4398740541919992,Merchant: Patterson-Thompson,grocery,25.66,17,34.59,0,0,2,0
Veronica Berry,4985117426142272,Merchant: Mann-Boyer,online_shopping,33.77,8,9.06,0,0,2,0
Keith Meadows,4045122858937080,Merchant: Schmitt and Sons,grocery,38.8,9,17.56,0,0,3,0
Michael Dennis,4035743189100494,Merchant: Townsend and Sons,online_shopping,9.61,21,3.56,0,0,3,0
Brenda Pierce,4460128549972630,"Merchant: White, Hampton and Rogers",gas_station,61.26,10,1.18,0,0,0,0
James Randall,4508108667042956,"Merchant: Smith, Huber and Odonnell",dining,17.67,8,4.73,0,0,1,0
Brandon Brown,4903540642823590,Merchant: Morse LLC,grocery,57.54,11,6.75,0,0,0,0
Lauren Walker,4887691864841214,Merchant: Lin LLC,grocery,29.74,12,0.31,0,0,1,0
Diana Johnson,4349605937062725,Merchant: Stafford-Page,online_shopping,75.51,7,11.61,0,0,1,0
Jill Powers,4526436113887056,Merchant: Ray-Villanueva,grocery,13.9,12,13.86,0,0,1,0
Jorge Lee,4162984754870096,Merchant: Wilson-Daugherty,grocery,111.71,6,47.34,1,0,1,0
Larry Harding,4461469948385605,Merchant: King-Cardenas,online_shopping,37.68,16,0.35,1,0,1,0
Heather Hernandez,4668586778953243,Merchant: Orozco and Sons,dining,15.42,8,14.78,0,0,2,0
Jaclyn Watson,4539303619993264,"Merchant: Silva, Barr and Carroll",dining,22.49,14,6.3,0,0,1,0
Gregory Madden,4386157423683782,"Merchant: Patterson, Grant and Taylor",gas_station,49.25,9,29.94,0,0,0,0
Anita Luna,4371718658807466,"Merchant: Pierce, Rush and Perry",electronics,35.06,17,23.14,0,0,1,0
Willie Lara,4204654565663630,Merchant: Underwood LLC,electronics,76.52,15,30.93,0,0,2,0
Robert Waller,4381392223042104,Merchant: Wiggins-Campbell,travel,36.89,3,11.05,1,0,0,0
Steven Taylor,4799820487937011,Merchant: Sullivan-Brewer,online_shopping,84.66,16,10.56,1,0,2,0
Angelica Clark,4335793775901299,"Merchant: Kerr, Baldwin and Gomez",grocery,19.33,18,55.27,1,0,0,0
Sean Hatfield,4992920133704578,Merchant: Hernandez-Taylor,dining,22.99,18,7.69,0,0,1,0
Tyler Avila,4085074911392822,Merchant: Rush-Hernandez,grocery,46.0,17,5.69,0,0,0,0
Jason Rocha,4696493826831388,Merchant: Anderson-Taylor,grocery,5.62,6,0.28,0,0,0,0
Justin Page,4033833673614043,"Merchant: Hamilton, Beard and Mason",gas_station,61.28,7,13.31,0,0,1,0
Breanna Lopez,4619456158181106,Merchant: Myers-Perry,grocery,48.06,17,6.76,0,0,0,0
Julian Williams,4994292231978951,"Merchant: May, Davis and Travis",online_shopping,15.86,21,5.91,1,0,0,0
Sandra Torres,4201089810723223,Merchant: Anderson and Sons,online_shopping,24.61,11,13.49,1,0,5,0
Julie Johnson,4478301944108833,"Merchant: Le, Davis and Williams",dining,10.56,7,3.49,1,0,5,0
Dennis Blanchard,4442537424941788,Merchant: Brooks Inc,grocery,23.32,19,17.83,0,0,0,0
Kaitlyn Valdez,4847702392831095,Merchant: Smith-Hernandez,online_shopping,29.31,16,21.77,0,0,0,0
Jennifer Vasquez,4571910439792343,"Merchant: Watson, Reed and Harris",grocery,54.12,6,7.66,0,0,0,0
Danielle Wilson,4024250596310628,Merchant: Murphy-Cabrera,electronics,41.88,10,3.45,0,0,1,0
Zachary Jones,4844187768961762,Merchant: Waters Group,online_shopping,24.84,10,9.67,0,0,1,0
Lauren Cunningham,4296204297581012,Merchant: Moore-Matthews,dining,34.17,7,9.53,0,0,0,0
Lori Alvarez,4100825923065115,"Merchant: Alvarado, Rose and Miller",dining,14.79,11,41.66,0,1,0,0
Barbara Hunt,4682515288004967,"Merchant: Boyd, Carson and Hayes",grocery,22.65,18,0.1,0,0,1,0
Sarah Martin,4546905084951709,Merchant: Simpson Ltd,grocery,122.65,9,1.51,0,0,0,0
Francisco Johns,4204730878875267,Merchant: Hobbs Inc,grocery,50.58,7,7.98,0,0,1,0
Christopher Nelson,4228441333580219,Merchant: Sanders LLC,dining,73.95,9,9.53,1,0,1,0
Thomas Kelly,4377002335823509,Merchant: Horn-Wilkins,dining,38.32,23,9.83,1,0,2,0
Joseph Mayer,4274157088328603,"Merchant: Parrish, Ingram and Edwards",dining,20.22,13,3.09,0,0,3,0
Pamela White,4161435434918921,Merchant: Taylor-Bell,online_shopping,59.45,12,22.95,1,1,1,0
Paul Stephens,4557464333040308,Merchant: Scott Inc,grocery,45.34,17,5.02,0,0,2,0
Samantha Cohen,4818158535062921,Merchant: Hernandez Ltd,dining,31.84,15,10.52,1,1,0,0
Michael Barker,4809949194373331,Merchant: Rodriguez and Sons,grocery,27.85,15,4.27,0,0,0,0
Kevin Morrow,4293865568502201,Merchant: Miller Group,online_shopping,56.67,9,5.99,0,0,0,0
Joseph Watson,4538479279513245,Merchant: Charles and Sons,dining,18.11,13,29.86,0,0,0,0
Mr. Thomas Garcia,4518359146120149,Merchant: Parker Inc,dining,32.73,12,0.52,0,0,0,0
Daniel Lopez,4798340077160107,Merchant: Benson and Sons,dining,21.92,6,6.62,0,0,2,0
Lisa Guerra,4173499632155336,Merchant: Buckley-Rose,online_shopping,21.85,13,0.1,1,0,1,0
Kim Arnold,4531752861224000,Merchant: Johnson-Gentry,dining,37.34,6,5.01,0,0,1,0
Ashley Stevens,4259375818350023,Merchant: Gill-Larson,dining,30.89,8,18.33,0,0,1,0
Robert Mclean,4874089757842354,Merchant: Baker and Sons,grocery,21.51,7,1.17,1,0,1,0
Eric Cox,4802642149288418,Merchant: Roberts PLC,grocery,30.41,12,5.24,0,0,0,0
Stacy Harper,4344779279693929,Merchant: Anderson Inc,grocery,28.34,16,0.53,1,1,0,0
Gloria Mckinney,4551570453304344,Merchant: Edwards LLC,gas_station,16.05,12,2.54,0,0,2,0
Robert Walker,4815988268744334,Merchant: Miller-Riggs,grocery,5.48,12,4.63,0,0,1,0
Brenda Perez,4314029030081030,Merchant: Young-Aguilar,grocery,24.6,14,1.86,0,0,1,0
Carlos Miller,4114075597862165,"Merchant: Clark, Clark and Simpson",electronics,14.29,12,11.59,0,0,1,0
Rachel Jones,4484430534475500,Merchant: Contreras-Burnett,gas_station,12.84,19,54.89,1,0,1,0
Nicole Williams,4382888161371958,Merchant: Morris-Sanchez,grocery,14.24,6,0.13,1,0,1,0
Ricky Palmer,4732714635542841,Merchant: Jones-Powell,electronics,33.64,12,0.21,0,0,2,0
Bryan King,4863872032383226,Merchant: Brown PLC,grocery,16.36,19,10.28,0,0,2,0
Michael Webster,4049432740265582,Merchant: Powers Inc,grocery,28.14,10,11.7,0,0,1,0
Tamara Harris,4924580233108188,Merchant: Bell-Smith,grocery,17.11,17,0.42,0,0,1,0
Cathy Bell,4480514388273741,"Merchant: Simmons, Griffin and Williams",grocery,8.48,18,35.66,1,0,2,0
Ryan Mcmahon,4994471813240622,Merchant: Ramsey and Sons,grocery,58.04,7,62.65,0,0,3,0
Hannah Martin,4461335473370256,Merchant: King and Sons,grocery,43.77,0,0.88,1,0,2,0
Monica Allen,4563481415771800,Merchant: Atkins and Sons,gas_station,28.32,15,0.53,1,0,1,0
Annette Lane,4492239665285145,Merchant: Hernandez Ltd,travel,14.12,16,4.98,0,0,2,0
Daniel Lee,4908274574565996,"Merchant: Carter, Lee and Rodgers",grocery,34.93,9,4.32,0,0,1,0
Steven Medina,4507633736435379,Merchant: Harris LLC,gas_station,17.76,8,17.75,1,0,1,0
Annette Lewis,4214630700958307,Merchant: Price Ltd,electronics,25.35,11,0.89,1,0,1,0
Michelle Richardson,4286323102655746,"Merchant: Chen, Bryant and Johnson",gas_station,10.14,5,5.36,1,0,0,0
Jessica Rosario,4449366735216083,"Merchant: Harris, Parker and Hernandez",online_shopping,49.0,13,4.76,0,0,1,0
Henry Gray,4402897409393498,Merchant: Moore Inc,dining,5.93,13,3.96,1,0,0,0
Darren Rodriguez,4479353956215427,Merchant: Bautista-Anthony,online_shopping,12.53,9,66.86,0,0,1,0
Mrs. Ashley Taylor,4267188926701361,Merchant: Keith-Hall,grocery,15.5,13,4.87,0,0,1,0
Michele Hawkins,4916673221775942,Merchant: Tate-Johnson,online_shopping,42.53,18,7.79,0,0,1,0
Garrett Wilson,4447720453376978,Merchant: Chavez-Watson,grocery,17.21,22,11.49,0,0,0,0
Kyle Collins,4627624396063002,Merchant: Mccoy-Ramirez,grocery,18.92,6,7.07,0,0,0,0
Jill Spencer,4982338917873562,"Merchant: Lee, Bradshaw and Collins",dining,25.23,11,15.87,1,0,1,0
Scott Lopez,4921187816269875,Merchant: Little LLC,online_shopping,17.12,17,16.03,0,0,0,0
Ryan Alvarez,4351059734468500,"Merchant: Phillips, Strong and Mitchell",dining,22.84,9,3.48,0,0,3,0
Cassie Lutz,4947947929361665,Merchant: Lane and Sons,online_shopping,26.94,10,14.41,0,0,2,0
Brian Kim DDS,4908792968636776,"Merchant: Stephenson, Hester and Dawson",dining,40.76,16,11.24,0,0,1,0
Charles Morales,4396635273600756,"Merchant: Nichols, Holt and Freeman",grocery,58.78,18,1.76,0,0,1,0
Ashley Schaefer,4040841383890119,Merchant: Hernandez Group,grocery,38.78,9,4.55,0,0,0,0
Amy Hester,4528207907798868,Merchant: Russell-Mooney,grocery,40.36,14,5.28,1,0,0,0
Kurt Ewing,4825616640280283,"Merchant: Johnston, Salazar and Miller",online_shopping,22.63,12,3.48,1,0,1,0
Ryan Hardy,4222446616517586,Merchant: Taylor Inc,online_shopping,37.92,8,20.53,0,0,1,0
Micheal Perkins,4662657043883394,Merchant: Diaz PLC,grocery,11.67,12,29.36,0,0,0,0
Richard Schneider,4384099126917640,Merchant: Rodriguez Group,online_shopping,28.43,10,9.24,0,1,0,0
John Morrison,4774273598407053,Merchant: Young-Ramos,grocery,25.63,6,21.99,1,0,3,0
John Ramirez,4720926465296793,Merchant: Carrillo PLC,grocery,15.56,13,29.38,0,0,0,0
Ashley King,4718916680731009,Merchant: Long-Cox,travel,10.24,15,10.77,1,0,2,0
Mark Taylor Jr.,4797766002200363,Merchant: Brown Group,grocery,44.68,13,9.47,1,0,1,0
Barry Gregory,4238223552209417,Merchant: Gibson Ltd,dining,17.41,10,5.03,0,0,0,0
Janet Shelton,4456212025409410,Merchant: Thornton-Rodriguez,online_shopping,21.53,13,15.68,0,0,1,0
Marco Davis,4396545255176560,Merchant: Golden-Green,gas_station,23.23,6,1.3,0,0,1,0
Paul Saunders,4649509262897571,"Merchant: Tucker, Lynn and Nguyen",electronics,33.21,15,15.33,1,0,1,0
Christina Bates,4031430614328858,"Merchant: Brooks, Townsend and Grant",online_shopping,34.9,14,22.8,1,0,1,0
Dennis Cooper PhD,4709906998189231,"Merchant: Blevins, Reynolds and Adams",dining,36.13,1,14.26,1,0,0,0
Tiffany Johnson,4104490711364687,"Merchant: Decker, Byrd and Mcgee",grocery,38.19,6,12.0,0,0,1,0
Thomas Reyes,4688785803912770,"Merchant: Pham, Byrd and Wilkins",online_shopping,4.11,19,27.56,0,0,1,0
James Stevens,4538751895342971,Merchant: Stewart-Bruce,gas_station,31.53,14,25.8,1,0,2,0
Justin Dalton,4397733800414327,Merchant: Jacobs-Ellis,online_shopping,71.63,10,3.53,0,1,1,0
Michael Henry,4944104232008657,Merchant: Russell-Hamilton,grocery,14.37,8,9.2,0,0,1,0
Mike Freeman,4233487819342114,"Merchant: Reyes, Vega and Garner",travel,129.27,1,71.52,0,1,4,1
Michael Keller,4746757325141568,Merchant: Pace Group,grocery,53.97,19,15.87,1,0,0,0
Laura Alvarez,4731243219792474,Merchant: Boyle-Hernandez,online_shopping,20.64,23,5.88,0,0,2,0
Katie Myers,4174035300568415,Merchant: Davidson-Wade,dining,42.76,8,32.69,0,0,1,0
Wesley Jensen MD,4273406975413262,Merchant: Duran PLC,online_shopping,49.46,5,10.6,0,0,1,0
Erica Johnson,4015089229830920,Merchant: Larson Group,dining,50.02,6,2.75,0,0,0,0
Russell Bailey,4133704503860727,Merchant: Floyd Group,grocery,43.62,1,23.03,0,0,1,0
Alyssa Vance,4306287345129510,Merchant: Freeman LLC,online_shopping,15.13,7,6.1,1,0,1,0
Brent Reed,4285586793160272,Merchant: Davis LLC,grocery,38.08,15,17.12,0,1,0,0
Gregory Stanley,4348765612806951,Merchant: George-Mitchell,grocery,53.56,11,4.02,1,0,0,0
Matthew Watkins,4211095316156675,"Merchant: Shields, Green and Carrillo",grocery,15.52,12,5.03,1,0,4,0
Ana Torres,4971341129288101,"Merchant: Cunningham, Garcia and Barber",electronics,20.69,10,5.13,1,0,0,0
Alejandro Nguyen,4238524796554504,Merchant: Hodge-Mckinney,grocery,17.82,6,26.56,1,0,1,0
Scott Bradley,4548859806904397,"Merchant: Henry, Chavez and Bullock",travel,5.7,3,12.79,0,0,3,0
Deborah Dominguez,4888999498440603,Merchant: Lambert-Reynolds,grocery,36.08,9,2.8,0,0,0,0
Victoria Gray,4690959405219894,"Merchant: Holland, Roman and Anderson",online_shopping,14.07,19,14.47,0,0,2,0
Kenneth Stokes,4207773088153023,Merchant: Mcdonald and Sons,gas_station,9.28,21,22.57,1,0,2,0
Michael Rogers,4336770529792538,"Merchant: Torres, Paul and Perkins",gas_station,16.83,11,5.8,0,0,0,0
Pamela Morgan,4127913253325884,Merchant: Lindsey PLC,online_shopping,19.1,11,10.72,0,0,2,0
Heidi Graham,4041627422121155,"Merchant: Ramos, Williams and Allen",grocery,14.28,21,23.31,0,0,2,0
Ryan Cobb PhD,4448502461016815,"Merchant: Mitchell, Shelton and Perez",gas_station,19.68,10,3.19,0,0,2,0
Donna Williams,4713779730951463,"Merchant: Rush, Harris and Dalton",grocery,44.67,6,7.87,1,0,0,0
Jennifer Perez PhD,4737204032404402,"Merchant: Cooper, Davis and Jones",online_shopping,26.29,7,15.12,0,0,1,0
Ryan Davis,4217856343614554,Merchant: Morris-Williams,electronics,36.41,17,2.45,1,0,0,0
Austin Solis,4129043128686670,"Merchant: Page, Lin and Chung",gas_station,51.2,15,10.76,0,0,0,0
Daniel Flynn,4564698363320947,Merchant: Mcintyre Ltd,grocery,38.06,5,2.36,0,0,1,0
Elizabeth Brock,4685319990870147,"Merchant: Adkins, Hopkins and Davies",grocery,22.02,17,2.45,0,0,0,0
Joshua Gonzalez,4187027392467833,Merchant: Smith PLC,grocery,22.23,12,3.77,0,0,0,0
Mario Chavez,4464250882324397,Merchant: Floyd-Rodriguez,dining,28.64,19,3.73,0,0,0,0
Catherine Smith,4964773237249295,"Merchant: Lopez, Morrison and Cunningham",grocery,40.19,17,36.43,0,0,1,0
Shari Ray,4133240618694602,Merchant: Wagner Group,grocery,8.06,11,0.49,0,0,1,0
Victor Harmon,4692745056958262,Merchant: Wells-Johnson,gas_station,47.54,18,11.97,0,0,3,0
Timothy Patel,4691343812580256,"Merchant: Mccarthy, Smith and Hernandez",online_shopping,20.76,6,0.98,0,0,0,0
Patricia Hamilton,4219747604404249,Merchant: Conner PLC,gas_station,41.99,10,4.11,0,0,1,0
Lori Boyd,4426562616046436,Merchant: Burch-Gilmore,online_shopping,16.76,17,5.23,0,0,1,0
Charles Hernandez,4072476605313979,Merchant: Miller-Stark,gas_station,8.67,6,1.94,0,0,0,0
Elizabeth Graham,4747669377724242,"Merchant: Lambert, Thomas and Johnson",online_shopping,39.13,16,0.74,0,0,0,0
Ronald Brown,4784128761282618,"Merchant: Anthony, Williams and Jimenez",grocery,44.55,8,30.93,0,0,1,0
Jason Colon,4499877999481949,"Merchant: Pitts, Smith and Jones",grocery,47.68,12,0.55,0,0,0,0
Dawn Burke,4681275610408672,"Merchant: Williams, Nash and Davis",dining,44.61,13,14.29,0,0,3,0
Brian Lee,4258684810624710,"Merchant: Martinez, Watson and Richards",dining,28.03,14,27.35,0,0,2,0
Ronald Marshall,4569386512054154,Merchant: Alvarado-Jackson,gas_station,21.71,8,4.94,0,0,0,0
Jessica Lucas,4807864770169627,Merchant: Bailey Ltd,grocery,19.66,9,23.22,0,0,2,0
Christopher Taylor,4233627065381379,"Merchant: Smith, Weiss and Berg",online_shopping,22.5,11,3.71,0,0,2,0
Robert Hopkins,4623543512904580,"Merchant: Parsons, Murray and Perry",online_shopping,41.95,15,9.35,0,0,0,0
Samuel Stuart,4385952405004515,Merchant: Burton-Moore,grocery,12.97,10,1.37,0,0,4,0
Mr. Scott Miller,4666058809592434,Merchant: Perez Group,grocery,29.49,7,1.11,0,0,2,0
Sharon Lester,4588322570211680,"Merchant: Castillo, Frazier and Beltran",grocery,31.18,14,7.91,1,0,0,0
Jack Sandoval,4602892814989657,Merchant: Travis-Morris,grocery,48.68,10,21.8,1,0,2,0
Tony Ramsey,4917815483611534,"Merchant: Boyd, Santana and Lewis",dining,43.45,12,55.39,0,0,1,0
Brian Navarro,4366449347430349,Merchant: Walker Group,grocery,63.5,12,13.98,1,0,3,0
Kelly Calderon,4678456611556819,"Merchant: Williams, George and Wilson",travel,32.94,7,3.11,0,0,0,0
Tara King,4096405787660172,Merchant: Weber-Williams,online_shopping,8.83,16,1.66,0,0,2,0
Cynthia Martinez,4961473074802792,Merchant: Stewart Ltd,dining,8.75,12,20.91,0,0,3,0
Erin Silva,4273019969946526,Merchant: Cooke Inc,gas_station,59.17,15,33.6,0,0,1,0
Paul Young,4745658988438682,"Merchant: Morse, Johnson and Parsons",grocery,26.21,4,6.0,0,0,0,0
Charles Thompson,4438068414579558,Merchant: Pierce Group,grocery,33.29,18,17.11,0,0,1,0
Jessica King,4381567997281562,Merchant: Brown-Johnson,grocery,23.13,13,18.65,0,0,2,0
Katherine Brooks,4302327639169493,Merchant: Jenkins-Walker,dining,11.46,9,15.15,0,0,0,0
Emily Coleman,4397687659647181,Merchant: Collins-Beasley,dining,78.01,15,26.37,0,0,0,0
Tracey Suarez,4753409619975117,Merchant: Perry Inc,online_shopping,49.54,23,20.81,0,0,1,0
Heidi Baldwin,4563440602109166,Merchant: Harrell-Burns,grocery,27.78,11,18.11,0,0,1,0
Alisha Rasmussen,4696967278332268,Merchant: Robinson-Bailey,grocery,29.86,9,4.49,0,0,2,0
Sarah Bates,4731968243698129,Merchant: Lawrence Inc,grocery,18.73,19,0.19,0,0,0,0
Melissa Mccormick,4067897267156918,Merchant: Russell and Sons,grocery,15.78,8,2.49,1,0,0,0
Juan Parker,4701298394541647,Merchant: Allen-Johnson,grocery,14.57,21,16.49,0,0,0,0
Heidi Burnett,4071500665285305,Merchant: Hughes-Butler,grocery,15.65,14,7.86,0,0,3,0
Sean Mathews,4455786859222206,Merchant: Marshall Inc,grocery,16.94,4,2.08,0,0,3,0
Theodore Long,4659774144201809,Merchant: Marshall-Gates,grocery,22.03,13,20.89,0,0,2,0
Dawn Davis,4420687217046687,Merchant: Payne-Chavez,online_shopping,19.9,17,1.56,0,0,0,0
Cynthia Clark,4081796211671232,Merchant: Washington Group,online_shopping,20.09,9,47.86,0,0,1,0
Sydney Welch,4465836599801666,Merchant: Walker-Adams,grocery,55.88,17,2.91,0,0,1,0
Pamela Sullivan,4813662220861021,"Merchant: Gregory, Gonzales and Roman",electronics,37.36,10,13.03,0,0,2,0
Sean Morrow,4305096399478348,Merchant: Moore Inc,travel,23.82,7,6.55,1,0,2,0
Kaitlin Gutierrez,4460824740794340,Merchant: Davis Ltd,grocery,29.41,7,1.14,0,0,0,0
Michelle Mcdowell,4417566619621328,"Merchant: Bender, Green and Turner",grocery,48.38,17,5.39,0,0,2,0
Samantha Hale,4929501976103215,Merchant: Patterson-Noble,grocery,35.41,17,18.83,0,0,1,0
Heather Guzman,4580872670511932,Merchant: Franco-Miller,electronics,24.16,20,12.71,0,0,1,0
Nancy Chavez,4090458167291932,Merchant: Salazar Inc,grocery,35.46,11,15.33,0,0,0,0
Anthony May,4420185905273119,Merchant: Mcclure-Morales,online_shopping,27.36,18,0.44,0,0,1,0
Rachel Taylor,4656722412865030,"Merchant: Chandler, Vaughn and Baker",dining,32.95,12,1.93,1,0,1,0
Mark Edwards,4101959922249245,"Merchant: Smith, Anderson and Garner",grocery,44.78,8,2.02,0,0,0,0
Christopher Black,4406615922209769,"Merchant: Snow, Kennedy and Hawkins",online_shopping,14.14,16,41.55,0,0,2,0
Sandra Hines,4861838255914320,Merchant: Scott-Washington,online_shopping,19.69,7,1.34,0,1,2,0
Melissa Sparks,4172456051820809,Merchant: Johnson-Ho,grocery,33.88,14,7.88,0,0,4,0
John Moss,4178087135384738,"Merchant: Woods, Arellano and Nunez",gas_station,16.52,14,10.01,0,0,3,0
Michael Serrano,4420570365959259,Merchant: Walton PLC,electronics,27.91,12,3.28,1,1,1,0
Christina Perry,4072792904699813,"Merchant: Miller, Le and White",dining,46.77,15,5.06,0,0,0,0
Shawn Duffy,4721370261671678,"Merchant: Castillo, Murphy and Russell",online_shopping,14.14,17,44.94,0,0,0,0
Courtney Vaughan,4702241026210834,Merchant: King-Watkins,online_shopping,12.61,16,46.04,1,0,0,0
Maria Sims,4832091431938419,Merchant: Parker-Rodriguez,online_shopping,17.23,8,5.77,1,0,2,0
Valerie Gonzalez,4311892307313979,Merchant: Miller-Martinez,online_shopping,42.34,4,18.22,0,0,0,0
Caroline Morales,4988728771304239,Merchant: Phillips-Gibson,grocery,43.32,5,3.18,0,0,2,0
David Davis,4680900779642776,"Merchant: Hutchinson, Thomas and Cox",online_shopping,14.61,13,0.72,0,0,0,0
Travis Wilson,4978525399138540,Merchant: Wilson and Sons,dining,25.43,8,14.37,0,0,4,0
Jessica Mora,4317448519544234,"Merchant: Villanueva, Ruiz and Francis",online_shopping,17.11,9,3.33,1,0,1,0
Michael Wilson,4440258855108894,Merchant: Larsen and Sons,gas_station,50.77,19,2.14,0,0,0,0
Cheryl Atkins,4171087485315990,"Merchant: Brewer, Contreras and Ward",grocery,25.44,6,37.93,0,0,0,0
Donna Snyder,4460872547775384,Merchant: Johnson-Edwards,dining,11.51,11,1.15,1,0,1,0
Scott Greene,4768353247811018,"Merchant: Martinez, Hoover and Thompson",grocery,64.48,6,31.98,1,0,0,0
Diane Byrd MD,4219897446931683,Merchant: Pham Inc,online_shopping,28.54,16,11.65,0,0,4,0
Charles Roberts,4516491907044515,Merchant: Bautista Inc,online_shopping,66.43,9,11.47,1,0,3,0
Luke Solomon,4492306619017484,"Merchant: Yu, Berger and Pena",online_shopping,14.72,16,3.21,0,0,0,0
Michael Ellis,4252467193064738,Merchant: Bean Ltd,grocery,10.4,18,4.77,0,0,4,0
Casey Morris,4875358983243599,Merchant: Mccoy-Morris,dining,13.6,10,1.23,0,0,2,0
Melissa Reeves,4133316954323244,"Merchant: Lopez, Jones and Patterson",grocery,26.63,8,6.06,0,0,2,0
Nancy Scott,4935516978837778,Merchant: Davis Group,online_shopping,25.83,11,10.36,0,0,0,0
Anthony Cook,4043971888427161,"Merchant: Lang, Davila and Torres",grocery,19.1,12,0.32,1,0,3,0
Terry Barajas,4564553928403474,"Merchant: Brown, Randall and Simon",electronics,53.78,20,3.13,0,0,0,0
Tracy George,4964544066899421,"Merchant: Reid, Ramirez and Hansen",electronics,48.37,10,4.63,0,0,0,0
Amber King,4328369308011879,"Merchant: Harris, Lewis and Gould",online_shopping,31.68,12,0.1,0,0,0,0
Elizabeth Foster,4139830200565725,"Merchant: Hunt, Conner and Jones",grocery,13.69,18,1.49,1,0,1,0
Walter Hansen,4861601861913643,Merchant: Clark PLC,travel,15.42,9,25.64,1,0,1,0
Debbie Gordon,4695805184047730,Merchant: Kaufman Ltd,travel,64.59,8,1.84,0,0,0,0
Sherry Anderson,4031884974163224,Merchant: Grant-Ramirez,dining,15.87,18,6.29,0,0,0,0
Joseph Thomas,4563366023521798,Merchant: Campbell-Willis,online_shopping,42.41,9,2.76,0,0,0,0
Andrew Anderson,4118289130510274,Merchant: Garner Group,online_shopping,22.57,11,7.41,1,0,1,0
Sandy Adkins,4905814796056234,Merchant: Jones LLC,grocery,62.43,19,11.53,0,0,0,0
Diane Mcdowell,4094797688543461,Merchant: Morgan Group,dining,12.94,12,5.01,0,0,1,0
Pam Baker,4582954637333002,Merchant: Floyd-Hardin,dining,6.44,12,7.01,1,0,1,0
Steven Stewart,4047166234253017,"Merchant: Moody, Ross and Miles",dining,26.99,13,3.39,0,0,0,0
Pamela Hernandez DVM,4819400112952077,Merchant: Evans LLC,online_shopping,30.69,8,6.43,0,0,0,0
Rebecca Brown,4874146566370702,Merchant: Harrison and Sons,dining,49.17,6,1.78,0,0,0,0
David Johnson,4373751435355465,Merchant: Kline Ltd,dining,11.85,9,3.7,0,0,3,0
Michael Graham,4228476600974901,"Merchant: Haynes, Nelson and Baker",dining,34.17,14,6.87,0,0,2,0
Tammy Williams MD,4261935815141851,Merchant: Campbell LLC,dining,70.75,14,8.04,0,0,1,0
Karina Vasquez,4004896560846957,"Merchant: Jenkins, Reynolds and Chan",gas_station,53.59,18,45.26,0,0,0,0
Sharon Martinez,4495697755612345,Merchant: Clark Group,dining,50.13,12,6.14,0,0,1,0
Sean White,4015229040150765,Merchant: Wells-Smith,grocery,15.71,21,12.23,0,0,1,0
Jordan Nelson,4942012172209437,"Merchant: Hicks, Berry and Martinez",grocery,9.27,10,18.08,0,0,1,0
Laurie Silva,4220824198577875,"Merchant: Leon, Prince and Pollard",grocery,53.42,15,42.85,0,0,1,0
Kelly Duncan,4413723073571366,"Merchant: Foster, Hernandez and Singh",dining,11.06,19,8.12,0,0,0,0
Billy Tate,4877497895352581,"Merchant: Lewis, Olsen and Davis",grocery,20.77,9,21.01,0,0,2,0
Stacy Johnson,4355995154143600,Merchant: Clayton-West,dining,24.76,2,2.3,0,0,1,0
Melanie Long,4387243088486064,Merchant: Nichols-Hicks,electronics,50.77,15,4.5,1,1,1,0
Tiffany Hood,4144250969337575,"Merchant: Mendoza, Lopez and Dunn",electronics,26.55,12,1.59,0,0,0,0
Brad Rivas,4155088063958458,Merchant: Barton and Sons,electronics,35.49,15,1.55,1,0,0,0
Jordan Moses,4505296537047686,Merchant: Clark and Sons,grocery,17.08,7,1.34,0,0,1,0
Abigail Booker,4985683505183446,"Merchant: Jordan, Peterson and Contreras",online_shopping,11.66,15,0.56,0,0,2,0
Tiffany Nguyen,4275547014295034,Merchant: May-Martin,online_shopping,15.24,12,13.15,0,0,2,0
Morgan Bernard,4693683402110453,Merchant: Hensley-Wood,online_shopping,46.43,15,29.86,0,0,2,0
Christine Williams,4980460653493090,Merchant: Rodriguez-Haynes,gas_station,20.92,12,4.15,0,0,2,0
Erica Brown,4663491660557738,"Merchant: Oconnor, Cook and Ewing",electronics,33.98,6,12.42,1,1,2,0
Trevor James,4455436233193125,Merchant: Smith-Harrison,online_shopping,107.58,12,12.3,1,0,1,0
Christopher Hanna,4081103877380077,Merchant: Webb-Mitchell,dining,47.64,5,9.07,0,0,1,0
Ann Phelps,4898196870666883,Merchant: Crosby LLC,grocery,22.79,17,9.62,0,0,0,0
Richard Mitchell,4331650983381272,Merchant: Johnson Ltd,electronics,41.96,9,7.42,0,0,1,0
Martha Martinez,4490140543934692,Merchant: Steele LLC,grocery,43.19,9,31.71,1,0,0,0
Jeffrey Drake MD,4738439537258015,Merchant: Sharp PLC,electronics,909.95,19,203.57,1,0,2,1
Bonnie Wade,4358496200323020,Merchant: Williams Group,dining,26.36,12,10.29,0,0,0,0
Kayla Burns,4192686017385556,"Merchant: Bender, Jones and Lane",grocery,11.44,10,4.01,0,0,2,0
Karen Hart,4505181761426626,Merchant: Harper Inc,dining,280.11,7,0.23,0,0,1,0
Peter Shepherd,4436770411080025,Merchant: Wright-Harris,grocery,72.0,20,6.46,1,0,1,0
Jessica Simmons,4491359748956420,Merchant: Holloway Ltd,gas_station,24.09,19,8.69,0,0,1,0
Glenn Ford,4275317791053729,Merchant: Gutierrez-Bryan,grocery,45.05,20,17.9,0,0,2,0
Michael Moore,4656337343488917,Merchant: Hughes-Hughes,online_shopping,6.01,10,3.36,0,0,1,0
Mark Warren IV,4000242012776068,Merchant: Russell PLC,dining,17.73,6,0.52,0,1,1,0
Terry Woods,4259578744112843,Merchant: Salazar Inc,grocery,65.85,18,7.87,0,0,2,0
Carl Leach,4217274219404789,Merchant: Jones and Sons,dining,22.08,15,16.41,0,0,1,0
Kelly Phillips,4367161684989915,Merchant: Carpenter-Carpenter,dining,57.01,7,5.48,0,0,1,0
Billy Williams,4638279414550972,"Merchant: Perez, Fletcher and Eaton",dining,14.6,16,15.71,0,0,1,0
Jeffery Davis,4330987038242989,Merchant: White-Hernandez,online_shopping,8.03,6,3.84,0,0,2,0
Laura King,4270497344463461,Merchant: Kerr PLC,grocery,52.38,14,0.53,1,0,1,0
Brad Gordon,4749659131101520,Merchant: Navarro Ltd,dining,32.09,16,31.5,0,0,1,0
Matthew White,4181595881236881,Merchant: Spence-Delacruz,dining,61.68,19,17.35,0,0,1,0
James Miller,4608823235113951,Merchant: Brooks-Moreno,dining,26.64,19,14.61,0,0,0,0
Elizabeth Matthews,4254945703176819,Merchant: Espinoza Group,online_shopping,25.77,13,1.51,1,0,1,0
Michael Hanson,4132470730814140,Merchant: Campbell-Smith,grocery,36.93,9,9.33,0,0,4,0
Vincent Savage,4375745451733017,"Merchant: Pruitt, Williams and Chandler",grocery,54.03,11,16.99,1,0,0,0
Cody Burgess,4548765781591663,Merchant: Paul Inc,online_shopping,48.6,17,14.61,0,0,2,0
Shelby Rodriguez,4517286421360176,Merchant: Rodgers Ltd,gas_station,11.68,12,14.19,0,1,1,0
Abigail Wilson,4472229453196517,"Merchant: Lee, Mills and Horton",online_shopping,17.02,16,10.97,0,0,1,0
John Holt,4441805400853801,Merchant: Hoffman Inc,gas_station,55.73,13,0.59,1,0,3,0
Tracy Guzman,4207961990979896,"Merchant: Garcia, Lawrence and Cohen",electronics,51.33,14,10.9,0,0,4,0
Mr. William Ward,4591311870878152,Merchant: Wright Group,travel,37.03,1,18.33,0,0,2,0
Melissa Foster,4491671656709868,Merchant: Cortez-Hansen,grocery,40.89,3,6.14,0,0,2,0
Calvin Smith,4788516820385289,Merchant: Hernandez-Garcia,dining,57.76,3,3.35,0,0,2,0
Alan Waller,4794015415068980,Merchant: Vazquez and Sons,dining,98.71,9,0.32,0,0,0,0
Christine Wong,4118811678734808,"Merchant: Huynh, Peck and Brown",gas_station,61.85,15,10.18,0,0,0,0
Jessica Garrett,4149667571695402,Merchant: Campbell-Williams,travel,28.52,8,9.97,1,0,1,0
Cheryl Turner,4313426839699577,Merchant: Williams-Clark,electronics,17.13,18,40.13,1,0,1,0
John Johnson,4395700168451227,"Merchant: Smith, Hudson and Walker",dining,29.71,11,1.84,0,0,0,0
Christian Park,4023878930381474,Merchant: Rodriguez PLC,grocery,43.72,15,0.17,1,0,0,0
Kaitlyn Heath,4040962629225959,"Merchant: Brewer, Gomez and Stone",grocery,9.37,4,8.38,0,0,1,0
Christina Hudson,4762109853272721,Merchant: Morales-Joseph,grocery,39.17,14,2.61,1,1,1,0
Amber Smith,4667549059730376,Merchant: Boyle LLC,grocery,28.71,17,5.5,1,0,1,0
Michelle Petty,4374508830682946,"Merchant: Cardenas, Payne and Rich",grocery,24.27,8,6.25,0,0,2,0
Nancy Larson,4704967294279196,Merchant: Vasquez Inc,gas_station,40.91,6,24.07,1,0,2,0
Donna Freeman,4637980047202888,"Merchant: Hansen, Wells and Medina",electronics,21.54,16,9.97,0,0,0,0
Mr. Logan Gregory,4397970877015245,"Merchant: Casey, Clayton and Franklin",grocery,76.38,21,2.46,0,0,2,0
Katherine Klein,4443102993210369,Merchant: Clark PLC,grocery,24.78,9,1.59,0,0,0,0
Jennifer Stewart,4400925427098310,"Merchant: Salazar, Porter and Barnett",dining,83.91,17,10.78,1,0,0,0
Steven Butler,4803430714883055,Merchant: Pearson PLC,grocery,29.64,8,41.54,0,0,1,0
Johnny Mcmillan,4508275986858196,"Merchant: Wiggins, Rodriguez and Brown",online_shopping,17.33,14,8.61,0,0,1,0
Michael Smith,4488467482232869,Merchant: Pierce LLC,electronics,26.57,10,10.54,1,0,0,0
Corey Cooper,4250464717426586,"Merchant: Baker, Flores and Rowland",grocery,23.03,16,5.82,0,0,0,0
Daniel Stout,4066124501160122,"Merchant: Hudson, Garcia and Jackson",dining,71.52,19,29.97,0,0,1,0
Lance Kirby,4181160762109697,"Merchant: Price, Patterson and Olsen",online_shopping,20.01,8,2.54,0,0,1,0
Bonnie Carter,4621684720206319,"Merchant: Brown, Poole and Hernandez",grocery,18.1,20,17.06,0,0,1,0
Toni Whitaker,4109244329540567,"Merchant: Suarez, Buchanan and Williams",gas_station,1019.1,0,107.81,1,0,3,1
Morgan Flynn,4429617247273184,Merchant: Lee Group,gas_station,19.53,14,0.1,0,0,1,0
Sarah Howell,4060446203744572,"Merchant: Ray, Thomas and Villarreal",dining,21.76,16,7.31,0,0,0,0
Paul Estrada,4991673421421147,"Merchant: Cantrell, Smith and Campbell",online_shopping,55.95,13,3.56,0,0,0,0
Curtis Obrien,4781366492907037,Merchant: Collins LLC,grocery,16.99,21,6.23,0,0,2,0
Jason Chaney,4942713424706498,Merchant: Baker-Ramirez,grocery,15.51,9,13.94,1,0,2,0
Daniel Williams,4225716400489524,Merchant: Hernandez Group,grocery,82.87,17,13.11,0,0,0,0
Stanley Kelly,4143456466397183,Merchant: Sims-Mckinney,gas_station,98.2,8,3.61,1,0,2,0
Ronald Kline,4120633575997940,Merchant: Rose and Sons,online_shopping,39.52,17,10.36,0,0,1,0
Arthur Jordan,4567564667667499,Merchant: Larson and Sons,gas_station,75.92,23,1.38,0,0,3,0
Barbara Walker,4348169403242213,Merchant: Thomas and Sons,electronics,72.11,15,1.8,1,0,1,0
Gerald Kelly,4453244214610048,Merchant: Dorsey-Mccarty,grocery,12.69,13,11.87,0,0,2,0
Shawn Adams,4590058198365146,Merchant: Woods and Sons,gas_station,54.18,12,3.26,1,0,0,0
Michael Robertson,4905918376539798,Merchant: Hernandez-Finley,electronics,26.61,14,8.51,0,0,2,0
Michelle House,4057834108075090,Merchant: Adams-Miller,online_shopping,48.67,9,20.07,0,0,0,0
Jim Skinner,4035451364029427,Merchant: Miller-Berry,travel,32.63,18,22.61,0,0,0,0
Brian Bishop,4085950312155951,Merchant: Stewart-Sanders,grocery,37.61,14,10.54,0,0,0,0
Theresa Colon,4924197166553601,"Merchant: Prince, Gillespie and King",dining,21.57,14,11.16,1,1,1,0
Brian Soto,4811703280325382,Merchant: Cruz PLC,online_shopping,59.41,6,37.51,1,0,2,0
Susan Moore,4614491792165145,"Merchant: Morales, Fowler and Smith",grocery,19.54,3,2.14,0,0,0,0
Jeremy Hunter,4114687261173701,Merchant: Conner PLC,grocery,18.48,7,23.93,0,0,0,0
Annette Holland,4153845035599674,Merchant: Cuevas-Miranda,grocery,18.19,7,8.67,0,0,0,0
Chad Allison,4131213124346662,Merchant: Stewart-Murphy,grocery,13.87,20,10.78,1,0,1,0
Jason Mack,4913621539440603,"Merchant: Tucker, Morton and Allen",electronics,55.46,21,0.98,1,0,1,0
Robert Peterson,4461205849844757,Merchant: Vazquez Group,gas_station,26.97,6,3.98,0,0,2,0
Angela Watson,4936007481335335,Merchant: Cook Ltd,dining,23.88,10,24.15,1,0,0,0
Heather Ortega,4694175180075650,"Merchant: Smith, King and Case",grocery,51.0,5,2.51,0,0,1,0
Paul Fisher,4554838686123584,Merchant: Williams and Sons,dining,17.38,0,7.43,0,0,3,0
Robert Gutierrez,4905073090729489,Merchant: Hardin-Wood,grocery,34.65,7,10.07,1,0,0,0
Jimmy Phelps,4636667313962862,Merchant: Novak-Davis,gas_station,46.65,11,12.66,0,0,1,0
Heidi Johnson,4389754701121431,Merchant: Wilson-Jackson,electronics,76.25,5,8.98,0,0,1,0
Adam Drake,4939394272828810,"Merchant: Farley, Lara and Hall",online_shopping,43.15,10,4.65,0,0,0,0
Angela Edwards,4659604028744774,Merchant: Rodriguez-Martin,grocery,27.39,6,20.49,0,0,1,0
Mrs. Amy Malone,4648133578299249,Merchant: Hancock Ltd,dining,64.05,11,12.58,1,0,1,0
Margaret Orr,4235068843939394,Merchant: Park Ltd,electronics,276.14,3,17.97,1,0,4,1
Mark Reeves,4062638239192945,"Merchant: Larson, Williams and Taylor",travel,28.95,0,24.17,1,0,2,0
Kelly Phillips,4874545603186866,Merchant: Boyle Inc,travel,13.47,16,40.01,0,0,0,0
Michael Spencer,4927994812964548,Merchant: Rhodes-Simmons,gas_station,34.25,16,3.14,0,0,1,0
Patrick Blankenship,4771959119941363,"Merchant: Blake, Ferrell and Wilson",grocery,26.5,16,4.8,0,0,0,0
Douglas Rose,4477291188440144,"Merchant: Santos, Parsons and Andrews",grocery,40.78,12,19.93,0,0,0,0
Melody Griffin,4082319617258824,Merchant: Freeman Group,grocery,125.14,17,50.16,0,0,3,0
Joshua Kramer,4427180455912896,Merchant: Reed LLC,gas_station,32.72,17,24.38,1,0,1,0
Melissa Barron,4121744756365184,Merchant: Rodriguez-Harvey,travel,13.09,12,18.35,0,0,3,0
Jennifer Gonzalez,4704702371250681,"Merchant: Juarez, Mcknight and Jackson",gas_station,13.64,6,60.31,1,0,1,0
Andrew Cook,4120358139795198,Merchant: Hansen Inc,online_shopping,13.63,13,23.02,1,0,0,0
Natalie Martinez,4245240558972351,Merchant: Burgess-Davis,grocery,68.05,15,25.87,0,0,3,0
Diane Davis DDS,4998855229297703,"Merchant: Hanson, Logan and Johnson",online_shopping,32.3,14,15.97,0,0,3,0
Nicole Moore,4598458554220541,"Merchant: Bender, Carey and Mcknight",grocery,37.16,9,16.14,0,0,2,0
Robert Vargas,4291298967335373,Merchant: Brown-Peterson,online_shopping,42.95,6,16.15,0,0,1,0
Raymond Barber,4632300171955760,"Merchant: Malone, Hood and Gomez",gas_station,49.59,16,1.19,0,0,1,0
Mrs. Amy Watson,4295166215674867,Merchant: Kelly PLC,grocery,11.07,9,0.1,0,0,2,0
Heather Williams,4747030366386024,Merchant: Benjamin PLC,grocery,49.7,21,28.75,0,0,2,0
Belinda Evans,4871758405318867,Merchant: Johnston-Kelly,online_shopping,48.46,17,2.86,1,0,2,0
Jody Bird,4852288761727462,Merchant: Morrison-Olsen,grocery,36.16,20,6.17,0,0,1,0
Virginia Cunningham,4034105882870354,Merchant: Gonzalez Inc,online_shopping,10.64,6,11.01,0,0,2,0
Lori Ferguson,4719949745009706,"Merchant: Long, Campbell and Bowers",dining,40.02,13,10.89,1,1,0,0
Hayley Mitchell,4440712534611553,Merchant: Herrera Inc,grocery,13.95,15,4.54,0,0,3,0
Michelle Chambers,4240278201581133,"Merchant: Anderson, Perez and Smith",gas_station,19.57,9,2.85,0,0,2,0
Kelly Wright,4839531169515221,Merchant: Wood-Miranda,dining,5.98,14,37.98,1,0,3,0
Kevin Carson,4450896071376675,Merchant: Fitzgerald Inc,online_shopping,27.95,7,2.89,0,0,0,0
Brent Dawson,4806060506405119,Merchant: Ramirez-Turner,grocery,18.97,9,26.42,1,0,1,0
Angela Brown,4284014407904382,Merchant: Flores PLC,travel,21.24,14,21.61,0,0,1,0
Karen Griffin,4531732461552240,Merchant: Davis and Sons,electronics,19.32,10,0.98,0,0,0,0
Joseph Chapman,4134148126892650,Merchant: Anderson Inc,electronics,24.29,8,4.16,0,0,1,0
Jennifer Baker,4527383968856068,"Merchant: Cantu, Terry and Ramos",grocery,50.29,11,5.53,1,0,2,0
Mr. Jeremiah Galvan MD,4568470931957998,"Merchant: Howard, Dougherty and Graham",grocery,13.46,13,3.77,0,0,1,0
Samantha Thomas,4591239449493072,Merchant: Mcintosh and Sons,electronics,11.07,8,5.6,0,0,2,0
Michael Anderson,4578449023077145,"Merchant: Zamora, Hart and Brock",grocery,32.91,14,0.13,1,0,2,0
Sharon Wilson,4502860118376914,Merchant: Wood PLC,grocery,13.28,7,1.35,0,1,1,0
John Francis,4818981378011048,"Merchant: Hobbs, Wilson and Holland",grocery,17.2,13,8.17,1,0,2,0
Jaclyn Crane,4084444532567212,Merchant: Figueroa-Brown,online_shopping,27.64,17,2.68,0,0,0,0
Jennifer Martinez,4951109452658214,Merchant: Dixon-Flynn,dining,14.06,6,7.09,1,0,1,0
Amanda Hernandez,4551462000888872,Merchant: Park Inc,online_shopping,18.31,14,0.49,0,0,1,0
William Turner,4414377222855698,"Merchant: Mcdonald, Mitchell and Nichols",dining,24.99,10,23.2,1,0,0,0
Dr. Charles Lawrence,4149354881073279,Merchant: Fuller-Torres,grocery,59.0,23,28.24,0,0,2,0
Steven Small,4199037773110254,"Merchant: Kim, Bullock and Ortiz",gas_station,20.89,14,39.11,1,0,1,0
Robert Burns,4759335851514948,Merchant: Welch-Zuniga,dining,243.46,20,9.14,1,0,1,0
Gregory Harrell,4074672397988113,"Merchant: Montes, Morris and Lopez",online_shopping,28.33,8,18.59,1,0,1,0
Kenneth Knight,4107605955870423,Merchant: Gomez-Best,dining,25.5,10,29.75,0,0,1,0
Rachael Alvarez,4377696732549664,"Merchant: Lee, Atkinson and Boyd",online_shopping,18.78,12,11.48,0,0,2,0
Lisa Gill,4702873723805712,Merchant: Chapman-Rush,online_shopping,88.52,14,12.34,0,0,2,0
Julia Cole,4166296682734286,"Merchant: Hopkins, Riley and King",dining,62.02,12,3.31,0,0,1,0
Sean Nguyen,4426854460688953,"Merchant: Rubio, Wright and Wallace",online_shopping,18.46,17,6.37,0,0,0,0
Mary Ortiz,4219133044217956,"Merchant: Browning, Peterson and Davenport",online_shopping,20.25,4,2.13,0,0,2,0
James Weaver,4485645044624045,Merchant: Page Inc,gas_station,39.64,19,19.78,0,0,3,0
Stacy Fitzgerald,4163166417000332,Merchant: Vasquez-Santana,gas_station,32.9,14,5.11,0,0,1,0
Sharon Mann,4904742120660580,Merchant: Johnson-Cruz,grocery,13.29,18,4.61,0,0,3,0
Rebecca Zimmerman,4856902891708889,"Merchant: Edwards, Martin and Black",grocery,15.53,1,10.39,0,0,1,0
Becky Hansen,4724207530877222,Merchant: Graham LLC,dining,28.96,7,24.22,1,0,0,0
Luke Ray,4966734958601500,Merchant: Walker-Jenkins,dining,31.04,7,10.52,1,0,0,0
Kelly Lopez,4858549146516795,Merchant: Clark-Knight,travel,10.34,20,0.18,0,1,2,0
Steven Martinez,4127195261718678,Merchant: Walls-Nguyen,grocery,22.9,19,5.12,1,0,1,0
Catherine Smith,4968372016485471,"Merchant: Farmer, James and Spears",dining,7.96,9,44.25,0,0,0,0
Danielle Thornton,4332581963481304,Merchant: Krueger LLC,dining,34.7,8,18.72,0,0,1,0
Jill Roman,4436256915393056,Merchant: Smith Inc,online_shopping,101.6,11,5.48,1,0,2,0
Jennifer Williams,4876240466101065,"Merchant: Mack, Reyes and Norman",grocery,39.47,17,9.26,0,0,1,0
Allison Kim,4958161893298657,Merchant: Hawkins-Patel,grocery,18.46,9,7.39,1,0,0,0
Scott Stewart,4661450181878504,"Merchant: Salazar, Wood and Daniels",dining,65.99,9,0.98,0,1,0,0
Brian Garcia,4743612514261896,Merchant: Willis-Rivera,dining,48.41,6,33.03,0,0,0,0
Charles Scott,4241521219338734,Merchant: Garrett Inc,electronics,10.99,10,32.42,0,0,2,0
Eric Russell,4060328979573775,"Merchant: Patterson, Delacruz and Evans",dining,47.99,11,4.56,0,0,0,0
Lucas Nguyen,4641089452072598,Merchant: Matthews Ltd,online_shopping,42.33,5,3.48,0,0,2,0
Anthony Price,4037649413309843,Merchant: Wilkerson Inc,dining,55.26,11,9.94,1,0,3,0
Jason Nguyen,4522554942285146,"Merchant: Moran, Wyatt and Gordon",electronics,77.15,10,0.63,0,0,4,0
Ronald Martinez,4363255861333303,Merchant: Luna Ltd,grocery,48.22,15,17.46,1,0,1,0
Paul Willis,4613111372367900,Merchant: Walton and Sons,travel,39.18,11,2.63,0,0,1,0
Paul Cruz Jr.,4135221111890986,"Merchant: Jones, Cochran and Sanford",grocery,74.18,7,40.34,0,0,0,0
John Russell,4087993330913892,Merchant: Gonzales and Sons,grocery,33.99,8,2.08,0,0,1,0
Mr. David Mercado,4986020828968188,"Merchant: Ruiz, Knapp and Rodriguez",grocery,23.98,19,3.63,1,0,2,0
Victor Leonard,4433586283588058,Merchant: Murphy Ltd,dining,14.28,17,12.76,0,0,0,0
Justin Glover,4796807687902443,Merchant: Avila Inc,electronics,37.13,23,7.13,1,0,2,0
Jason Miller,4442359864840929,"Merchant: Calderon, Benton and Ayers",grocery,444.48,6,24.27,0,0,2,0
Christina Faulkner,4029075422489808,Merchant: Austin-Beasley,dining,13.58,17,24.86,0,0,1,0
William Casey,4476898363915962,Merchant: Smith-Clark,grocery,87.91,15,10.83,1,0,1,0
Jessica Buck,4866814034845452,Merchant: Lloyd-Hendrix,online_shopping,26.29,15,12.11,0,0,2,0
Aaron Marshall,4679326334570810,Merchant: Young Inc,grocery,102.23,10,13.64,1,0,0,0
Donna Stanton,4759661446658498,Merchant: Bush and Sons,online_shopping,75.39,15,12.39,0,0,0,0
Timothy Olson,4895710706114026,Merchant: Stevens Inc,electronics,38.75,11,13.6,0,0,1,0
Sara James,4359606585522959,Merchant: Smith-Stone,grocery,29.77,10,10.66,1,0,2,0
Mark Richards,4944360488486183,"Merchant: Wood, Simpson and Mahoney",grocery,23.93,11,0.93,0,0,2,0
Amber Stevenson,4745757682636904,"Merchant: Miller, Vasquez and Brown",grocery,44.5,7,20.34,0,0,0,0
Elizabeth Foster,4897303659077461,"Merchant: Carter, Sharp and Vargas",electronics,24.27,17,1.72,0,0,3,0
Charles Hawkins,4433409705550137,Merchant: Sloan-Harris,grocery,7.83,9,30.39,0,0,0,0
Jeffrey Bishop,4343172749631888,Merchant: Garrett LLC,dining,16.12,12,18.23,0,0,0,0
Emily Fleming,4340261015852634,Merchant: Medina-Duke,dining,30.9,9,6.26,0,0,1,0
Dean Mullins,4310785778846207,"Merchant: Peterson, Hernandez and Cochran",dining,23.04,11,10.77,0,0,1,0
David Bird,4420118668272630,"Merchant: Brooks, Bailey and Jennings",dining,29.71,15,4.0,0,0,0,0
Joe Greene,4018814977418181,"Merchant: Potter, Luna and White",gas_station,37.77,11,3.5,1,0,0,0
Michael Lucas,4715131948288270,"Merchant: Flores, Newton and Lloyd",travel,18.96,16,6.25,1,0,2,0
John Valenzuela,4343946357188681,Merchant: Brown-Cooper,online_shopping,26.74,17,8.13,1,0,1,0
Jennifer Woodard,4547374571472746,Merchant: White Inc,dining,25.26,8,61.81,1,0,3,0
Pamela Medina,4931980712336782,"Merchant: Roach, Mendez and Lambert",grocery,47.58,7,7.64,0,0,3,0
Mariah Jones,4215542373997703,Merchant: Smith-Rodriguez,online_shopping,77.21,14,0.1,0,0,2,0
Ronnie Powers,4145886136432358,Merchant: Webb-Rice,dining,21.35,17,17.8,0,0,1,0
Heather Hess,4632877554840040,"Merchant: Perez, Robertson and Crane",travel,45.12,18,1.73,1,0,0,0
Heather Thompson,4109979885760196,"Merchant: Burns, Beard and Torres",online_shopping,16.72,6,13.35,0,0,0,0
Melissa Smith,4667939927836077,Merchant: Collins-Martinez,gas_station,20.94,18,10.15,0,0,2,0
Timothy Wallace,4978920798338108,Merchant: Chavez-Williams,online_shopping,64.76,0,9.99,0,0,2,0
Alejandro Campbell,4362408319526462,Merchant: Smith-Malone,grocery,37.25,9,15.65,1,0,0,0
Heather Davis,4445632250546780,"Merchant: Patterson, Holmes and Kerr",grocery,14.93,11,12.02,1,0,3,0
Elizabeth Robbins,4880595474200280,Merchant: Strickland-Oliver,dining,73.62,17,1.89,0,0,1,0
Johnny Cox,4343714243880139,Merchant: Avery-Goodwin,dining,190.76,19,4.76,1,0,0,0
Tanner Mann,4249288409696576,"Merchant: Marshall, Martin and Martinez",online_shopping,31.14,14,32.31,0,0,0,0
Craig Nicholson,4853751220721599,Merchant: Stokes-Benson,electronics,29.67,12,4.63,0,0,2,0
Sergio Carroll,4560222470321336,"Merchant: Knight, Webb and Ho",dining,69.47,4,0.74,1,0,0,0
Juan Keller MD,4800684096429381,"Merchant: Preston, Adams and Carter",online_shopping,14.72,8,1.09,0,1,1,0
Krystal Jones,4550793200822449,Merchant: Sanchez-Rivera,dining,26.22,17,6.11,0,0,1,0
Austin Green,4306108557041930,Merchant: Patrick Inc,grocery,129.37,10,12.54,1,0,0,0
Crystal Mills,4406415118222415,Merchant: Gonzalez-Chavez,dining,13.33,19,0.3,1,0,0,0
Cheryl Gregory,4295010232321393,Merchant: Barnes-Gutierrez,grocery,60.08,16,11.58,1,0,0,0
Melissa Patel MD,4858142735022142,"Merchant: Kennedy, Hardy and Smith",online_shopping,8.11,16,7.94,0,0,0,0
Jordan Pace,4610199532105974,"Merchant: Owen, Farmer and Clark",online_shopping,38.69,11,1.69,0,0,1,0
Terri Williams,4281435194199790,"Merchant: Huber, Rasmussen and Durham",dining,7.87,6,8.54,0,0,2,0
Jessica Carney,4763019115431677,"Merchant: Roth, Turner and Cox",online_shopping,78.54,11,4.34,0,0,0,0
Michael Owens,4141048820645621,Merchant: Woods Ltd,dining,65.71,7,2.28,0,0,1,0
Peter Stephenson,4098327365293978,"Merchant: Reid, Williams and Gonzalez",online_shopping,6.22,10,10.47,1,0,2,0
Donald Fisher,4520565679167127,Merchant: Marshall-Evans,online_shopping,80.36,8,20.78,0,0,1,0
Aaron Lee,4944013059725337,Merchant: Nelson-Hutchinson,electronics,88.09,17,17.59,0,0,0,0
Kenneth Johnson,4497073068688786,"Merchant: Montgomery, Roberts and Jennings",online_shopping,18.67,12,3.12,0,1,0,0
Vanessa Coleman,4192022854040262,"Merchant: Kelly, Collins and Burgess",grocery,9.3,19,0.8,1,0,0,0
David Martin,4668450156225841,"Merchant: Allen, Pittman and Lawrence",online_shopping,38.47,8,2.66,1,0,0,0
Mark Davis,4906045982781470,Merchant: Campbell-Mcconnell,gas_station,42.12,8,19.07,0,0,2,0
Robert Watkins,4564971729126989,Merchant: Herrera-Myers,online_shopping,106.04,7,0.77,0,0,0,0
Felicia Wright,4533453384309265,Merchant: Santos Group,dining,26.41,13,5.1,0,0,0,0
David Peterson,4883310208520566,Merchant: Perry Ltd,grocery,15.75,0,3.13,0,0,0,0
Gavin Bauer,4598034405856591,Merchant: Johnson LLC,online_shopping,16.07,12,9.23,0,0,1,0
Patricia Harvey,4197439504449203,"Merchant: French, Dudley and Flores",grocery,17.47,13,15.57,0,0,2,0
Lori Riley,4455491283117946,"Merchant: Baker, Butler and Keller",dining,19.97,7,36.7,0,0,0,0
Antonio Johnson,4422832995874276,"Merchant: Mitchell, Dunn and Calhoun",grocery,51.4,20,5.48,1,0,1,0
Ryan Brown,4304955094786415,"Merchant: Crawford, Rogers and Hunt",online_shopping,67.7,19,2.61,0,0,0,0
Thomas Ramos,4388281059251215,Merchant: Nguyen Ltd,gas_station,183.59,13,8.42,0,0,1,0
Mark Jones,4894623116655630,"Merchant: Garcia, Cunningham and Wong",grocery,19.24,14,20.57,0,0,1,0
Kristin Phillips,4300433590156404,"Merchant: Thompson, Allen and Garcia",online_shopping,73.11,20,11.76,0,1,2,0
Brendan Walton,4556941467359282,"Merchant: Diaz, Carter and Hunt",grocery,15.27,20,21.14,0,0,1,0
Kyle Keller,4962577416165665,"Merchant: Mays, Williams and Collins",travel,34.37,8,12.67,1,0,2,0
James Pope,4764063365586177,Merchant: Benson-Dunn,gas_station,9.24,10,3.73,0,0,0,0
Lisa Morgan,4106967969392492,"Merchant: Beasley, Johnson and Norman",online_shopping,28.0,6,9.29,1,0,2,0
Rachel Gibson,4234436928515622,"Merchant: Smith, Macdonald and Charles",gas_station,11.31,19,6.32,1,0,0,0
Corey Garcia,4794774173336019,Merchant: Nicholson and Sons,grocery,60.15,11,11.14,0,0,1,0
Andrea Clarke,4786760534503587,Merchant: Young LLC,grocery,29.07,18,54.75,0,0,1,0
Kenneth Walsh,4654980618464873,"Merchant: Gaines, Nelson and Curtis",grocery,11.19,7,34.94,1,0,0,0
Jason Hardy,4085764603632424,"Merchant: Wells, Martinez and Wade",online_shopping,183.38,11,3.88,0,0,2,0
David Robles,4622719217366561,"Merchant: Gallagher, Duncan and Howard",electronics,42.57,11,46.57,1,0,4,0
Eric Graham,4739060727723656,"Merchant: Smith, Pollard and Montgomery",online_shopping,43.33,9,3.37,0,0,1,0
Nicole Collins,4614766571640222,Merchant: Richardson-Bailey,electronics,209.18,22,26.96,1,1,5,1
Patricia Hernandez,4123494572449170,"Merchant: Miller, Briggs and Lewis",gas_station,22.87,22,1.67,0,0,1,0
Grant Wood,4482614810995784,"Merchant: Williams, Moore and Chavez",dining,8.44,13,11.24,0,0,2,0
Kevin Gregory,4833807033156673,Merchant: Yates and Sons,gas_station,18.71,13,3.37,0,0,0,0
Jonathon Conley,4533085198386061,Merchant: Palmer-Reid,electronics,22.31,5,9.09,0,0,1,0
Jennifer Gonzalez,4249895691103085,Merchant: Malone-Smith,online_shopping,44.78,23,15.03,0,0,1,0
Terry Glover,4586380404416166,Merchant: Nixon-Finley,travel,48.95,8,30.01,0,0,0,0
Michael Neal,4130635485396103,"Merchant: Hoffman, Jones and Stokes",online_shopping,16.49,10,10.23,1,0,2,0
Ms. Erin Lane,4808805749875843,"Merchant: Daugherty, Brown and Payne",gas_station,52.11,14,0.1,0,0,2,0
Lisa Barnes,4249387138992791,Merchant: Lopez-Greer,dining,90.59,9,12.7,0,0,2,0
Jesse Mccormick,4544458905730193,Merchant: Herrera-Ramos,online_shopping,21.01,9,3.8,0,0,2,0
Daniel Smith,4261457824566366,Merchant: Key LLC,gas_station,81.77,9,12.18,0,1,1,0
David Hanson,4051281637996311,Merchant: Cooper LLC,grocery,9.3,17,12.89,0,0,0,0
Nicholas Cisneros,4333856836957006,Merchant: Stone-Murphy,dining,99.82,2,7.18,0,0,1,0
Patrick Harris,4503431629235624,Merchant: Butler Inc,dining,52.25,18,23.98,0,0,4,0
William Cox,4343357120574928,Merchant: Daniels-Harris,gas_station,28.39,15,3.35,0,0,2,0
Alvin Wilson,4386068289728704,"Merchant: Smith, Johnston and Michael",dining,11.73,9,0.62,0,0,0,0
Cory Willis,4456453107690705,Merchant: Hall LLC,dining,27.02,14,0.33,0,0,1,0
Amanda Johnson,4960896744359341,Merchant: Moore PLC,grocery,96.13,16,16.56,0,0,4,0
Christopher Mcclure,4716156336061012,Merchant: Stephens Group,dining,20.1,16,15.52,1,0,0,0
Gina Spencer,4231230367268477,"Merchant: Smith, Hull and Jones",online_shopping,54.91,1,5.22,0,0,1,0
Alex Cameron,4081690350342061,Merchant: Riddle-Sanchez,grocery,73.86,12,9.71,0,0,2,0
Alisha Byrd,4895804248511680,Merchant: Rangel-Mitchell,electronics,15.11,13,12.17,0,0,2,0
Richard Rodriguez,4921143678587334,"Merchant: Moses, Murray and Peterson",grocery,37.88,14,5.24,1,0,0,0
Elizabeth Allen,4667668293007373,Merchant: Dudley-Rodgers,grocery,58.39,16,5.68,1,0,1,0
Mary Pugh,4387746438508825,"Merchant: Williams, Buckley and Barron",grocery,31.72,4,2.12,0,0,2,0
Yolanda Keith,4704455428358870,Merchant: Williams-Sloan,grocery,25.96,18,4.69,1,0,2,0
Ana Thomas,4210943805479481,Merchant: Daniel-Jones,dining,70.41,13,5.85,0,0,2,0
Rebecca Lee,4018608075393985,Merchant: Ray-Le,online_shopping,42.0,13,6.2,0,0,0,0
James Greene,4676004270983965,"Merchant: Wall, Chang and Banks",grocery,14.28,12,8.47,0,0,1,0
Dana Williams,4489433805363475,Merchant: Lopez-Hernandez,grocery,85.01,17,35.34,0,0,1,0
Chelsea Nichols,4678047805445297,"Merchant: Villanueva, Johnson and Wilson",electronics,1379.73,21,450.0,1,0,5,1
Erin Brown,4582491480874592,Merchant: Martinez-Watson,grocery,29.25,21,16.75,0,0,1,0
Shelley York,4189310587686948,Merchant: Molina-Flores,grocery,108.17,13,32.59,1,0,0,0
Stacey Clark,4184165714178747,"Merchant: Neal, Johnson and Howard",electronics,23.84,8,0.1,0,0,2,0
John Alvarado,4056632624630252,Merchant: Dennis-Best,electronics,5.13,12,26.95,0,0,1,0
Jordan Potter,4865357866673601,Merchant: Potts-Mitchell,grocery,26.42,8,3.19,0,0,1,0
Katrina Jimenez,4211245861547998,Merchant: Sanchez-Wallace,grocery,8.64,14,40.79,0,0,2,0
Frank Brooks,4418519968327624,Merchant: Thomas-Stewart,grocery,77.43,0,30.55,0,0,1,0
Michelle Simpson,4823710596023391,Merchant: Wilson-Cochran,gas_station,14.3,12,12.63,0,0,1,0
James Morse,4473272243758112,Merchant: Oconnell-Boyd,electronics,76.23,11,11.16,0,0,1,0
Amanda Robinson,4259697185114777,"Merchant: Willis, Boyd and Gonzales",dining,35.86,7,0.87,0,0,2,0
Scott Foster,4163159380962786,Merchant: Thompson LLC,gas_station,29.57,16,4.68,1,0,0,0
Stephen Duncan,4118919283440263,Merchant: Gibson-Ramos,dining,72.58,13,12.53,0,0,1,0
Jacqueline Pierce,4835889743540857,Merchant: Palmer-Weber,grocery,54.79,10,6.6,0,0,4,0
Bradley Wallace,4204954928767569,Merchant: Villanueva Group,grocery,72.71,16,1.74,1,0,1,0
Kevin Marshall,4538668814539240,"Merchant: Collins, Miranda and Jennings",online_shopping,44.06,23,1.04,0,0,0,0
Jessica Mcdonald,4337332640819440,Merchant: Reed Inc,grocery,14.59,9,3.62,1,0,0,0
Robert Stewart,4890208427359918,Merchant: Burke Ltd,electronics,15.46,1,2.78,0,0,0,0
Christopher Hall,4157864482961200,"Merchant: Huber, Navarro and Bailey",online_shopping,105.54,10,4.55,0,0,0,0
Heather Miller,4287001906246529,Merchant: Maldonado Inc,grocery,58.1,14,80.21,0,0,3,0
Kayla Schneider,4225624437629205,Merchant: Brown LLC,electronics,25.1,6,2.72,0,0,0,0
Tammy Garcia,4654566703707019,Merchant: Stephenson PLC,gas_station,10.37,14,2.64,0,0,2,0
Andrew Gonzalez,4955753882578439,Merchant: Kramer and Sons,grocery,29.73,12,4.68,0,0,0,0
Gary Turner,4117185691178181,Merchant: Hall Inc,online_shopping,49.83,11,1.02,0,0,5,0
Melinda Hill,4581589186239373,"Merchant: Allen, Warren and King",gas_station,35.18,8,10.91,0,0,1,0
Yolanda Murillo,4087195715621005,Merchant: Sosa LLC,travel,46.56,23,20.36,0,1,1,0
Nancy Gaines,4471940656859005,Merchant: White LLC,gas_station,47.51,7,8.91,1,0,1,0
Elijah Short,4708614639102743,Merchant: Smith-Hernandez,gas_station,12.41,16,7.31,0,0,1,0
Jennifer Sullivan,4378376231470121,Merchant: Turner-Martinez,online_shopping,124.72,14,2.54,0,0,0,0
Mary Kennedy,4056292669236208,Merchant: Lee-Vargas,grocery,41.35,17,4.27,0,0,1,0
Paige Hernandez,4342148763029861,"Merchant: Martinez, Thomas and Hicks",grocery,37.02,10,11.34,0,0,3,0
Darrell Curry,4811803196885352,Merchant: Allen-Ross,dining,26.55,11,1.92,0,0,0,0
Jose Hartman,4358263747888240,Merchant: Martin PLC,grocery,48.42,16,17.67,1,0,1,0
Miranda Murray,4919878133917238,"Merchant: Johnson, Ayala and Morrow",dining,80.44,9,7.06,0,0,1,0
Emily Lopez,4882392754138705,Merchant: Williams PLC,dining,51.96,7,22.62,1,0,1,0
Melissa Clark,4544054755324136,"Merchant: Jenkins, Hale and Woods",gas_station,12.64,2,6.96,0,0,3,0
Justin Brooks,4907024991410719,Merchant: Murphy PLC,gas_station,23.94,16,2.94,0,0,1,0
Bethany Harding,4878967536004543,Merchant: Ramos-Pruitt,grocery,21.21,16,0.1,0,0,1,0
Robert Flowers,4794275373732692,Merchant: Taylor-Bell,grocery,25.39,10,3.86,0,0,1,0
Jason Jennings,4372444971226958,"Merchant: Ortiz, Martinez and Jackson",grocery,24.9,12,0.95,0,0,3,0
Richard Medina,4436920091258538,Merchant: Anderson PLC,grocery,94.97,13,0.74,0,0,2,0
Alexander Floyd,4029708953897060,Merchant: Roberts-Montgomery,gas_station,56.46,10,11.89,1,0,0,0
Brittany Cisneros,4013748967826372,Merchant: Esparza Group,grocery,49.67,12,3.18,0,0,3,0
Mark Morrison,4924610599318046,Merchant: Salazar and Sons,electronics,18.52,12,8.69,0,0,3,0
Sharon Baird,4794050515949060,Merchant: Payne Inc,dining,39.63,7,11.53,0,0,1,0
James Ferguson,4356270610500911,Merchant: Cruz-Nguyen,electronics,125.35,11,12.41,0,0,2,0
Brian Hudson,4195372817740897,Merchant: Allison LLC,grocery,28.79,16,37.61,1,0,1,0
Steven Davis,4797531154516432,Merchant: Adams-Woods,travel,89.59,13,5.94,0,0,3,0
Juan Johnson,4982883670097412,"Merchant: Garrett, Norris and Smith",grocery,14.7,8,11.12,0,0,3,0
Katherine Lopez,4828757198872308,"Merchant: Barr, Herring and Reynolds",dining,47.1,14,4.93,0,0,0,0
Victor Campbell,4557861658413004,"Merchant: Carr, Valenzuela and Lawrence",dining,13.59,14,15.03,0,0,0,0
Matthew Jones,4220646206672988,"Merchant: Myers, Franklin and Franklin",grocery,11.96,16,12.78,1,0,0,0
Joseph Jackson,4619410282963806,Merchant: Taylor-Vargas,online_shopping,3.95,12,0.12,0,0,1,0
Jennifer Moore,4649280315122652,Merchant: Miller-Stanley,dining,61.13,10,19.57,1,0,2,0
Joshua Mendoza,4772925783636810,Merchant: Rodriguez-Turner,grocery,23.73,11,4.64,0,0,1,0
Troy Glenn,4305325260011817,Merchant: Haney-Hood,dining,127.45,16,4.48,1,0,1,0
Daniel Reynolds,4307388801221244,Merchant: Woodward-Martin,dining,59.24,12,13.2,0,0,0,0
Karen Munoz,4652101074520502,Merchant: Huff PLC,online_shopping,66.68,16,12.96,0,0,0,0
Laurie Shaw,4991197158085115,Merchant: Beltran PLC,electronics,77.67,6,11.9,1,0,1,0
Desiree Smith,4504122501128750,"Merchant: Farmer, Bennett and Brown",online_shopping,448.68,3,79.89,1,0,3,1
Austin Ross,4826703909738075,Merchant: Clark PLC,dining,14.54,11,3.59,0,0,3,0
Kelly Kent,4493719104514147,"Merchant: Erickson, Page and Miller",online_shopping,62.94,15,10.83,0,0,2,0
Julia Johnston,4881756109583487,"Merchant: Wright, Reed and Nicholson",online_shopping,16.01,9,1.24,0,0,0,0
Donna Ibarra,4591275362479904,Merchant: Haas Group,dining,54.69,16,0.35,1,0,2,0
Michael Dawson,4233475091783568,Merchant: Rosales PLC,grocery,14.1,8,9.1,1,0,1,0
Louis Patrick,4640585881185571,Merchant: Anthony and Sons,electronics,134.51,17,10.37,1,0,1,0
David Yoder,4170775766271061,Merchant: Rojas-Blevins,dining,41.19,10,23.06,0,0,2,0
Judith Bartlett,4042030735386822,Merchant: Dunlap PLC,grocery,81.46,11,7.71,0,0,1,0
Keith Long,4597800786169007,"Merchant: Clark, Miller and Black",electronics,37.74,1,43.51,1,0,0,0
Cynthia Harrell,4347550748144431,Merchant: Davis-Jones,grocery,34.24,10,4.99,0,0,0,0
Mark Carter,4469266263951983,Merchant: Ho-Haas,online_shopping,41.98,8,59.1,0,0,1,0
Melissa Bowen,4383349415529924,Merchant: Dominguez LLC,dining,13.97,14,20.79,0,0,0,0
Johnny Riddle,4777135899616004,Merchant: Johnson Group,dining,53.58,5,18.74,0,0,1,0
Whitney Jones,4311378718797893,Merchant: King-Davis,dining,29.99,6,1.19,1,0,1,0
Randall Nguyen,4930907725840097,Merchant: Palmer-Johnson,electronics,21.84,6,1.35,0,0,0,0
David Hunter,4625094666050687,"Merchant: Davis, Boyd and Buchanan",dining,24.92,14,9.52,1,0,2,0
Benjamin Neal,4255288973784072,Merchant: Bailey Ltd,dining,82.89,15,3.03,0,0,1,0
Jane Reese,4419024161772378,"Merchant: Thomas, Young and Williams",grocery,41.13,9,5.62,0,0,2,0
Jennifer Smith,4309053301925185,"Merchant: Ward, Harris and Gardner",gas_station,10.01,10,4.37,1,0,2,0
Thomas Murphy,4470485502313741,"Merchant: Marquez, Alexander and Lee",dining,73.38,14,14.65,1,0,0,0
Kari Jones,4715650371500745,"Merchant: Bell, Lin and Ingram",dining,83.92,21,32.29,0,0,1,0
Dana Dodson,4826820120215269,"Merchant: Valenzuela, Kelly and Greer",grocery,42.91,17,14.8,0,0,2,0
Robert Skinner,4076795757186974,Merchant: Hess-Rivas,dining,30.57,15,12.26,0,0,4,0
Albert Garcia,4500697365879493,"Merchant: Day, Wright and Vaughan",electronics,73.17,21,2.9,0,0,0,0
Joseph Myers,4315110817831356,Merchant: Davis-Anderson,grocery,48.24,13,3.51,0,0,1,0
Phillip Byrd,4190936617658817,Merchant: Kelly Group,online_shopping,37.72,17,1.14,0,0,1,0
Hunter Robinson,4760617125507585,Merchant: Collins Group,grocery,19.58,23,36.39,1,0,2,0
Michael Robinson,4939178264083447,Merchant: White Inc,dining,78.74,9,7.22,0,0,0,0
Sara Cain,4340288559910874,Merchant: Rojas-Gibson,online_shopping,30.97,16,23.83,0,0,1,0
Michelle Prince,4175663579038189,Merchant: Choi-Cruz,dining,138.14,4,23.25,1,0,5,1
Eric Williams,4832007386543707,Merchant: Becker LLC,online_shopping,7.35,16,3.09,0,0,2,0
Raymond Wang,4126992897224977,Merchant: Herrera-Ross,grocery,13.15,13,24.6,0,0,1,0
Jade Allen,4193487760131092,Merchant: Martinez-Moss,grocery,48.77,16,4.17,0,0,2,0
Javier Hays,4245311571826526,Merchant: Peters-Mckenzie,dining,19.96,15,2.92,0,0,0,0
Corey Caldwell,4710684666565845,Merchant: Martin-Torres,grocery,90.12,5,24.87,1,0,2,0
Stephen Robles,4429103749736457,Merchant: Lewis-Lopez,grocery,21.56,7,2.24,0,0,3,0
Carol Jackson,4712124987641551,"Merchant: Johnson, White and Woods",grocery,32.59,11,6.92,1,0,1,0
Brian Murphy,4213191396839021,Merchant: Powell PLC,dining,30.1,19,21.19,0,0,1,0
Chelsey Clark,4976722071135033,Merchant: Alexander and Sons,dining,63.48,6,5.53,0,0,2,0
Teresa Martinez,4668949492783678,Merchant: Nelson Ltd,gas_station,27.33,0,16.55,1,0,1,0
Howard Thompson,4447324571955498,Merchant: Martinez-Nguyen,online_shopping,15.23,12,13.71,0,0,5,0
Eugene Price,4847276041281770,Merchant: Hudson-Moore,grocery,42.49,17,0.29,0,0,1,0
Austin Briggs,4716994442839636,Merchant: Hammond-Garcia,grocery,34.28,9,5.68,1,0,2,0
Jackie Jones,4470042955471201,Merchant: Mann-Smith,gas_station,69.37,13,10.21,0,1,1,0
Eric George,4731680806824238,Merchant: Butler Ltd,dining,13.36,8,1.08,1,0,1,0
Mrs. Kimberly Mooney,4767532999839183,Merchant: Clark-Porter,dining,50.43,15,17.42,0,0,0,0
Carolyn Haley,4599058841948240,"Merchant: Guerrero, Hawkins and Livingston",online_shopping,17.44,9,7.98,0,1,1,0
Vicki Horton,4411880346700610,Merchant: Smith LLC,grocery,4.08,17,7.87,1,0,0,0
Valerie Benson,4938473810637072,"Merchant: Ferguson, Brown and Paul",gas_station,31.61,10,9.2,0,0,1,0
Mark Henson,4185082261634056,Merchant: Burke PLC,grocery,19.18,14,8.17,1,0,1,0
Samuel Olson,4649859017524008,Merchant: Sharp-Calderon,dining,63.53,8,5.66,1,1,2,0
Lee Richards,4755049357814124,Merchant: Johnson LLC,dining,11.94,8,9.7,0,0,2,0
Martin Hall,4701533879283921,Merchant: Mendoza-Arroyo,grocery,16.9,15,5.88,1,0,0,0
Virginia Hall,4238118740074329,Merchant: Fuller-Jones,grocery,40.94,9,1.64,0,0,0,0
Stephanie Parker,4284323760356720,Merchant: Stout Group,electronics,27.36,22,3.18,0,0,0,0
Nicole Harvey,4424722264728337,Merchant: Villarreal-Jones,grocery,20.45,11,5.33,0,0,2,0
James Phillips,4432603222756174,Merchant: Francis and Sons,dining,97.35,6,22.51,0,0,0,0
Dan Johnson,4834417309818193,"Merchant: Love, Cortez and Morgan",grocery,77.15,15,21.21,0,0,2,0
Linda Bautista,4424129635975227,"Merchant: Hayden, Ross and Ford",dining,57.68,20,5.76,0,0,1,0
Erin Ramirez,4209397498009290,Merchant: Gordon-Jackson,dining,30.84,20,6.41,1,0,0,0
Paige Meyer,4677851455494443,Merchant: Jones-Cummings,electronics,16.17,21,10.49,0,0,0,0
Maria Roberts,4297372683233487,Merchant: Hardy Inc,grocery,68.28,16,5.06,0,0,1,0
Ryan Rivera,4375573785139317,"Merchant: Stark, Bell and Burgess",travel,23.57,10,11.17,0,0,3,0
Joshua Knox,4653126456967574,"Merchant: Massey, Phillips and Nolan",grocery,41.25,15,12.51,1,0,1,0
Danielle Mcdaniel,4571715918333356,"Merchant: Smith, Gilbert and Berg",grocery,23.41,7,6.32,0,0,2,0
Lisa James,4255013584103417,Merchant: Camacho LLC,grocery,20.38,14,11.35,0,1,1,0
Jeremy Smith,4373202201738229,"Merchant: Acosta, Woodard and Vasquez",grocery,121.89,11,7.28,0,0,0,0
Andrea Lee,4068686630709969,Merchant: Spencer Ltd,grocery,45.72,13,8.52,0,0,0,0
Brenda Harris,4886399875681923,"Merchant: Harvey, Snow and Thomas",online_shopping,36.96,10,10.07,1,0,3,0
Kevin Guerra,4911029849383509,"Merchant: Perez, French and Turner",grocery,30.29,15,0.56,1,0,2,0
Cynthia Miller,4275329694863203,"Merchant: Johnson, Hernandez and Tran",online_shopping,13.74,13,0.85,1,0,0,0
Emily Griffith,4306533239691184,"Merchant: Winters, Howell and Smith",grocery,33.1,4,4.28,0,0,5,0
Christopher Wright,4641151644659235,Merchant: Jones-Kirby,dining,71.72,14,15.88,0,0,1,0
Jerome Reid,4597826900800474,"Merchant: Smith, Perez and Harper",electronics,71.12,13,27.6,1,0,1,0
Richard Miller,4322600888439130,"Merchant: Moody, Morton and Miller",grocery,53.04,7,12.68,0,0,1,0
Jennifer Jackson,4973105388893127,Merchant: Gilbert PLC,online_shopping,208.07,12,2.22,0,0,1,0
Jonathan Moss,4442823616010974,"Merchant: Coleman, Stafford and Crawford",grocery,12.33,13,9.73,0,0,0,0
Sally Leon,4893821210151065,"Merchant: Fox, Ellis and Doyle",grocery,47.08,15,6.28,1,0,0,0
James Dickerson,4978497042097764,"Merchant: Foster, Lewis and Diaz",dining,29.36,11,15.63,0,0,1,0
Tammy Larson,4310094531942233,"Merchant: Thomas, Jennings and Dodson",dining,18.02,9,10.22,0,0,0,0
Nicholas Scott,4532714725076231,"Merchant: Wells, Walsh and Martinez",dining,10.46,18,28.18,0,1,0,0
Jesse Brooks,4275094448317498,Merchant: Swanson-Bailey,gas_station,91.38,10,22.72,0,0,2,0
Andrea Taylor,4601616876307370,"Merchant: Owens, Stout and Kim",gas_station,18.79,13,3.4,1,0,1,0
Christopher Lopez,4257584836391701,"Merchant: Bowman, Friedman and Hensley",grocery,47.42,12,3.92,0,0,0,0
Jonathan Swanson,4389881029578826,"Merchant: Mendoza, Nguyen and Smith",grocery,30.68,12,1.92,0,0,1,0
Timothy Bentley DVM,4335862342234227,Merchant: Smith-Ortega,dining,6.18,14,27.02,1,0,1,0
John Davidson,4410144230566574,"Merchant: Anderson, Ramirez and Ponce",grocery,22.17,11,6.52,0,0,1,0
Jennifer Williams,4606125174342100,"Merchant: Davis, Mendez and Ayers",grocery,35.94,18,7.31,1,0,1,0
Janice Cunningham,4398893903169647,Merchant: Gardner and Sons,travel,182.33,6,23.7,0,0,3,0
Jeffrey Scott,4680268748511765,Merchant: Howard-Beard,electronics,46.27,6,10.98,0,0,1,0
Miranda Hicks,4124768597664692,Merchant: Jones PLC,electronics,19.26,14,11.62,0,0,1,0
Michael Horton DDS,4659028277469489,"Merchant: Mckinney, Clayton and Shah",online_shopping,22.71,22,2.97,1,0,0,0
Nancy Allen,4545763447820017,"Merchant: Love, Cervantes and Michael",online_shopping,6.69,2,18.35,0,0,1,0
Robert Mccoy,4768352813724209,Merchant: Graham Ltd,grocery,27.28,13,4.34,0,0,2,0
Melissa Brewer,4653521705726773,Merchant: Hernandez PLC,grocery,29.46,17,14.64,1,0,1,0
Jesus Becker,4002030433077903,Merchant: Hoffman LLC,dining,26.34,15,0.3,0,0,2,0
Lance Lynn,4121532388409953,Merchant: Mclaughlin Inc,grocery,4.13,17,5.96,0,0,0,0
Alexandria Wise,4506271810631984,"Merchant: Rios, Warren and Butler",gas_station,63.61,12,54.03,1,0,0,0
Sydney Sanders,4448066764629062,Merchant: Tran Ltd,electronics,68.87,10,11.21,0,0,4,0
Stephanie Stone,4165126547370425,Merchant: Roberts-Neal,gas_station,39.56,13,11.96,1,0,0,0
Jay Gallegos,4415238778700093,Merchant: Giles Inc,grocery,3.56,6,16.39,1,0,1,0
Eric Ponce,4450693576338122,Merchant: Chase Ltd,dining,44.15,9,30.39,0,0,1,0
Janet Parker,4543360620376024,"Merchant: Hanson, Haley and Charles",travel,28.51,15,4.54,0,0,2,0
Shawn Luna,4707373668031692,Merchant: Miller LLC,travel,21.35,16,2.64,1,0,1,0
Mark Frank,4607904660055932,"Merchant: Miller, Zimmerman and Gonzalez",electronics,156.76,9,14.57,0,0,2,0
Charles Goodman,4994934499161594,Merchant: Knapp-Hunt,electronics,27.85,11,5.78,1,0,0,0
Jennifer Parker,4287982622555741,"Merchant: Flores, Harding and Johnson",gas_station,17.05,21,8.44,0,0,0,0
Dr. April Jones,4945089066036347,Merchant: Wilson PLC,grocery,39.52,19,4.56,1,0,2,0
Kelly Pena,4916169313336347,Merchant: Galloway and Sons,grocery,11.67,12,3.01,1,0,2,0
Carolyn Brooks,4280433264445814,"Merchant: Rich, Stephens and Garcia",dining,30.34,8,6.43,0,0,0,0
Christina White,4494615286815915,Merchant: Singh-Mendoza,grocery,13.63,11,11.38,1,0,1,0
Joanne Olsen,4674079491790607,Merchant: Nelson PLC,online_shopping,34.21,14,35.27,1,0,2,0
Anthony White,4257060298224896,Merchant: Gardner Inc,gas_station,63.76,7,9.96,0,0,2,0
Deanna Barrera,4147067596500020,Merchant: Perkins and Sons,gas_station,13.37,6,20.99,1,0,1,0
Mark Weber,4979764704860162,"Merchant: Brown, Ellis and Baker",grocery,28.27,19,5.78,0,0,0,0
Carol Carter,4612466256951257,"Merchant: Harvey, White and Fox",electronics,18.26,5,3.08,0,0,0,0
Donald Peterson,4628026142284743,"Merchant: Sutton, Burke and Dyer",grocery,63.6,21,5.42,0,0,0,0
Karen Chambers,4978513681948040,Merchant: Blankenship-Johnson,grocery,10.51,5,2.88,0,0,0,0
Antonio Walton,4635800272917145,Merchant: Rollins-Parks,travel,19.98,17,1.7,0,0,1,0
Kevin Huerta,4121290588841935,Merchant: Becker Inc,grocery,6.77,14,11.49,0,0,0,0
Joseph Smith,4263134946078186,Merchant: Collier-Paul,online_shopping,82.82,7,0.55,0,0,1,0
Victoria Juarez,4952193852229312,Merchant: Murray Group,grocery,18.92,10,0.27,1,0,4,0
Kara Rogers,4423115479704998,Merchant: Warren Group,gas_station,44.44,8,0.53,1,0,2,0
Jacob Wu,4120605395432845,Merchant: Anderson PLC,dining,16.89,7,35.34,1,0,1,0
Dr. Teresa Ortega MD,4129938788431079,"Merchant: May, Bennett and Duncan",gas_station,37.3,12,18.35,0,0,1,0
Henry Rivera,4914876427300926,"Merchant: Roberson, Howe and Carroll",dining,10.6,9,1.73,0,0,3,0
Jesus Hale,4188706983292408,Merchant: Larson-Mahoney,grocery,50.02,15,35.88,0,0,2,0
Stacy Taylor,4162801680732812,"Merchant: Hopkins, Love and Stevenson",travel,7.01,7,39.01,1,0,2,0
Sheila Ramirez,4507721889066503,"Merchant: Kelly, Bennett and Jones",electronics,26.25,10,3.72,0,0,1,0
Robin Richardson,4655340026716175,"Merchant: White, Brown and Morgan",grocery,55.75,7,30.85,0,0,1,0
Mary Alvarez,4775399543161187,Merchant: Juarez-Martin,online_shopping,82.75,9,0.74,0,0,2,0
Cole Andersen,4981421859293006,"Merchant: Miller, Vincent and Jenkins",grocery,13.86,14,12.48,0,0,1,0
Robin Smith,4492294689761662,Merchant: Russell and Sons,online_shopping,28.38,11,0.91,0,0,3,0
Angel Aguirre,4185700109207377,Merchant: Hooper-Taylor,dining,29.99,13,5.96,1,0,1,0
Jeremy Lawson,4655719557290348,Merchant: Horton-Reyes,grocery,30.12,9,17.15,0,0,3,0
Lonnie Miller,4386517673727250,"Merchant: Sims, Hampton and Martin",grocery,25.27,17,6.8,0,0,1,0
Timothy Galvan,4635931215100992,"Merchant: Morrison, Davies and Mosley",online_shopping,9.87,9,5.28,0,0,1,0
Dr. Susan Navarro,4299824861311038,Merchant: Velasquez-Johnson,online_shopping,29.32,14,16.46,0,0,2,0
Cory Thomas,4807710912045938,Merchant: Matthews LLC,grocery,34.11,14,1.91,1,0,2,0
Laura Vincent,4959638453546814,Merchant: Ayers-Riley,online_shopping,34.64,15,17.38,0,1,1,0
Bethany Robles,4623003736375703,"Merchant: Page, Harrison and Reed",electronics,46.93,9,17.43,1,0,2,0
Michael Dunn,4518077833682615,"Merchant: Wilson, King and Phillips",grocery,25.11,10,13.63,0,0,0,0
Carol Griffin,4464557531002665,Merchant: Adams-Carson,grocery,80.88,9,7.21,0,0,0,0
Matthew Allen,4427571489125523,Merchant: Hall Ltd,online_shopping,9.16,13,61.02,1,0,1,0
Paul Keller,4653979447401586,"Merchant: Jones, Vazquez and Blackwell",online_shopping,26.87,7,2.92,1,0,1,0
Jeffrey Baldwin,4684927254528325,Merchant: Larsen Group,online_shopping,43.05,13,5.2,0,0,1,0
Timothy Orr,4023089122943978,Merchant: Graves PLC,online_shopping,265.7,12,20.52,1,0,0,0
Connie Scott,4501023941429001,Merchant: Horne-Olson,online_shopping,28.34,9,0.1,0,0,3,0
Steven Martinez,4017749192832496,"Merchant: Simpson, Cain and Norris",dining,34.33,15,3.01,0,0,1,0
Joseph Swanson,4110967024911694,"Merchant: Bradford, Brown and Singh",dining,39.12,13,14.86,1,0,1,0
Michael Wiggins,4478776297467938,"Merchant: Jackson, Williams and Hamilton",dining,13.2,19,2.59,0,0,0,0
Pamela Burke,4721782192790064,"Merchant: Valentine, Howard and Williams",online_shopping,118.37,11,11.36,0,0,0,0
Jamie Love,4642873457635874,Merchant: Morgan-Clark,dining,41.82,13,22.84,1,0,2,0
Jane May,4111354925867458,Merchant: Estes-Jackson,electronics,14.07,10,10.88,0,0,0,0
Savannah Stokes,4443132815613680,Merchant: Mcmillan-Jenkins,online_shopping,15.08,8,2.5,1,0,2,0
Brian Miller,4332904608467407,Merchant: Young PLC,gas_station,64.94,0,13.83,0,0,2,0
Patrick Pineda,4248018799971797,Merchant: Landry-Winters,grocery,18.82,16,1.3,1,0,2,0
Audrey Richardson,4848152771152755,Merchant: Moreno-Underwood,dining,8.46,16,12.86,0,0,1,0
Tiffany Ray,4736132040632238,Merchant: Brown and Sons,online_shopping,21.41,12,2.98,1,1,1,0
Antonio Nichols,4281979911130737,Merchant: Sellers-Perez,dining,8.38,13,10.73,0,0,1,0
Veronica Flores,4619671979697813,Merchant: Rivera-Reese,online_shopping,46.12,5,4.03,0,0,1,0
Michael Hogan,4266714168265970,"Merchant: Kelley, Cochran and Kennedy",grocery,15.75,14,21.62,0,0,0,0
Lindsay Walker,4073212712151971,"Merchant: Ortiz, Lopez and Acevedo",grocery,10.98,13,10.33,0,0,0,0
Joshua Murray,4962731673499289,Merchant: Edwards-Meyer,grocery,15.23,8,9.8,0,0,0,0
Tommy Hood,4267861784054855,Merchant: Mann-Miller,electronics,26.23,8,1.74,0,0,0,0
Mr. Kyle Thomas DDS,4206126873701442,Merchant: Craig-Richard,gas_station,7.45,11,6.38,0,0,1,0
Michele George,4715892781259831,Merchant: Scott Ltd,grocery,34.34,12,11.16,0,0,1,0
William Martinez,4991979368642151,Merchant: Wilcox-Black,online_shopping,14.84,19,15.41,1,0,4,0
Michelle Mendoza DVM,4126109128277563,Merchant: Collins and Sons,grocery,9.71,10,2.39,1,0,0,0
Michael Bennett DVM,4399837673264269,"Merchant: Collier, Hayes and Terry",online_shopping,48.73,5,27.38,0,0,1,0
Ronald Clark,4773014235279435,Merchant: Chung LLC,online_shopping,44.73,11,17.02,1,0,1,0
Rita Graves,4071627664784861,Merchant: Wilson Inc,online_shopping,18.11,9,4.09,0,0,1,0
Sean White,4564131066602973,Merchant: Tapia-Edwards,dining,41.14,12,6.85,0,0,2,0
Mr. William Hopkins,4945135609901487,Merchant: Miller and Sons,online_shopping,55.44,17,19.74,1,0,1,0
Wendy Kelley,4681065950363268,"Merchant: Mcconnell, Johnson and Jennings",grocery,33.83,15,0.74,0,0,1,0
Michael Mooney,4375054322602786,"Merchant: Nguyen, Kane and Miranda",grocery,26.32,15,12.48,1,1,0,0
Jeanne Rose,4624068375945875,"Merchant: Dean, Perry and Jones",dining,21.05,21,13.99,0,0,1,0
Michael Lee,4230710564006748,Merchant: Rose-Merritt,grocery,47.88,16,3.5,0,0,2,0
Jennifer Anderson,4586795240874155,Merchant: Johnson-Robinson,dining,41.79,14,0.1,0,0,1,0
Lauren Trujillo,4075764496392146,"Merchant: Matthews, Park and Marshall",online_shopping,54.33,5,46.91,0,0,2,0
Michelle Ellis,4964240436545196,"Merchant: Hall, Perez and Silva",grocery,22.07,15,11.55,0,0,2,0
Chad Dominguez,4600222656799265,Merchant: Vasquez-Cline,online_shopping,22.75,13,19.51,0,1,2,0
Charles Robinson,4243417814808965,Merchant: Baker and Sons,online_shopping,28.85,3,30.19,1,0,0,0
Nancy Smith,4861469211936874,Merchant: Robbins-Espinoza,gas_station,42.2,6,13.65,1,0,1,0
Laura Gregory,4741228767044475,"Merchant: Bennett, Cochran and Taylor",travel,40.21,14,25.14,0,1,0,0
Brittany Clements MD,4869413904080865,"Merchant: Flores, Young and Perez",dining,38.6,8,5.42,0,0,0,0
Tammy Davis,4835571427093193,"Merchant: Butler, Cruz and Oneal",online_shopping,45.44,7,29.69,0,0,0,0
Catherine Williams,4212595353241263,Merchant: Anderson PLC,electronics,38.11,9,0.7,1,0,0,0
Miss Leslie Booker,4620685660902883,Merchant: Massey and Sons,grocery,35.96,12,2.65,1,0,2,0
Jennifer Johnson,4411112015026154,Merchant: Richards-Phillips,travel,52.54,7,2.58,0,0,1,0
John Watts,4427714104528875,Merchant: Barrera Inc,online_shopping,175.71,9,32.2,0,0,0,0
Marissa Bennett,4468809049526057,Merchant: Johnston Ltd,gas_station,86.79,0,5.79,0,0,1,0
Rebecca Barrett,4854641372811224,Merchant: Brooks Inc,gas_station,12.08,17,14.38,0,0,3,0
Sharon Santos,4144886366802958,Merchant: Johnson-Pham,grocery,9.73,7,12.48,0,0,1,0
Matthew Richardson,4485997526570059,"Merchant: Cooper, Hale and Mathews",dining,40.98,13,4.54,0,0,0,0
Bradley Burns,4284432908116092,"Merchant: Anderson, Key and Scott",grocery,39.5,13,2.42,0,0,3,0
Katrina Johnson,4293956136151009,Merchant: Bennett-Owen,grocery,19.33,22,4.47,1,0,1,0
Laura Hill,4749212096986004,Merchant: Hill-Thompson,online_shopping,160.14,13,0.28,0,0,2,0
Rebecca White,4757155562394766,Merchant: Warner and Sons,grocery,78.81,8,16.1,0,0,1,0
Mr. Jeffrey Duncan,4691457859095190,Merchant: Thomas and Sons,gas_station,24.62,0,17.53,0,0,0,0
Arthur Stout,4959905603266258,Merchant: Howard PLC,grocery,17.97,12,16.69,0,0,1,0
Cathy Hess,4031530870330249,Merchant: Hickman Ltd,dining,31.18,10,1.42,0,0,1,0
Justin Herrera,4776968870641083,Merchant: Nichols-Rice,online_shopping,33.78,14,8.93,0,0,2,0
Katherine Stone,4910729967224853,"Merchant: Jackson, Garner and Keller",grocery,25.2,21,4.62,0,0,2,0
Michelle Tyler,4157034349171001,Merchant: Maxwell-Ortiz,grocery,35.39,15,8.53,1,0,1,0
Paul Sheppard,4570583349437472,"Merchant: Richardson, Washington and Rhodes",gas_station,77.22,18,12.17,0,0,0,0
Catherine George,4063685399286362,Merchant: Crane-Phillips,electronics,108.5,5,50.25,1,0,3,0
Justin Mcbride,4411525641650644,Merchant: Martin-Webb,online_shopping,11.13,10,0.1,1,0,0,0
Carl Harris,4305406965148268,"Merchant: Williams, Miller and Jones",dining,66.73,13,7.48,1,0,1,0
Justin York,4725639300922417,"Merchant: Walker, Smith and Newman",online_shopping,75.66,21,14.86,1,0,2,1
William Hunter,4771553673174212,Merchant: Rowland-Ellison,grocery,19.81,7,1.33,0,0,2,0
Joshua Henderson,4521926936099702,Merchant: Carr Ltd,online_shopping,62.83,11,16.01,0,0,0,0
April Turner,4399551310398683,Merchant: Sanchez-Miller,electronics,18.31,14,15.14,0,0,0,0
Kelly Patton,4359412307567459,"Merchant: Key, Lopez and Parker",online_shopping,179.6,16,3.06,0,0,1,0
Jill Ray,4770964225638516,Merchant: Rodriguez PLC,grocery,40.22,2,5.61,0,0,4,0
Kelly Andersen,4031219144238145,Merchant: Duran-Ibarra,grocery,47.54,17,7.34,0,0,2,0
Joshua Clark,4403274154642256,Merchant: Williams LLC,gas_station,26.31,10,2.19,0,0,2,0
Robert Young,4922719207441140,"Merchant: Elliott, Klein and Martinez",grocery,39.14,7,50.83,0,0,0,0
Elijah Wall,4297832845381292,Merchant: Shaw-Jennings,dining,23.92,8,10.51,0,0,2,0
Lindsey Robinson,4660400989368704,Merchant: Thompson PLC,dining,41.35,12,38.54,0,0,1,0
Carl Dean,4721518474400059,Merchant: Lopez-Lowe,online_shopping,30.07,12,3.39,0,0,1,0
David James,4312226492327248,Merchant: Hill Group,grocery,31.6,10,3.11,0,0,0,0
Jennifer Miller,4503893476499522,"Merchant: Bates, Taylor and Smith",dining,20.38,12,14.19,0,0,2,0
Jeffery Neal,4253774226716484,Merchant: Cannon-Brewer,dining,50.09,9,4.44,0,0,1,0
Andrea Oconnor,4351454626055384,"Merchant: Cohen, Glenn and Perez",grocery,58.81,10,0.12,0,0,1,0
Melissa Lee MD,4558859918903474,"Merchant: Curtis, Huang and Bennett",grocery,17.4,17,2.56,0,0,0,0
Samantha Jacobs,4449958539111302,Merchant: Bishop-Brooks,grocery,6.89,9,32.87,0,0,1,0
Christian Riddle,4212161762519730,"Merchant: Alexander, Gordon and Arnold",electronics,27.47,10,18.4,0,0,3,0
Alexander Munoz,4029833126528101,Merchant: King-Jones,grocery,16.85,13,0.15,0,0,0,0
Caleb Rodriguez,4749888710548401,"Merchant: Reeves, Whitaker and Morgan",grocery,13.8,8,17.99,1,0,1,0
Andrea Bowman,4380086665815396,"Merchant: Kennedy, Nichols and Johns",online_shopping,30.22,21,21.3,0,0,0,0
Gavin Nelson,4622339364695496,Merchant: Gardner-Avila,online_shopping,33.25,21,1.4,0,0,0,0
Courtney Smith,4659205488850737,"Merchant: Klein, Morgan and Martin",grocery,27.86,5,0.1,0,0,1,0
Wayne Gray,4579162907726922,Merchant: Atkins-Hurley,online_shopping,66.55,10,0.93,0,0,1,0
Timothy Thompson,4232099662725070,Merchant: Williams-Martinez,grocery,16.93,6,1.8,0,0,0,0
Elizabeth Nicholson,4120084075882226,Merchant: Lee and Sons,grocery,62.65,11,12.74,0,0,0,0
Joseph Graves PhD,4248599317858780,Merchant: Burke Ltd,dining,91.46,8,10.25,0,0,0,0
Lisa Mosley,4340538676770373,"Merchant: Farmer, Villarreal and Martin",online_shopping,12.23,12,3.55,0,0,0,0
Travis Price,4796728036719991,Merchant: Stewart Inc,dining,19.92,15,39.56,0,0,0,0
Patrick Faulkner,4650123578223948,Merchant: Reyes-Jordan,travel,28.06,10,61.69,0,0,1,0
Linda Atkinson,4083406262953640,Merchant: Baker Group,online_shopping,30.0,3,87.78,1,1,3,1
Cameron Smith,4148777459941884,"Merchant: Lopez, Roberts and Nelson",grocery,10.25,15,1.17,0,0,1,0
Brittney Martinez,4680898809320795,Merchant: Watkins Ltd,grocery,14.83,15,21.44,1,0,1,0
Nicolas Brown,4448175525391258,Merchant: Oneal Group,grocery,10.69,20,2.16,0,0,2,0
Vanessa Zimmerman,4250030897376022,Merchant: Schwartz Ltd,gas_station,53.44,9,4.08,0,0,0,0
Lee Mann,4870332158363032,Merchant: Bailey-Sexton,electronics,19.52,16,2.15,0,0,0,0
William Lindsey,4858674360489881,Merchant: Collins Ltd,grocery,35.89,14,7.83,0,0,1,0
Desiree Patterson,4362817506094714,Merchant: Wiggins-Lynn,grocery,29.55,15,15.63,1,0,1,0
Sierra Cervantes,4695131914296731,Merchant: Smith PLC,grocery,26.12,15,36.0,0,0,1,0
Scott Meza,4746863864610789,"Merchant: Bryant, Shields and Lee",grocery,67.86,16,30.42,1,0,0,0
Erik Davis,4277949176558985,Merchant: Aguilar-Jones,electronics,32.96,23,4.83,0,0,1,0
Nicholas Duffy,4391627049141855,Merchant: Gonzales PLC,grocery,30.27,11,2.77,0,0,1,0
Anthony Paul,4233383167290031,Merchant: Boyd-Jones,online_shopping,48.88,10,29.03,1,0,2,0
Katherine Baxter,4247094195130743,Merchant: Smith Group,dining,13.05,9,4.15,0,0,0,0
Jessica Romero,4529003592057085,"Merchant: Flores, Gray and Suarez",grocery,52.57,14,11.86,0,0,1,0
Karen Robertson,4922630307837162,"Merchant: Mccann, Simmons and Daniels",grocery,19.52,7,5.15,1,0,1,0
Dr. Melissa Sullivan DDS,4294612579812339,"Merchant: Jordan, Mueller and Robertson",grocery,15.97,9,22.86,0,0,1,0
Nichole Klein,4603089925631141,Merchant: Shepard and Sons,grocery,35.3,15,11.58,1,0,1,0
Nicole Sanchez,4215308040276172,Merchant: Jones Group,gas_station,16.67,12,31.56,0,0,1,0
Tiffany Morrow,4812893323454221,Merchant: Hood-Patrick,online_shopping,39.74,17,10.03,1,0,0,0
Kelsey Lynch,4177816214276568,Merchant: Harris LLC,online_shopping,24.81,10,0.14,0,0,2,0
Traci Craig,4707621416350214,Merchant: Bishop and Sons,dining,42.7,13,2.84,0,0,3,0
Kelly Walker,4210611410645586,Merchant: Turner and Sons,grocery,10.62,10,15.99,1,0,1,0
Ryan Palmer,4009412445161946,"Merchant: Russell, Moore and Lewis",dining,45.13,14,15.45,0,0,1,0
Jenny Gray,4537092387983233,Merchant: Smith Inc,grocery,20.97,9,1.55,1,0,4,0
Brian Sloan,4367709895342512,Merchant: Chandler-Murphy,grocery,16.69,12,28.2,0,0,1,0
Joshua Miranda,4013588121555248,Merchant: Ray Group,grocery,37.48,21,5.91,0,0,1,0
Edwin Carter,4087130161880417,Merchant: Garcia Ltd,dining,55.44,16,26.1,0,0,1,0
Oscar Carroll,4212610906102969,"Merchant: Barnes, Bryant and Harding",gas_station,47.55,14,13.92,0,0,0,0
Eric Fitzpatrick,4469778034931631,Merchant: Mcdonald-Howard,online_shopping,98.67,6,1.68,0,0,2,0
Samantha Johnson,4483557490857478,Merchant: Davis Group,online_shopping,49.41,15,3.17,0,0,0,0
Luke Freeman,4771556489643221,Merchant: Cohen and Sons,online_shopping,68.1,5,6.66,1,1,0,0
Luis Murphy,4696318158996097,Merchant: Schmitt Ltd,grocery,21.33,6,9.46,0,0,1,0
Aaron Zamora,4263430926204820,Merchant: Schroeder and Sons,grocery,27.98,10,18.93,0,0,0,0
Henry Garcia,4015217381018972,"Merchant: Davis, Hoffman and Garcia",online_shopping,49.52,6,52.81,0,0,2,0
Bradley Robertson Jr.,4324715258999675,Merchant: Stewart PLC,grocery,55.53,12,14.93,1,0,2,0
John Moore,4903169728188585,Merchant: Ramirez Inc,gas_station,8.63,13,7.44,0,0,2,0
Courtney Foster,4073431908573463,"Merchant: Torres, Smith and Wise",gas_station,30.01,19,20.13,0,0,0,0
Jeffrey White,4758970154227094,Merchant: Snyder-Tucker,online_shopping,26.77,15,9.01,0,0,1,0
Ashley Gonzales,4577200536889083,Merchant: Long Inc,dining,40.11,14,10.82,1,0,2,0
Candice Gomez,4435382018776715,Merchant: Daniel-Graham,dining,33.71,22,2.18,0,0,0,0
Ian Harrell,4944115309127071,Merchant: Allen Inc,online_shopping,27.02,11,14.83,1,0,0,0
Colton Williams,4662062724470993,Merchant: Stevens-Grimes,dining,25.48,13,7.99,0,0,0,0
Patrick Santana,4745071623925263,Merchant: Sanders-Reed,gas_station,48.42,2,44.89,1,0,2,0
Cristian Mendoza,4557576811200565,Merchant: Clark-Serrano,grocery,42.48,8,2.05,0,0,1,0
Deborah Fisher,4553040743938721,"Merchant: Lowe, Lee and Barrera",electronics,38.7,19,2.94,0,0,1,0
Rebecca Klein,4075933592423846,Merchant: Hall Ltd,online_shopping,12.09,10,8.23,0,0,0,0
Phillip Macias,4823289017106374,"Merchant: Sullivan, Delacruz and Walker",dining,24.03,9,22.81,0,0,1,0
Tammy Cameron,4186893839543457,Merchant: Obrien-Molina,travel,9.56,17,6.27,1,0,1,0
Brian Rodriguez,4128403840588706,"Merchant: Garza, Davis and Smith",dining,15.96,14,38.51,0,0,0,0
Christopher Porter,4919318732335193,Merchant: Davis-Marquez,grocery,22.84,18,2.56,0,0,1,0
Cynthia Gregory,4096233440593899,"Merchant: Wiley, Blackwell and Carney",electronics,159.89,7,0.85,0,0,3,0
William Mclaughlin,4333787335805828,"Merchant: Hays, Smith and Frederick",gas_station,42.75,11,2.57,0,0,0,0
Dylan Tucker,4981488059515561,Merchant: Brady Ltd,grocery,109.24,20,14.57,1,0,2,0
Danielle Hernandez,4464227300636479,Merchant: Thomas Inc,grocery,11.08,9,8.85,1,0,1,0
Danielle Wang,4487042804891923,Merchant: Clark-Valdez,dining,16.44,23,13.9,0,0,0,0
Wendy Wright,4476337799380475,Merchant: Heath-Smith,grocery,25.17,13,4.17,0,0,0,0
Christina Mccarthy,4130376049191793,Merchant: Mitchell Inc,online_shopping,91.32,15,8.15,0,0,0,0
Meredith Shaw,4057973108027139,Merchant: Hansen-Smith,gas_station,36.82,3,38.42,0,0,1,0
Willie Garza,4225578419032228,Merchant: Foster Group,online_shopping,12.95,1,14.18,1,0,1,0
Crystal Anderson,4138869186607094,Merchant: Ryan Inc,online_shopping,52.06,7,3.46,1,0,2,0
William Hickman,4195724168584532,Merchant: Smith-Wilkins,gas_station,20.19,15,15.25,0,0,0,0
Luis Davis,4981053405347497,"Merchant: Sims, Cain and Johnson",dining,27.87,19,7.7,0,0,1,0
Jason Torres,4308107993456510,Merchant: Ford-Kelly,grocery,18.29,16,8.83,0,0,0,0
Crystal Rogers,4907267453396252,"Merchant: Klein, Nguyen and Brown",online_shopping,15.01,7,23.05,0,0,1,0
Jordan Schneider,4780271522737225,Merchant: Hernandez Group,online_shopping,57.58,12,7.65,0,0,1,0
Derrick Ramirez,4386171681383589,Merchant: Williams-Kennedy,gas_station,38.59,5,7.25,0,0,2,0
Jason Flores,4781052450357833,"Merchant: Mueller, Kennedy and Farmer",grocery,5.31,21,12.43,0,0,1,0
Andrew Williams,4421135796144407,Merchant: Williams Inc,online_shopping,31.01,11,25.11,0,0,0,0
Christy Kennedy,4579979843152271,Merchant: Leon PLC,dining,35.3,11,20.23,1,0,0,0
Ashlee Lopez,4107465506530202,"Merchant: Harding, Clay and Mosley",grocery,50.97,11,10.91,1,0,1,0
Heidi Torres,4686523204204220,"Merchant: Richardson, Williamson and Case",electronics,6.46,7,34.63,0,0,1,0
Adam Arnold,4704284850136723,Merchant: Thomas-Brown,grocery,22.69,7,7.67,0,0,0,0
Erin Figueroa,4508932008587522,Merchant: Howard-Perry,dining,58.85,11,2.31,1,0,1,0
Richard Rice,4932694464310296,Merchant: Sherman Group,grocery,27.46,16,28.51,0,0,1,0
Matthew Clark,4209765835717868,Merchant: Day-Johnson,gas_station,17.37,17,2.32,0,0,1,0
Stephen Anderson,4089279979348329,Merchant: Thompson PLC,travel,19.28,8,2.35,0,0,1,0
Barbara Willis,4807426890175015,Merchant: Hart-Evans,grocery,23.81,15,20.75,1,0,0,0
Martha Lee,4754750316815737,Merchant: Collins LLC,dining,35.05,10,2.79,1,0,1,0
Tammy Jones,4640968012003907,"Merchant: Sanchez, Warner and Parker",online_shopping,32.26,7,0.2,0,0,1,0
Grace Swanson,4970476595440884,Merchant: Moore-Blake,online_shopping,16.14,12,8.21,0,0,0,0
Christina Le MD,4037219304180842,Merchant: Barrett-Brown,electronics,27.59,13,4.05,0,0,0,0
Joshua King,4960462087384329,"Merchant: Santos, Dixon and Clark",grocery,30.44,9,4.39,1,0,0,0
Sarah Meadows,4156343976825230,Merchant: Adams PLC,travel,376.55,23,33.42,1,0,6,1
Stephanie West,4547432995575534,Merchant: Allen and Sons,online_shopping,10.87,19,19.34,1,0,2,0
Susan Jones,4506541390744328,Merchant: Dean-Wilkinson,dining,21.89,14,7.58,0,0,0,0
Timothy Gordon,4920222123703224,Merchant: Ross Group,dining,14.97,17,0.5,0,0,2,0
Kyle Horton,4026005206108418,Merchant: Martin and Sons,dining,47.13,14,1.93,0,0,2,0
Angel Knight,4697775323863776,Merchant: Duncan Group,grocery,59.3,9,2.04,0,0,1,0
Melissa Yang,4642178572280436,Merchant: Chavez-Hines,grocery,10.02,13,33.03,0,0,0,0
Michael Berg,4917423808691917,Merchant: Keith-Lindsey,dining,22.65,9,2.89,0,0,1,0
Carol Christensen,4981745527537000,Merchant: Richard-Williams,grocery,17.1,15,29.52,1,0,1,0
Richard Morales,4102336286411696,"Merchant: Daniels, Wang and Clarke",grocery,8.09,17,27.42,0,0,0,0
Clinton Moore,4770389313649037,"Merchant: Middleton, Lopez and Mason",gas_station,19.79,7,17.01,0,0,3,0
Michael Suarez,4571688972931904,Merchant: Arias-Jones,grocery,13.17,16,19.32,0,0,0,0
Joy Zimmerman,4018554057448704,"Merchant: Fowler, Cunningham and Smith",grocery,13.99,9,16.96,0,0,0,0
Elizabeth Robinson,4817174749079230,Merchant: Robinson and Sons,online_shopping,35.52,16,19.51,1,0,1,0
Kristen Jackson,4853373623057628,Merchant: Allen-Cunningham,grocery,14.37,18,10.62,1,0,1,0
David Williams,4726693185852180,Merchant: Anderson-Williams,gas_station,52.81,18,8.88,0,0,3,0
Stephen Ho,4253956394874225,"Merchant: Welch, Espinoza and Montgomery",dining,92.4,9,22.94,0,0,0,0
Richard Day,4349093426926348,"Merchant: Spears, Mcdowell and Wade",online_shopping,23.79,14,71.68,0,0,1,0
Rodney Nichols,4483041054589603,Merchant: Smith-Weber,dining,18.63,21,7.05,0,0,1,0
Gregory Jacobs,4937728675668079,"Merchant: Brown, Roberts and Carrillo",grocery,44.55,14,7.04,0,0,2,0
Bradley Thornton,4457107178065507,Merchant: Harris Ltd,grocery,24.84,21,14.19,0,0,2,0
Miranda Ortiz,4647223146420202,Merchant: Ochoa-White,electronics,23.5,6,1.98,0,0,2,0
Erika Brown,4657966758134340,Merchant: Bailey PLC,electronics,21.33,15,28.99,0,0,0,0
Samantha Robinson,4776236966378618,"Merchant: Campbell, Tapia and Evans",electronics,10.95,12,30.46,1,0,0,0
Cassandra Bonilla,4045977674049505,"Merchant: Wade, White and Cooper",grocery,4.22,19,18.88,1,0,2,0
Veronica Osborne,4925191155652929,"Merchant: Flynn, Palmer and Escobar",grocery,11.76,11,9.7,0,0,2,0
Ashley Reese,4813624804677934,Merchant: Mitchell Group,grocery,24.14,8,5.92,1,0,0,0
Matthew Berg,4839502786263149,"Merchant: Lambert, Perez and Gonzalez",electronics,19.18,13,4.53,0,0,0,0
Kristen Montoya,4350397851412013,Merchant: Young-Patton,grocery,19.02,12,0.97,0,0,3,0
Derrick Perkins,4906773685237470,Merchant: Cruz and Sons,gas_station,126.79,12,2.8,0,0,1,0
Nicole Moore,4115584973840082,"Merchant: Juarez, Norris and Harrington",dining,39.48,10,1.25,0,0,1,0
Nicholas Richardson,4105212407667861,"Merchant: Green, Dominguez and Mckenzie",grocery,36.01,16,0.67,0,0,2,0
Anna White,4986645338373311,"Merchant: Williams, Mcdonald and Carrillo",grocery,20.31,21,4.8,0,0,1,0
Scott Lopez,4747603107773534,Merchant: Mcdowell-Edwards,online_shopping,32.94,14,7.04,0,0,2,0
Nicholas Holland Jr.,4964144127579888,Merchant: Dixon-Gill,electronics,40.37,15,6.37,0,0,0,0
Christopher Long,4272099352512094,Merchant: Taylor LLC,gas_station,13.05,14,24.87,0,0,0,0
Andrea Jones,4554670047587011,Merchant: Woods Ltd,grocery,78.96,18,0.31,1,0,1,0
Terry Waller,4808703411638617,"Merchant: Mckenzie, Galvan and Perkins",gas_station,10.34,6,3.3,0,0,2,0
Joseph Acosta,4108301535278001,Merchant: Harris Inc,electronics,17.74,14,0.54,0,0,1,0
Lindsey Gray,4608863841962847,Merchant: Massey and Sons,gas_station,23.01,7,0.81,0,0,1,0
Ronald Hines,4944746905792320,Merchant: Carter PLC,dining,25.71,9,6.0,1,0,3,0
Amanda Wright,4839576853893350,"Merchant: Mcconnell, Hess and White",electronics,11.47,18,3.21,1,0,0,0
Charles Burton,4241951786318928,"Merchant: Walker, Nixon and Wright",grocery,48.92,22,1.41,1,0,0,0
Vincent Rosario,4869856879673793,"Merchant: Rowe, Rodriguez and Williams",travel,36.95,11,14.26,1,0,1,0
Noah Morgan,4688085966521637,"Merchant: Jackson, Pena and Salazar",dining,181.52,9,31.46,0,0,4,0
Christina Castillo,4878648010511845,Merchant: Lopez PLC,electronics,22.18,14,1.8,1,0,0,0
Jill Martin,4641022058359572,Merchant: Small-Fleming,electronics,15.76,13,27.0,1,0,2,0
Christopher Brown,4835262738276061,Merchant: Benitez PLC,dining,30.29,18,8.86,1,0,1,0
Lori Martinez,4062509179261190,Merchant: Colon and Sons,gas_station,43.08,7,4.89,0,0,0,0
Ashley Phillips,4956069932323679,"Merchant: Rangel, Gibson and Jones",online_shopping,75.64,15,28.98,1,0,1,0
Sara Thomas,4654019731112026,"Merchant: Pena, Hopkins and Robbins",grocery,16.45,10,12.16,1,0,0,0
Allison Simmons,4221631741993890,Merchant: Jackson-Little,gas_station,9.09,14,7.69,0,0,1,0
Matthew Perez,4733409586354697,Merchant: Ibarra Inc,grocery,7.86,13,16.55,0,0,1,0
Janice Henson,4326624299663902,Merchant: Chang-Ross,electronics,46.38,9,12.49,1,0,0,0
Ashley Jackson,4426633891228005,"Merchant: Wall, Stephenson and Harris",dining,27.32,8,46.95,0,0,1,0
Brian Sosa,4370609314173362,Merchant: Torres PLC,dining,54.84,8,18.47,1,0,3,0
Luis Wilson,4239338189454977,Merchant: Turner Inc,dining,37.6,14,59.84,0,0,1,0
Tamara Huang,4152385897250679,"Merchant: Glover, Martinez and Myers",gas_station,27.88,10,31.7,0,0,0,0
Cassandra Moreno,4322370903134641,Merchant: Obrien-Sawyer,online_shopping,21.41,15,6.19,0,0,0,0
Meghan Hernandez,4390153395833269,Merchant: Cardenas Group,electronics,33.25,12,0.12,0,0,2,0
Elizabeth Roth,4090128184893644,Merchant: Lara-Johnson,gas_station,45.82,7,12.78,1,0,3,0
Brian Hendricks,4903006799134686,"Merchant: Campbell, Summers and Sanchez",grocery,13.6,12,0.16,1,0,5,0
Tasha Cochran,4606561217472670,Merchant: Reid Group,gas_station,21.37,12,3.55,0,0,2,0
Angela Smith,4340688772753862,Merchant: Williams LLC,travel,26.93,14,6.45,1,0,2,0
Brittany Rios,4897073421808937,Merchant: Mendoza Group,travel,68.95,10,3.77,1,0,0,0
James Griffith,4698237995342059,Merchant: Nguyen-Kelley,dining,34.24,14,5.98,0,0,2,0
Karen Jones,4680735267565299,Merchant: Brown-Lloyd,online_shopping,13.95,16,2.8,1,0,0,0
Tina Ramirez,4530361004605108,"Merchant: Sampson, Bray and Gonzalez",electronics,11.68,7,5.51,0,0,0,0
Zachary White,4199500987264621,"Merchant: Eaton, Lewis and Jones",dining,33.41,13,1.89,1,0,2,0
Francisco Coleman,4167520593541574,Merchant: Myers Ltd,grocery,41.77,11,24.06,0,0,0,0
Jennifer Leon,4397424742589190,Merchant: Schmidt and Sons,online_shopping,23.86,6,1.99,0,0,1,0
Robert Valdez,4974651984656318,"Merchant: Davis, Smith and Harris",electronics,15.43,9,8.93,0,0,3,0
Jason Crawford,4032888948978947,"Merchant: Smith, Gomez and Weeks",dining,52.7,14,17.21,0,0,0,0
Kim Underwood,4726352882808231,Merchant: Cook-King,gas_station,49.19,6,5.7,0,0,1,0
Kevin Fisher,4430252002989043,Merchant: Hansen PLC,gas_station,20.9,10,16.76,0,0,3,0
Melissa Goodman,4698087825346709,"Merchant: Hill, Richards and Hall",dining,32.58,13,4.6,0,0,1,0
Cynthia Smith,4850616131217883,Merchant: Wang Inc,electronics,92.31,7,5.31,0,0,0,0
Alicia Grant DVM,4626669874223389,Merchant: Rodriguez-Miller,grocery,16.38,11,0.1,0,0,4,0
Amy Bailey,4446117954957110,Merchant: Adams PLC,dining,19.49,8,44.9,0,0,1,0
Sharon Fuentes,4049441536145189,Merchant: Dalton-Thomas,grocery,16.65,11,4.2,0,0,0,0
Charles Castaneda,4132181670491563,Merchant: Myers PLC,grocery,73.99,6,5.18,0,0,1,0
Susan Sanchez,4007260768516408,Merchant: Lucero-Harrison,dining,11.67,15,4.57,1,0,1,0
Amy Taylor,4400584451282728,Merchant: Kennedy-Newman,grocery,10.5,7,18.47,1,0,1,0
Michele Bennett,4289811664972480,Merchant: Warren PLC,dining,33.51,7,1.97,0,1,1,0
Vincent Watson,4259574859133757,Merchant: Morse PLC,grocery,10.35,7,6.84,0,0,2,0
Mary Jones,4345823881871694,"Merchant: Hicks, Bush and Anderson",grocery,70.12,8,5.02,0,0,0,0
Sheila Johnson,4675689292476807,Merchant: Thornton-Olson,electronics,37.18,9,2.7,0,0,0,0
Bob Jones,4257975131546363,Merchant: Meyer-Richard,grocery,6.25,9,11.37,0,0,0,0
Robin Hernandez,4621360629494476,Merchant: Robinson LLC,dining,67.58,14,9.19,0,0,4,0
Patrick Adkins,4724557699987513,Merchant: Arias LLC,grocery,48.11,9,4.82,1,0,0,0
Elizabeth Jenkins,4948933363996017,Merchant: Clark-Vaughn,grocery,18.2,13,25.71,0,1,1,0
Richard Dominguez,4471599771944595,Merchant: Gomez-Lewis,dining,23.67,18,17.06,0,0,1,0
Christopher Ibarra,4961409774184123,Merchant: Navarro-Charles,online_shopping,8.42,3,8.23,0,0,2,0
Paul Gordon,4405352932276973,"Merchant: Powell, Harper and Stark",grocery,8.26,12,8.45,0,0,1,0
Ronnie Frazier,4057218645326168,Merchant: Lane PLC,online_shopping,16.0,5,11.89,0,0,1,0
Kristen Gallegos,4749939452279182,Merchant: Freeman Group,dining,111.2,15,15.91,1,0,2,0
Kathryn Fletcher,4554700688730297,Merchant: Burton-King,travel,17.56,20,4.69,0,0,0,0
Christopher Dudley,4205633640976281,Merchant: James Inc,electronics,128.31,7,1.05,1,0,1,0
Vanessa Martinez,4712882631096874,Merchant: Torres-Pena,gas_station,6.34,16,17.74,0,0,1,0
Manuel Robinson,4540774881682040,Merchant: Tran-Strong,grocery,58.83,16,43.45,0,0,1,0
Paul Hansen,4281277317742787,Merchant: Reynolds Inc,grocery,18.42,14,9.71,1,0,2,0
Rose Mcdonald,4378872427581408,Merchant: Collins PLC,grocery,24.07,14,7.72,0,0,1,0
Martin Wilcox,4505809531647051,Merchant: Williams-Anderson,grocery,31.56,17,6.59,1,0,2,0
Robert Lucas,4887534073284562,Merchant: Bryan LLC,grocery,16.82,8,14.61,1,0,2,0
Brian Miller,4228171082281947,Merchant: Brennan-Kline,dining,43.95,15,12.16,0,0,0,0
Sarah Johnson,4334977593367830,Merchant: Harper-Reed,gas_station,24.61,1,2.65,0,0,0,0
Joshua Jones,4884549086781381,Merchant: Watkins-Tanner,gas_station,41.44,10,18.24,1,0,2,0
Nicole Parker,4311967647583356,Merchant: Richard LLC,travel,24.69,11,7.92,0,0,2,0
Margaret Johnson,4638828227069776,Merchant: Buckley-Williams,online_shopping,91.25,17,15.65,1,0,2,0
William Cunningham,4730842985077027,Merchant: Robinson Group,online_shopping,19.7,10,17.18,0,0,1,0
Rachel Williams,4681046363201543,Merchant: Weber-Ramirez,grocery,13.15,3,2.17,0,0,1,0
Tony Smith,4121491228673197,Merchant: Collins Group,online_shopping,20.66,14,3.11,0,0,2,0
Douglas Sanders,4194926511858023,"Merchant: Roberts, Campbell and Livingston",online_shopping,23.95,14,35.19,0,0,2,0
Paul Swanson,4231521809612490,"Merchant: Arnold, Jackson and Nelson",grocery,16.64,15,0.97,0,0,0,0
Michele Davis,4018435973098064,Merchant: Hall Ltd,grocery,116.61,15,8.29,0,0,1,0
Patrick Garcia,4727380165845637,Merchant: Rivera-Bowen,grocery,126.02,17,3.45,0,0,0,0
Brittany Matthews,4454053606568154,Merchant: Anderson-Barnett,dining,27.14,9,9.05,1,0,1,0
Kevin Christian,4098521772962296,Merchant: Friedman-Johnson,electronics,44.95,14,34.37,0,0,2,0
Christian Ford,4346718446173272,Merchant: Cohen LLC,grocery,28.66,12,38.92,1,0,1,0
Anna Higgins,4307667400184766,"Merchant: Horn, Ramirez and Curtis",dining,36.48,2,44.66,0,0,0,0
Rhonda Pena,4995359607124087,Merchant: Daniel-Clements,online_shopping,30.63,11,6.39,1,0,0,0
Candace Stuart,4765205622471805,Merchant: Pham Group,dining,31.38,12,12.2,1,0,1,0
Monica Curtis,4881437104582606,Merchant: Anderson Ltd,travel,80.42,6,9.0,0,0,2,0
Gloria Floyd,4007507975221788,"Merchant: Foster, Chavez and Walters",grocery,8.41,9,0.21,1,0,0,0
Isaac Chase,4667748189301633,"Merchant: Jackson, Grant and Herrera",dining,44.86,7,1.55,0,0,0,0
Steven Schroeder,4842633618913554,"Merchant: Hamilton, Allen and Zhang",grocery,9.53,11,9.85,1,0,1,0
Daniel Bishop,4572728781841479,"Merchant: Dominguez, Martin and Mcbride",electronics,23.77,13,12.61,1,0,0,0
Christian Burton,4238026709461868,Merchant: Evans Ltd,online_shopping,23.15,14,13.52,0,0,2,0
Robert Thomas PhD,4716418146049912,Merchant: Lynch-Sims,dining,24.58,8,9.8,0,0,0,0
Tracy Harrington,4936322802979806,Merchant: Todd Inc,grocery,39.99,0,7.33,0,0,0,0
Brandon Edwards,4347209673866753,Merchant: Collins-Cervantes,grocery,59.61,7,9.85,0,0,0,0
Candice Ramirez,4965376703927490,Merchant: Cooper and Sons,grocery,85.32,9,12.88,1,0,1,0
Brandon White,4438397505308332,Merchant: Johnson PLC,dining,18.27,8,0.71,1,0,2,0
Deanna Kennedy,4014671511888822,"Merchant: Rose, Stewart and Whitehead",online_shopping,67.34,6,8.66,1,0,0,0
Shawn Santos,4032248913604376,Merchant: Lewis-Thompson,dining,67.03,10,2.32,0,0,3,0
Caleb Carroll,4557663940819273,"Merchant: Montgomery, Wheeler and Robertson",online_shopping,50.55,18,3.29,1,0,4,0
Scott Morales,4848277594792279,Merchant: Gonzalez-Ward,dining,41.8,18,16.37,0,0,1,0
Sylvia Anderson,4192467595796336,"Merchant: Jackson, Gray and Mendoza",gas_station,101.62,16,5.11,1,0,1,0
Ryan Crane,4119351708716508,"Merchant: Montgomery, Baker and Wood",dining,9.9,12,29.7,0,0,1,0
Michael Hunter,4703761352428162,Merchant: Schroeder PLC,online_shopping,27.82,14,25.08,0,0,1,0
Shawn Fleming,4538455427244750,Merchant: Roman-Wilkerson,electronics,26.95,12,1.49,0,0,2,0
Maria Figueroa,4987920148292376,Merchant: Meyers-Gill,dining,18.18,9,3.85,0,0,0,0
Roberto Smith,4599686506601165,Merchant: Barnes-White,gas_station,25.9,14,5.67,1,0,3,0
Donna Moore,4586511503555815,Merchant: Huang PLC,dining,63.38,7,4.22,0,0,1,0
Benjamin Price,4066056772136003,"Merchant: Robles, Floyd and Brock",dining,31.45,13,22.42,0,0,3,0
Brandon Owens,4380063993782366,Merchant: Hunter-Guzman,online_shopping,88.75,14,3.54,1,0,0,0
Stephanie Marshall,4099787219163090,Merchant: Adams-Berg,dining,47.57,23,14.23,0,0,0,0
Nicholas Lowery,4651680047215358,"Merchant: Williams, Smith and Weber",grocery,14.47,12,12.43,0,0,2,0
Patricia Gonzalez,4009358717020056,Merchant: Gray-Nelson,online_shopping,41.09,7,6.08,0,0,1,0
Evan Davies,4501878900529947,Merchant: Gordon Group,travel,57.79,14,7.22,1,0,0,0
Dr. John Ramirez,4325543349232123,"Merchant: Stewart, Proctor and Bryant",online_shopping,16.31,4,1.15,0,0,0,0
Christopher Harrison,4302583303613220,Merchant: Garza and Sons,grocery,43.51,12,50.79,0,0,0,0
Erica Johnson,4690474473098113,Merchant: Hicks Ltd,online_shopping,17.64,8,19.2,0,0,3,0
Jamie Mayer,4780876678453342,Merchant: Soto-Flynn,grocery,19.45,13,17.29,0,0,0,0
Jeffrey Kennedy,4357843701180337,"Merchant: Johnson, Hodges and Bell",online_shopping,19.08,14,1.19,0,0,1,0
Sean Cisneros,4136375060503351,"Merchant: Wilson, Villarreal and Lucas",online_shopping,20.12,11,12.74,1,1,0,0
Debra Reid,4163784573625302,Merchant: Valdez-Cox,dining,46.34,19,51.54,0,1,2,0
Benjamin Sullivan,4426027322699274,Merchant: Allen and Sons,online_shopping,55.57,13,28.85,1,0,3,0
Michael Savage,4870229400975110,Merchant: Chen-Pierce,dining,33.9,18,21.43,0,0,2,0
Mckenzie Green,4293940996567892,"Merchant: Farley, Lee and Becker",grocery,12.46,22,5.39,1,0,1,0
Anna Valenzuela,4645981713032922,Merchant: Noble-Lynch,electronics,23.01,13,2.91,1,0,0,0
Paul Martin,4422138433213303,Merchant: Herrera Inc,grocery,60.18,10,2.25,0,0,1,0
Jason Alvarez,4042956030293091,Merchant: Johnson Group,grocery,20.69,7,10.31,0,0,2,0
Caitlyn Horton,4872020752002555,"Merchant: Anderson, Bonilla and Barker",online_shopping,11.19,12,1.23,1,0,1,0
Michael Price,4931860623143875,Merchant: Klein PLC,online_shopping,27.38,21,0.93,0,0,2,0
Richard Harper,4437305359627633,"Merchant: Rocha, Ray and Lang",dining,49.77,7,2.19,0,0,3,0
Michael Jensen,4097632527397679,Merchant: Pena-Torres,electronics,13.03,14,14.08,0,0,1,0
William Mcmillan,4881391420375692,"Merchant: Hill, Hunter and Herrera",dining,34.71,5,6.99,1,0,0,0
Nancy Stewart,4143140139887842,"Merchant: Brandt, Lozano and Atkins",online_shopping,16.99,7,0.39,0,0,0,0
Jimmy Hernandez,4953371894284086,Merchant: Richard Inc,grocery,27.2,12,0.64,0,0,1,0
Ashley Cordova,4638028521200413,Merchant: Snyder-Steele,grocery,11.6,9,1.09,0,0,2,0
Joseph Smith,4485155964870321,Merchant: Johnson PLC,online_shopping,13.76,4,7.09,1,0,0,0
Ronnie Martinez,4870395088884237,"Merchant: Mcmillan, Nguyen and Donovan",online_shopping,42.95,18,1.13,0,0,0,0
Wayne Davis,4940216980681354,Merchant: Pena-Gillespie,grocery,19.83,13,11.05,0,0,2,0
William Fisher,4362244626556151,Merchant: Crawford LLC,electronics,12.32,4,2.98,0,0,2,0
Carol Gray,4723551727484792,Merchant: Mercado Group,grocery,27.87,23,35.3,0,0,1,0
Tristan Bonilla,4705994461735361,Merchant: Murray PLC,dining,42.7,10,23.04,0,0,0,0
Alexis Cervantes,4684470674091269,Merchant: Dunn PLC,online_shopping,12.68,15,16.6,0,0,0,0
Steven Shaw,4287007110648020,"Merchant: Long, Edwards and Brooks",online_shopping,60.83,8,3.53,0,0,0,0
Melissa Banks,4258699800881484,"Merchant: Cardenas, Cook and Smith",electronics,37.26,9,7.98,1,0,0,0
Jason Bell,4894654112422964,"Merchant: Garcia, Hill and Mendoza",online_shopping,45.6,8,23.97,1,0,2,0
Kelly Hubbard,4691382172952184,Merchant: Jones LLC,dining,58.54,7,8.71,1,0,3,0
Christopher Patterson,4678239675676594,Merchant: Davis Inc,gas_station,36.06,6,6.79,1,0,3,0
Kurt Daniels,4863787855971180,"Merchant: Greer, Williams and Crosby",dining,29.2,7,0.84,0,0,1,0
Ryan Barker,4248187063378748,Merchant: Jefferson LLC,grocery,13.46,14,22.68,0,0,0,0
Douglas Oliver,4267326813615936,"Merchant: Owens, Malone and Knight",online_shopping,11.63,19,14.55,0,0,2,0
Shannon Cowan,4407620282074950,Merchant: Massey-Barnett,grocery,36.9,17,13.18,0,0,0,0
Ashley Banks,4241324591231415,Merchant: Fisher Inc,electronics,50.65,17,8.91,0,0,3,0
Jennifer Crawford,4215825451434388,"Merchant: Lawrence, Roberson and Oliver",grocery,36.85,0,30.3,0,1,1,0
Tammy Garcia,4500869920510349,Merchant: Thomas-Miller,electronics,9.55,12,1.3,0,0,0,0
Kevin Johnson,4594928349428355,Merchant: Townsend Group,grocery,30.76,1,3.76,0,0,3,0
Jason Walker,4706077149764232,Merchant: Roberts-Williams,grocery,30.66,13,14.62,0,0,1,0
James Gonzalez,4917032422341773,"Merchant: Diaz, Kennedy and White",online_shopping,20.51,17,0.35,0,0,0,0
Caleb Ponce,4117005245960902,"Merchant: King, Richardson and Moses",travel,30.0,1,113.14,0,0,10,1
Jennifer Hoover,4271720984027091,"Merchant: Haynes, Owens and Sanders",dining,16.5,10,22.46,1,0,0,0
Natalie Smith,4315211997178624,Merchant: Owens-Short,online_shopping,20.67,11,8.39,1,0,3,0
Danny Campbell,4615636886465046,Merchant: Harris Inc,dining,41.6,13,4.69,0,0,0,0
Deborah Roberson,4696062853674928,"Merchant: Park, Hudson and Mclean",grocery,70.0,13,6.63,0,0,3,0
Jennifer Allen,4871136354313314,"Merchant: Frank, Roberts and Smith",grocery,50.01,23,52.0,1,0,0,0
Jennifer Smith,4270645478399048,Merchant: Wiley Ltd,electronics,23.24,12,7.4,0,0,1,0
James Montoya,4910303379916181,"Merchant: Richardson, Gates and Carroll",online_shopping,24.2,10,7.29,0,0,0,0
Lindsay Rogers,4029767064409306,Merchant: Mathews-Cooper,dining,40.67,14,32.03,0,0,0,0
Wendy Allen,4776140692600545,Merchant: Arnold-Lewis,travel,29.14,11,19.37,1,0,0,0
Cheryl Newman,4863574088517448,Merchant: Johnson Inc,online_shopping,57.38,17,4.94,0,0,0,0
Rebecca Lane,4413882582355263,Merchant: Cox and Sons,grocery,21.28,8,21.16,0,0,1,0
Mark Madden,4733806177998909,Merchant: Palmer-Bradford,online_shopping,69.99,11,12.77,1,0,1,0
Tanner Holmes,4381006310595077,"Merchant: Padilla, Jackson and Hess",electronics,28.28,10,11.43,1,0,0,0
Brett Owen,4140486871690735,Merchant: Medina-Johnson,grocery,125.82,5,4.76,0,0,4,0
Lynn Mueller,4821092009114980,Merchant: Thomas-Clark,grocery,59.19,19,7.76,0,0,2,0
Lori Green,4168509894793983,"Merchant: Hunter, Stewart and Smith",travel,13.23,11,7.35,1,0,0,0
Tiffany Harris,4646906109603381,Merchant: Davis Inc,online_shopping,51.27,7,5.26,1,0,0,0
Jeffrey Fuller,4238223537557278,"Merchant: Ferguson, Murray and Taylor",online_shopping,34.77,4,1.82,0,0,2,0
Alyssa Zimmerman,4592501887206962,Merchant: Butler-Walker,gas_station,96.38,16,14.28,1,0,0,0
Angela Reyes,4776778871308487,Merchant: Cook PLC,dining,42.65,14,7.9,1,0,0,0
Bianca Chavez,4972006632956895,Merchant: Graham-Conley,grocery,8.54,12,3.88,0,0,1,0
Heather Allen,4574893670619754,"Merchant: Green, Glass and Miller",grocery,28.68,12,15.02,1,0,1,0
Elizabeth Nichols,4038140438801534,Merchant: Meyer-Velasquez,electronics,81.56,23,260.7,0,0,2,1
Richard Hartman,4500583534858420,Merchant: Hoover-Marquez,travel,19.36,7,1.14,0,0,0,0
Mary Hill,4561417843760181,"Merchant: Travis, Bowman and Owen",dining,127.43,12,4.2,1,1,1,0
Lori Little,4257981695352461,"Merchant: Lee, Ramirez and Walton",electronics,116.12,11,3.4,0,0,0,0
Ashley Stevens,4604259904019399,Merchant: Pena Inc,travel,43.68,14,0.88,1,0,2,0
Ashley Campbell,4898184324457430,Merchant: Garcia-Gonzales,grocery,18.14,18,13.17,0,0,1,0
Anna Snyder,4259512286952936,Merchant: Smith Ltd,dining,33.88,15,4.58,1,0,2,0
Ryan Myers,4106286852100734,Merchant: White Inc,grocery,51.38,14,20.22,0,1,0,0
Alex Jones DVM,4901325704414823,Merchant: Miller-Roy,dining,42.46,16,4.21,0,0,0,0
Michael Brooks,4430259588855738,Merchant: Villanueva-Mcmillan,grocery,59.61,14,19.88,0,0,1,0
Terry Stokes,4974260855026252,Merchant: Hopkins Inc,online_shopping,24.59,10,4.88,1,0,2,0
Adam White,4435395956917208,Merchant: Martin-Vaughn,online_shopping,33.4,16,21.08,0,1,1,0
Lisa Johnson,4036798893736305,"Merchant: Herrera, Burke and Nolan",grocery,39.75,12,2.66,0,0,2,0
Wendy Webb,4527737481184482,Merchant: Perez-Ortiz,dining,41.37,5,4.68,0,0,1,0
Kimberly Moore,4890529184409004,Merchant: Duncan Group,electronics,22.22,23,1.29,0,0,2,0
Tammy Lee,4558782573130227,"Merchant: Baird, Freeman and Kramer",dining,25.43,20,4.7,0,0,3,0
Alexander Hunt,4373540533401648,Merchant: Warren-Williams,dining,116.8,10,7.6,0,0,2,0
Sean Wilson,4850609337198650,Merchant: Ward Group,grocery,16.99,14,4.14,1,0,1,0
Garrett Robinson,4102146548193226,"Merchant: Jensen, Powers and Bennett",grocery,27.67,14,6.92,0,0,2,0
Teresa Adams,4615250191779875,Merchant: Dominguez-Johnson,gas_station,17.83,7,9.57,0,0,1,0
Dr. Gregory Arnold,4047006225017759,Merchant: Williams Inc,grocery,98.78,18,6.83,0,0,1,0
Patrick Simpson,4748909239360440,Merchant: Price-Smith,grocery,31.69,6,0.89,0,0,0,0
Jennifer Lee,4070660579652734,Merchant: English Group,dining,57.41,10,6.87,0,0,2,0
Michael Clay,4112598221898703,Merchant: Murphy PLC,electronics,55.38,21,0.7,0,0,1,0
James Silva,4624445169613705,Merchant: Campbell Inc,gas_station,70.89,11,1.47,0,0,0,0
Emily Bauer,4408497853150272,Merchant: Cortez and Sons,dining,21.74,13,9.22,0,0,1,0
Katherine Andrade,4393919165459486,Merchant: Watkins-Gomez,online_shopping,33.38,9,4.67,0,0,1,0
Paul Cabrera,4620952795860729,Merchant: Barber Ltd,grocery,10.27,1,23.43,0,0,0,0
Lisa Patterson,4093330206822059,"Merchant: Ellis, Novak and Cunningham",grocery,17.91,10,29.94,1,0,0,0
Jacqueline Chen,4845281349785755,"Merchant: Ross, Salinas and Watts",grocery,32.23,14,33.1,0,0,2,0
Christopher Johnson,4326610382118623,Merchant: Thompson Group,online_shopping,39.23,20,10.23,1,0,1,0
Laurie Carter,4502551309996293,Merchant: Snyder-Trujillo,grocery,29.85,9,1.56,1,0,0,0
Maria Sanford,4264977070345626,Merchant: Sanchez Ltd,dining,7.86,17,12.61,1,0,1,0
Allen White,4555274216919573,Merchant: Smith PLC,grocery,83.51,17,19.59,0,0,0,0
Richard Howard,4941904549065479,"Merchant: Horton, Jones and Patel",dining,40.54,7,20.39,0,0,1,0
Matthew Watson,4924098866611873,Merchant: Everett Ltd,grocery,67.68,16,13.39,0,0,0,0
Barbara Flores,4074989006180209,"Merchant: Barr, Austin and Crane",grocery,7.9,7,7.98,0,0,1,0
Gary Marshall,4155677521635920,Merchant: Olson PLC,online_shopping,42.55,10,3.08,0,0,0,0
Stephanie Hoffman,4445076547889159,Merchant: Gibbs-Bradford,electronics,41.09,14,1.74,1,0,0,0
Lance Rose,4939897751425809,Merchant: Mcdaniel Ltd,grocery,26.95,15,0.49,0,0,3,0
Donald Franklin,4422120373600145,Merchant: Obrien-Garcia,gas_station,21.97,8,9.02,1,0,1,0
Shannon Jones,4232329142041792,Merchant: Pruitt Inc,gas_station,34.27,7,1.39,0,0,1,0
Jennifer Avila,4953843071846606,Merchant: Hall-Lee,gas_station,75.92,14,18.79,0,0,1,0
Francisco Gonzalez,4351490333139368,Merchant: Chan and Sons,gas_station,35.18,11,5.23,0,0,0,0
Kathleen Mooney,4572073115676238,Merchant: Cole-Williams,online_shopping,24.02,1,1.47,0,0,0,0
Caleb Jackson,4582630161803038,"Merchant: Paul, Bennett and White",grocery,49.03,8,0.17,0,0,2,0
James Ray,4942634054755151,Merchant: Garza-Fields,electronics,56.03,14,18.61,0,1,1,0
Mason Chase,4983229918128099,Merchant: Anderson-Turner,electronics,11.22,8,0.23,0,0,0,0
Susan Mitchell DVM,4917701982771799,Merchant: House Inc,online_shopping,10.59,14,21.27,0,0,1,0
Steven Hull,4678587661217744,"Merchant: Stout, Gibbs and Rice",dining,96.68,14,12.06,1,0,2,0
Matthew Jones,4415657437598244,Merchant: Blackwell-Greer,grocery,50.06,12,13.59,1,0,1,0
Robert Cummings,4328180129558448,"Merchant: Diaz, Holloway and Murray",online_shopping,163.42,18,38.72,1,0,2,1
Paul Ross,4735264071491316,Merchant: Hopkins and Sons,online_shopping,30.38,12,1.81,0,0,2,0
Emily Salazar,4465274045645430,"Merchant: Cherry, Jordan and Robinson",online_shopping,17.16,6,4.84,1,0,1,0
Michael Gibson,4290382651294723,Merchant: Trujillo Inc,electronics,8.39,6,1.04,0,0,1,0
Tracy Martinez,4633700951139122,Merchant: Park LLC,dining,21.43,20,6.11,0,0,0,0
Luke Johnson,4276158425118747,Merchant: Petersen-Martin,online_shopping,52.16,17,10.42,1,0,1,0
Adam Garcia,4231858313297578,Merchant: Blackwell Inc,online_shopping,12.61,19,17.78,0,0,1,0
Michael Graham,4340971814854363,Merchant: Sexton Group,travel,12.12,7,0.97,1,0,1,0
Corey Barrera,4748187317852972,Merchant: Harper-Hunter,gas_station,79.99,8,2.21,0,0,0,0
Steven Mayo,4428468519261759,Merchant: Henderson-James,online_shopping,201.16,14,0.12,1,0,0,0
Shawna Green,4927429003916106,"Merchant: Mathews, Robertson and Lee",dining,17.04,17,6.93,0,0,1,0
Ashley Valentine,4811117040478730,Merchant: Sampson-Myers,online_shopping,189.74,14,3.76,0,0,0,0
Gary Salazar,4480521702073970,Merchant: Potter-Phillips,electronics,21.62,11,0.76,1,0,1,0
Debra Jackson,4163162958107719,Merchant: Adkins-Brennan,gas_station,21.16,9,17.18,1,0,0,0
Joe Martinez,4767416606485889,"Merchant: Heath, Merritt and Bell",grocery,27.65,9,3.16,0,0,0,0
Nicole Barron,4442450498864532,Merchant: Wright-Murphy,grocery,145.0,3,2.57,1,1,1,0
Jennifer Griffin,4845126527667319,"Merchant: Thornton, Mccormick and Carter",grocery,7.69,18,18.74,0,0,1,0
Joseph Lane,4525417832112688,"Merchant: Sanchez, Jenkins and Fernandez",grocery,37.57,17,14.11,1,0,2,0
Vanessa Morris,4868506345856974,"Merchant: Green, Hardy and Wright",online_shopping,26.89,14,4.76,0,0,0,0
Courtney Baker,4104568826342423,"Merchant: Henderson, Faulkner and Ware",grocery,43.87,12,1.34,0,0,2,0
Bradley Hansen,4592887005251364,Merchant: Carlson Inc,gas_station,109.25,14,0.62,0,0,0,0
Mary Moss,4725861821140846,Merchant: Carter Group,dining,9.81,12,13.02,0,0,1,0
Blake Bonilla,4426154712162752,Merchant: Graves Group,grocery,25.13,9,2.37,1,0,1,0
Adam Robinson,4332006119368957,Merchant: Smith LLC,grocery,46.46,16,6.65,0,0,1,0
Chelsea Garcia,4974802335235845,"Merchant: Campos, Sosa and Chavez",dining,26.33,13,8.05,0,0,1,0
Kevin Rose,4963838460749161,"Merchant: Navarro, Booker and Murphy",dining,85.51,8,8.27,0,0,2,0
Paige Collins,4555613960475102,"Merchant: Alvarez, Hunt and Mcdonald",grocery,26.47,6,4.22,1,0,0,0
Christian Wagner,4242584658993335,Merchant: Vaughn PLC,gas_station,19.46,9,3.48,0,0,0,0
Colleen Cox,4717685384994087,"Merchant: Thomas, Morgan and Dodson",dining,34.1,13,7.23,0,0,2,0
Shawna Palmer,4772797280927715,"Merchant: Solis, Cox and Franco",grocery,69.86,14,3.02,0,0,0,0
Chelsea Ramirez,4004640879817360,Merchant: Garcia-Norman,dining,46.15,8,8.91,0,0,1,0
Eric Kane,4885752452164203,Merchant: Pratt-Mills,grocery,20.63,8,1.68,0,0,1,0
Bridget Walter,4180829548521125,"Merchant: Travis, Alvarado and Bridges",grocery,30.93,14,2.96,0,0,0,0
Cynthia Shannon,4594633381798422,Merchant: Barnes PLC,grocery,23.39,19,6.08,1,0,1,0
Allen Stanley,4690177069053372,Merchant: Jones-Spence,dining,49.68,6,19.75,0,0,0,0
Derek Mcintosh,4193639986514366,Merchant: Francis-Smith,online_shopping,15.66,19,4.18,0,0,0,0
Jeffrey Hernandez,4629690545219090,Merchant: Johnson Group,gas_station,27.14,5,25.98,0,0,0,0
Katie Brown,4671258404760831,"Merchant: Sullivan, Gillespie and Fowler",dining,21.75,19,7.9,1,0,2,0
Brent Wong,4735460079740767,"Merchant: Davis, Lewis and Ross",online_shopping,334.92,23,14.15,1,0,5,1
Jenny Carter,4644925593348867,Merchant: Little PLC,online_shopping,47.96,21,29.71,1,0,0,0
Kirk Moreno,4468002209764656,Merchant: Mitchell-Cross,dining,30.67,8,45.92,1,1,0,0
Jeffrey Maldonado DDS,4175959627423344,"Merchant: Marsh, Kirk and Smith",grocery,70.31,10,10.36,0,0,1,0
Colleen Brown,4283437037526963,"Merchant: Porter, Boyle and Gilbert",dining,28.41,15,6.22,1,0,1,0
Derek Jones,4753916913946891,Merchant: Collins and Sons,grocery,13.48,7,34.05,0,0,0,0
Darrell Oliver,4327661639848115,Merchant: Cook-Johnson,online_shopping,20.26,12,10.27,0,0,1,0
Jenna Garcia,4225125748153240,"Merchant: Gonzales, Trujillo and Robinson",grocery,29.34,6,1.48,0,0,2,0
Sherry Adams,4063981808554205,"Merchant: Graham, Torres and Campbell",grocery,11.46,8,33.27,1,0,1,0
Richard Bailey,4099396007894930,Merchant: Jones and Sons,electronics,15.89,13,29.76,0,0,2,0
Kyle Gross,4061772382075119,Merchant: Porter-Scott,grocery,22.46,12,6.84,0,0,1,0
Jonathan Graves,4486579681032023,Merchant: Tucker-Young,online_shopping,28.74,3,9.63,0,0,2,0
Eric Knox,4401732815954313,"Merchant: Ferguson, Salas and Griffin",grocery,9.47,10,24.65,0,0,0,0
Ethan Jones,4467400940437817,"Merchant: Thompson, Butler and Perry",grocery,40.45,6,2.08,1,0,2,0
Steven Thomas,4119587360634055,Merchant: Jensen Ltd,dining,16.14,10,30.74,1,0,0,0
John Cook,4300572395327916,"Merchant: Coleman, Clark and Moore",grocery,23.87,10,18.33,0,0,2,0
Dennis Jones,4331671629968173,"Merchant: Rogers, Johnson and Andrews",dining,82.36,15,19.26,0,0,1,0
Sarah Wheeler,4481442335215608,"Merchant: Harris, Sanchez and Hogan",grocery,17.37,17,12.0,0,1,0,0
Lauren Freeman,4324746879271855,Merchant: Lopez LLC,dining,53.87,6,4.8,0,0,2,0
Brian Fuentes,4137035979780875,Merchant: Wilson LLC,grocery,43.8,12,6.65,0,0,0,0
Wanda Conley,4178679393693949,Merchant: Perry Ltd,grocery,47.93,13,31.76,0,0,0,0
Carol Thomas,4720203521048117,Merchant: Gregory-Mercado,online_shopping,30.4,15,2.06,0,0,0,0
Eric Fitzgerald,4681389331386347,"Merchant: Little, Stark and Lloyd",travel,49.94,14,8.86,0,0,0,0
Nicholas Fritz,4352493710417620,Merchant: Olson and Sons,travel,16.77,11,5.15,0,0,1,0
John Diaz,4103016404039764,Merchant: West and Sons,electronics,28.89,20,8.06,0,0,0,0
Harold Mckinney,4118806904389112,Merchant: Lamb-Washington,grocery,56.19,10,0.77,0,0,1,0
Patricia Vincent,4821991206244187,Merchant: Ross-Davis,grocery,30.13,15,1.47,0,0,0,0
Linda Rodriguez,4016641509957564,Merchant: Gonzalez-Klein,online_shopping,52.79,11,3.79,1,0,1,0
Monica Smith,4134315329314937,"Merchant: Brown, Moreno and Choi",online_shopping,19.07,7,9.3,0,0,2,0
Selena Hopkins,4822359634726242,Merchant: Burns Ltd,dining,68.43,16,3.17,1,0,1,0
Jonathan Sanchez,4193916527730879,Merchant: Mcmillan-Fritz,dining,99.26,14,14.33,0,0,2,0
Valerie Howard,4403648002540640,Merchant: Weeks-Lee,online_shopping,27.96,9,6.81,0,0,2,0
Cheryl Blevins,4765172775329125,"Merchant: Jones, Arias and Dyer",grocery,34.07,8,0.5,0,0,1,0
Tracie Wiley,4655644149300159,Merchant: Dodson Inc,grocery,16.2,9,9.09,1,0,1,0
Stephanie Cole,4382403092283437,Merchant: Frey Ltd,online_shopping,67.13,9,9.95,0,0,4,0
Kelsey Baker,4445663090669581,"Merchant: Brooks, Flores and Barton",gas_station,21.15,14,41.51,0,0,3,0
Stacy Myers,4494066446515716,"Merchant: Rosales, Wilson and Green",online_shopping,19.06,18,9.12,0,0,3,0
Xavier Parker,4923002883492847,"Merchant: Davis, Castro and Mckinney",online_shopping,49.03,17,7.64,0,0,0,0
Joseph Cooper,4550742982803796,Merchant: Riggs Ltd,grocery,22.17,16,22.01,0,0,1,0
Jessica Gibson,4400010568977901,Merchant: Baird PLC,gas_station,28.53,10,5.86,0,0,2,0
Rebecca Roberts,4649644221696895,Merchant: Gay Ltd,dining,14.73,12,30.77,0,1,2,0
Kathryn Jennings,4869797934859631,Merchant: Perez LLC,dining,62.91,11,2.06,1,0,1,0
Chris Levy,4722315260579488,"Merchant: Perkins, Aguilar and Hodges",online_shopping,19.16,11,23.15,0,0,0,0
Mary Torres,4575810015447518,Merchant: Mcclain-Villa,gas_station,15.86,22,3.43,0,0,1,0
Robert Smith,4457379848002034,Merchant: Jarvis and Sons,electronics,13.25,17,2.02,0,0,0,0
Douglas Watkins,4870789617832255,Merchant: Alvarado LLC,online_shopping,26.46,9,4.28,0,0,1,0
Eric Jordan,4915573222232607,"Merchant: Rodriguez, Garcia and Conley",grocery,29.35,12,3.26,0,0,4,0
April King,4754269883209919,Merchant: Davis Ltd,online_shopping,23.14,10,16.0,0,0,4,0
Douglas Trevino,4423483906184568,Merchant: Lawrence Ltd,gas_station,29.12,12,2.58,0,1,1,0
Patricia Moore,4278573023948477,Merchant: Thompson LLC,gas_station,73.33,8,1.66,0,0,0,0
Devin Ferrell,4146733909213707,Merchant: Patel-Cherry,electronics,45.19,8,19.12,0,0,3,0
Kevin Miller,4832740316947438,"Merchant: Hill, Gutierrez and Bowman",grocery,52.19,12,1.09,0,0,1,0
John Gomez,4188157651502183,"Merchant: Goodman, Murray and Miles",dining,18.92,17,7.23,0,0,0,0
Mandy Henderson,4459821941517630,Merchant: Alvarez-Ward,travel,76.38,3,11.46,0,1,5,1
Annette Green,4189085403032531,"Merchant: Thomas, Price and Martin",grocery,32.28,12,4.28,0,0,2,0
Eric Elliott,4559953972056003,Merchant: Garcia-Wright,gas_station,31.63,14,3.59,0,1,3,0
Erica Lane,4420922597396703,Merchant: Navarro and Sons,grocery,17.67,13,23.06,0,0,1,0
Christina Taylor,4106011303223236,Merchant: Richardson Ltd,dining,33.3,15,6.31,0,0,1,0
Elizabeth Miller,4433745365602670,"Merchant: Munoz, Davila and Ramirez",dining,24.99,14,6.31,0,0,3,0
Lori Gardner,4121638245962231,"Merchant: Collins, Gardner and Norton",online_shopping,29.68,16,0.57,0,0,1,0
Shawn Kim,4248439609960798,Merchant: Brown Ltd,grocery,30.24,10,2.37,0,0,0,0
Jeremy Edwards,4910515071081655,Merchant: Lamb Group,online_shopping,4.79,12,1.09,0,0,1,0
Michelle Mcdonald,4598515320928358,Merchant: George Group,electronics,232.85,0,29.6,1,0,5,1
Jason Jenkins,4424950152800641,Merchant: Wells-Bates,travel,12.16,9,3.46,0,0,1,0
Justin Bernard,4157799324696491,"Merchant: Rogers, Porter and Dillon",online_shopping,53.72,13,14.46,0,0,0,0
Peter Gilbert,4896389996801268,Merchant: Hanson Group,dining,29.88,11,26.78,0,0,1,0
David Hunt,4993005476424940,"Merchant: Hudson, Cole and Rivera",grocery,23.17,17,7.32,1,0,2,0
Joshua Cunningham,4282818325512669,"Merchant: Coffey, Ortiz and Rose",gas_station,75.75,4,29.53,1,0,3,1
Pedro Long,4782729721369080,Merchant: Morrison Ltd,grocery,35.01,14,5.25,0,0,0,0
Aaron Aguirre,4602296316501244,Merchant: Brown-Brady,dining,18.26,7,6.62,1,0,0,0
Julia Brown,4403417609713772,"Merchant: Pena, Merritt and Taylor",grocery,16.82,12,3.52,1,1,0,0
Ronald Santos,4938640470420862,Merchant: Bell-Jones,online_shopping,7.53,20,0.1,0,0,1,0
Brent Roberts,4478635943012268,Merchant: Wood-Gilbert,gas_station,59.03,14,7.3,0,0,0,0
Mr. Antonio Yang,4153543187050980,"Merchant: Bailey, Austin and Brown",online_shopping,15.08,7,1.15,0,0,1,0
Nancy Brown,4216259322408406,Merchant: Martin-Andrews,grocery,63.45,6,18.65,1,0,1,0
Charles Yang,4493834162325284,Merchant: Wheeler-Wilson,online_shopping,109.25,11,3.68,0,0,1,0
Danny Lowe PhD,4440291332276034,Merchant: Braun Inc,grocery,15.02,13,2.54,0,0,1,0
Eric Hays,4191658064385517,Merchant: Garner and Sons,dining,3.83,17,8.37,1,0,0,0
John Watts,4998663180583099,Merchant: Gilbert Ltd,grocery,50.67,11,4.25,1,0,2,0
Aaron Munoz,4690463507731880,"Merchant: Brown, Ortega and Nelson",dining,46.85,6,7.78,1,0,0,0
Brent Harris,4937753359409533,Merchant: Rivera-Mason,electronics,36.12,10,15.07,1,0,0,0
Ross Wallace,4243350698443387,Merchant: Oliver-Goodman,gas_station,105.47,22,1.12,0,0,1,0
Bryan Sullivan,4254712780664483,"Merchant: Allen, Whitney and Ellison",online_shopping,46.0,19,15.81,1,0,2,0
Dr. Sarah Payne,4678689268551275,Merchant: Walters PLC,gas_station,110.85,12,2.14,0,0,2,0
Melanie Villarreal,4118360637055459,Merchant: Pham LLC,dining,26.63,5,4.25,0,0,1,0
Jessica Fields,4515414238614500,"Merchant: Turner, Young and Wilson",online_shopping,35.2,17,8.16,0,1,3,0
Robert Sandoval,4138225814010112,Merchant: Armstrong LLC,electronics,12.4,8,7.96,1,0,2,0
Patrick Payne,4504428164580819,Merchant: Nelson-Martinez,dining,25.68,15,8.97,0,0,1,0
Dylan Contreras,4635519726344553,Merchant: Jones Ltd,grocery,13.84,14,17.36,0,0,1,0
Katherine Contreras,4582476825845977,Merchant: Walters-Hanson,dining,11.83,8,6.12,0,0,0,0
Michael Rodriguez,4205011600268496,Merchant: Hall-Davis,gas_station,42.6,12,0.1,0,0,0,0
Jeffery Johnson,4777619202976379,Merchant: Reyes-Salinas,grocery,45.89,11,18.31,1,0,2,0
Justin Smith,4555794319366711,Merchant: Bell LLC,grocery,42.06,9,3.18,1,0,1,0
Matthew Barry,4625352293862910,Merchant: Gonzalez Inc,online_shopping,37.23,8,8.0,1,0,1,0
Amanda Meadows,4937593727513156,Merchant: Ford-Jackson,online_shopping,33.15,17,11.8,0,0,0,0
Julie Sharp,4207138947785409,Merchant: Becker-Craig,grocery,44.83,9,22.54,1,0,2,0
William Howard,4945393411236465,"Merchant: Hines, Brown and Carter",online_shopping,38.1,10,40.34,0,0,0,0
Kathy Bailey,4850696720647401,Merchant: Bray-Allen,dining,4.39,14,7.71,0,0,0,0
Jeanette Brown,4503750160557041,"Merchant: Johnston, Williams and Nguyen",online_shopping,53.2,14,27.3,0,0,2,0
Heather Ball,4871237287357681,"Merchant: Gomez, Stevens and Howard",gas_station,43.7,18,2.07,0,1,3,0
Mike Buchanan,4642965399909548,Merchant: Torres Inc,grocery,10.68,6,1.95,0,0,1,0
Phillip Turner,4177416867448992,"Merchant: George, Schultz and Fleming",dining,51.69,13,22.05,1,0,1,0
Thomas Brewer,4151600804435838,"Merchant: Hammond, Hoffman and Lewis",dining,7.41,12,4.31,0,0,4,0
John Hopkins,4100670760345307,Merchant: Carter Group,dining,5.09,19,10.74,0,0,1,0
Tammy Rowe,4734152742128139,Merchant: Vaughn-Mcmahon,online_shopping,38.19,9,3.03,0,0,0,0
Beverly Nguyen,4094380180875374,Merchant: Washington Inc,online_shopping,21.03,9,3.14,1,0,1,0
Hannah Williamson,4126002674586182,Merchant: Moore LLC,grocery,45.38,7,1.77,0,0,4,0
Andrew Christian,4206248878202828,"Merchant: Wells, Sherman and Bowers",dining,7.65,8,0.79,0,0,3,0
Brent Rodriguez,4365522053848036,Merchant: Burgess-Rivas,online_shopping,17.79,16,6.65,0,0,0,0
Karen Wolf,4251571619546722,Merchant: Phillips-Hill,gas_station,58.28,11,4.87,1,0,2,0
Dr. Morgan Young,4904418507113838,"Merchant: Goodman, Evans and Wright",dining,16.41,9,3.87,0,0,3,0
Carrie Stafford,4146354765848856,Merchant: Cooke-Anderson,gas_station,113.04,15,61.43,0,0,0,0
Jennifer Brown,4762069348673703,"Merchant: Kidd, Shepherd and Phillips",grocery,12.36,15,49.97,0,0,1,0
Ashley Bradford,4197617432641724,Merchant: Hebert-Avila,dining,16.1,13,15.57,0,0,2,0
Phillip Obrien,4551458850182994,"Merchant: Hess, Wang and Thomas",grocery,24.16,7,10.4,0,0,2,0
Tammy Morris,4910102639001994,Merchant: Flores Group,online_shopping,31.27,20,5.5,0,0,0,0
Jamie Zhang,4739488340390605,Merchant: Reyes-Price,electronics,47.77,18,0.91,1,0,1,0
Christina King,4718729703450584,Merchant: Benitez-Conway,online_shopping,41.28,17,5.93,0,0,2,0
Dustin Harris,4024469439742256,"Merchant: Jensen, Walker and White",travel,18.9,10,12.26,0,0,1,0
Robert Stokes,4798304214538237,"Merchant: Richards, Rivers and Vargas",online_shopping,33.05,17,27.73,0,0,2,0
Kevin Soto,4213019386822675,Merchant: Johnson and Sons,dining,24.17,14,4.48,0,0,2,0
Christina Patrick,4356119436147565,Merchant: Steele and Sons,grocery,60.78,14,37.11,0,0,1,0
Heather Russell,4978823553184446,Merchant: Oconnor-Mendoza,gas_station,23.59,9,5.11,1,0,3,0
Andrea Lopez,4904883563471687,Merchant: King-Church,grocery,67.24,14,8.74,0,0,1,0
Susan May,4177108696540657,Merchant: Fuller Group,travel,37.13,5,4.98,0,0,0,0
Ronnie Hudson MD,4023564140771429,Merchant: Cook-Wilson,gas_station,48.21,17,0.43,0,0,2,0
Luke Hansen,4054351371834973,Merchant: Kim-Trujillo,dining,45.36,9,7.43,0,0,1,0
Austin Patterson,4291080778585994,"Merchant: Cook, Brooks and Williams",grocery,6.96,13,12.88,0,0,0,0
Benjamin Miller,4928921769603836,"Merchant: Roberson, Hardy and Smith",electronics,95.3,12,16.17,0,0,1,0
Elizabeth Wilson,4786264616150185,"Merchant: Vaughn, Fitzgerald and Alexander",grocery,10.51,7,6.34,0,0,0,0
Kyle Rivera,4050350907861140,Merchant: Schultz PLC,travel,12.0,12,13.73,0,0,4,0
Todd Nielsen,4767034700826377,Merchant: Williams Inc,travel,85.79,14,3.99,0,1,0,0
Michael Jones,4646225074762191,Merchant: Rodriguez-Coffey,dining,62.86,14,2.51,0,0,2,0
Tracy Jones,4835930168497072,"Merchant: Hardy, Morgan and Lee",grocery,92.2,16,21.69,1,0,2,0
Sarah Frederick,4992575117144033,Merchant: Day Inc,grocery,79.3,14,4.42,1,1,3,0
Jennifer Brown,4287567311017663,Merchant: Reilly Ltd,grocery,44.29,10,5.68,1,0,1,0
Ashley Ruiz,4279126154098569,Merchant: Sharp LLC,grocery,15.25,20,0.21,1,0,1,0
Deborah Johnson,4039348100334531,Merchant: Lewis-Gonzalez,grocery,26.39,7,3.09,0,0,1,0
Dean Cook,4174221659811578,Merchant: Martinez LLC,travel,11.13,14,0.17,1,0,1,0
Brenda Payne,4367895379280631,Merchant: Anderson-Bell,dining,24.29,18,6.52,0,1,0,0
Tammy Alvarado,4824817297131156,"Merchant: Stanley, Jackson and Gonzalez",grocery,38.6,8,2.17,0,0,1,0
Cynthia Jones,4508434211218284,Merchant: Newton-Fowler,gas_station,56.08,0,10.66,0,0,0,0
Sue Warner,4914547054332124,"Merchant: Sharp, Owens and Johnson",gas_station,20.85,7,7.55,1,0,2,0
Amanda Zavala,4954324439220783,Merchant: Lopez-Herring,online_shopping,11.52,13,7.0,0,0,2,0
Linda Salazar,4050898940816729,Merchant: Douglas LLC,dining,10.78,19,3.7,1,0,2,0
Juan Potts,4369351073851531,Merchant: Johnson LLC,grocery,24.32,17,0.4,1,0,1,0
Andrew Johnson,4356794154094619,Merchant: Reyes Inc,dining,23.78,6,12.85,0,1,1,0
Marie Reynolds,4455637801871519,"Merchant: Lopez, Marshall and Allen",dining,25.2,10,8.39,1,0,1,0
Samuel Mata,4006340961299266,Merchant: Smith Group,grocery,13.35,8,2.11,0,0,2,0
Anthony Ayala,4361815797764236,"Merchant: Smith, Berry and Pena",gas_station,64.59,14,2.43,0,0,1,0
Kimberly Dalton,4885079047552308,Merchant: Delgado-Wallace,dining,11.96,18,4.16,0,0,0,0
Nancy Tran,4350123290011244,"Merchant: Brewer, Cole and Ramirez",gas_station,19.17,10,47.96,0,0,1,0
Ralph Dominguez,4415822121511081,Merchant: Davis LLC,grocery,45.24,3,36.69,1,0,1,0
Jeffery Taylor,4989506659356144,Merchant: Carter Group,online_shopping,17.82,7,14.95,0,0,3,0
Steven Haas,4081452860689212,Merchant: Santos-Bates,grocery,12.84,7,16.42,0,0,1,0
Cory Kim,4447074952249942,"Merchant: Zimmerman, Evans and Diaz",grocery,15.66,11,0.28,0,0,0,0
David Chapman,4639160076941650,"Merchant: Miller, Garza and Harris",online_shopping,21.75,5,2.85,1,0,1,0
Paul Beasley,4015295063541677,"Merchant: Richards, Cohen and Blair",dining,31.52,6,19.78,1,0,1,0
Laura Ritter,4304456759818635,Merchant: Mccoy-Wallace,dining,58.51,10,2.62,1,0,2,0
Nathan Hess,4433508511274814,"Merchant: Perez, Roberts and Moore",dining,22.75,19,1.51,0,0,3,0
Cameron White,4269852056605993,"Merchant: Simmons, Bailey and Morris",online_shopping,15.78,14,0.63,0,0,2,0
Gregory Rios,4219746563825691,Merchant: Jones-Johnson,online_shopping,22.02,19,10.53,0,0,1,0
Eduardo Obrien,4287619768138912,Merchant: Wilkins Group,online_shopping,68.3,12,5.67,1,0,1,0
Bryan Jones,4208740289936505,Merchant: Warren Inc,grocery,22.45,8,5.39,0,0,2,0
Joshua Simpson,4319085788258423,"Merchant: Bernard, Payne and Murphy",grocery,115.97,8,5.57,0,0,0,0
Heather Herman,4086520774860254,"Merchant: Underwood, Hammond and Brady",online_shopping,46.05,5,20.3,0,0,1,0
Micheal Pugh,4378116909727323,Merchant: Marks PLC,grocery,36.76,7,2.65,0,0,0,0
Eileen Valdez,4577974840852280,"Merchant: Moody, Lee and Manning",dining,51.9,11,4.04,0,0,1,0
Debra Wolfe,4198272606576824,Merchant: Chambers LLC,electronics,14.79,6,10.82,0,0,2,0
Amy Mccullough,4728241978680422,Merchant: Mckinney-Chen,grocery,30.31,15,3.78,1,0,1,0
Lisa Ramirez,4892598672419542,Merchant: Cunningham Inc,online_shopping,41.47,10,0.1,0,0,0,0
Chad Daugherty,4571762696728928,Merchant: Williams and Sons,grocery,11.65,14,35.23,0,0,0,0
Patrick Clark,4765551465998317,Merchant: Hughes-Fernandez,travel,45.86,13,5.95,1,0,3,0
Robert Thomas,4309953218931533,"Merchant: Flores, Bond and Mills",grocery,33.75,7,8.86,0,0,3,0
Melissa Santos,4586548338806716,"Merchant: Paul, Nelson and White",grocery,62.78,10,5.77,1,0,0,0
Brian Porter,4742518697566715,Merchant: Williams-Moore,online_shopping,27.67,11,43.04,0,0,0,0
Donald Cruz,4524097586139342,"Merchant: Dunn, Smith and Cole",gas_station,36.16,11,3.0,0,0,1,0
Angela Ramirez,4495004418500605,Merchant: Reyes-Campbell,grocery,38.25,13,11.53,0,0,1,0
Kathleen Roy,4079843634861562,Merchant: Vega-Anderson,online_shopping,11.64,16,3.54,0,0,3,0
Andrew Harris,4887934048693840,"Merchant: Miller, Lewis and Garcia",grocery,35.24,18,3.48,0,0,0,0
Jeffrey Williams,4370787033014115,Merchant: Sanchez Inc,dining,57.29,8,0.29,0,0,0,0
Joshua Bailey,4606068217976460,Merchant: Thomas Ltd,travel,30.0,16,21.38,1,0,0,0
Lee Barry,4057420500800010,Merchant: Mcgee Inc,grocery,43.83,17,50.54,1,0,1,0
Susan Patrick,4606201199068879,Merchant: Preston-Long,travel,47.72,7,9.4,0,0,1,0
Nicole Peterson,4909042326634561,Merchant: Sanchez-Willis,online_shopping,15.9,8,11.45,0,0,0,0
Jessica Patterson,4504079425922025,Merchant: Hernandez LLC,grocery,74.24,8,2.48,1,0,3,0
Nancy Brown,4395207643593250,"Merchant: Brown, Velez and Graham",online_shopping,5.1,10,0.1,0,0,0,0
James Griffith,4183701577441664,Merchant: Mcconnell Inc,grocery,39.34,11,16.92,1,0,0,0
Shannon Hurley,4145984847169367,Merchant: Johns LLC,electronics,25.72,12,0.24,0,0,2,0
Kenneth Carroll,4756826814155012,Merchant: Miranda-Robinson,gas_station,8.33,5,4.49,0,0,0,0
Carla James,4570040173375914,Merchant: Grant Inc,electronics,17.61,19,0.69,0,0,1,0
Tammy Anderson,4286131883955700,Merchant: Martin-Miller,travel,29.93,8,4.66,0,0,1,0
Robert Tapia,4601619959425358,"Merchant: Blake, Carey and Russell",online_shopping,35.33,11,40.61,1,0,1,0
David Daniels,4537094206599950,"Merchant: Michael, Herrera and Chambers",grocery,17.82,21,2.71,0,0,0,0
James Gilbert,4408099589282153,Merchant: Werner and Sons,travel,29.19,13,6.48,1,0,2,0
Matthew Patton,4963083977251886,Merchant: Mcdonald PLC,electronics,94.17,12,4.31,0,0,1,0
Lisa Martinez,4389534910263988,Merchant: Brown-Gentry,electronics,31.96,18,0.1,0,0,1,0
Erica Baker,4493544997075547,Merchant: Brooks Inc,travel,40.91,13,29.55,0,0,2,0
Joel Gonzales,4388223409170893,Merchant: Le-Phillips,grocery,15.04,16,0.53,0,0,0,0
Vincent Castillo,4743826782827598,Merchant: Nielsen Inc,online_shopping,80.03,13,28.73,1,0,1,0
Claudia Brown,4680798105131468,Merchant: Thompson-Krause,dining,15.59,14,5.05,0,0,1,0
Destiny Bishop,4993386345872364,Merchant: Garza Inc,gas_station,81.38,10,15.29,0,0,0,0
Austin White,4628584981145755,Merchant: Porter LLC,gas_station,32.21,12,6.0,0,0,2,0
Desiree Booth,4386880507451152,"Merchant: Neal, Larson and Juarez",online_shopping,24.13,15,2.5,0,0,0,0
Mark Thomas,4471871000300356,Merchant: Wade Group,electronics,18.63,15,1.85,1,0,0,0
Amber Wilson,4751728632494877,Merchant: Prince-Stewart,travel,10.06,6,13.46,0,0,1,0
Michael Valencia,4600298455828141,Merchant: Smith-Campbell,dining,64.16,17,14.5,0,0,0,0
Amanda Love,4172701891388727,Merchant: Johnson Group,online_shopping,32.11,13,1.05,1,0,1,0
Miguel Green,4728360696688440,"Merchant: Myers, French and Hall",grocery,22.53,10,3.48,0,0,1,0
Michael Mathews,4949317332206246,Merchant: Pearson Group,online_shopping,26.13,8,2.8,1,0,3,0
Nathan Burke,4727435856932878,Merchant: Vazquez LLC,dining,47.63,7,8.14,1,0,1,0
Billy Wallace,4342050240905087,"Merchant: Robertson, Mack and Garza",grocery,19.94,11,13.51,0,0,0,0
Cynthia Nguyen,4450373509269252,"Merchant: Klein, Hunter and Richards",electronics,63.96,9,77.82,0,0,2,0
Rodney Perry,4617515418822874,Merchant: Bolton Inc,travel,37.97,22,12.31,0,0,1,0
Sherri Thomas,4021361399923237,Merchant: Saunders-Brown,electronics,29.77,13,4.73,1,0,4,0
Richard Rogers,4445122760786605,"Merchant: Lyons, Moore and Deleon",grocery,25.99,7,12.15,0,0,0,0
Matthew Ruiz,4644207077135999,Merchant: Phelps-Howard,dining,22.47,15,5.68,0,0,2,0
Lisa Martin,4331289985118604,Merchant: Smith-Dickerson,dining,43.02,17,3.26,0,1,2,0
Timothy Buck,4423112625748946,Merchant: Odonnell-Taylor,grocery,11.12,9,8.09,0,0,1,0
Lee Morton,4674655057519439,Merchant: Manning-Powers,dining,13.39,8,2.94,0,0,2,0
Priscilla Romero,4254825085115496,Merchant: Brewer Ltd,grocery,52.09,6,8.0,0,0,0,0
Hailey Lewis,4750465342542288,Merchant: Swanson Inc,dining,43.06,14,5.13,0,0,0,0
Amanda Barber,4326029748057963,Merchant: Montgomery and Sons,dining,11.64,23,0.45,0,0,0,0
Zachary Miller,4335201889761104,Merchant: Sloan Group,dining,19.92,14,4.76,0,0,4,0
Timothy Walker,4630286653581897,"Merchant: Wolfe, Hernandez and Mack",grocery,28.87,14,0.77,0,0,1,0
Laura Kelley,4791721486882380,"Merchant: Hernandez, Snow and Henderson",dining,26.51,16,3.88,0,0,0,0
Nicholas Abbott,4515109346673089,Merchant: White and Sons,grocery,34.93,14,19.2,0,0,0,0
Amber Kennedy,4480812727460015,Merchant: May PLC,gas_station,80.93,23,10.58,1,0,3,0
Jessica Adams,4156631108485570,Merchant: Fritz PLC,travel,47.53,17,11.86,0,0,1,0
Eileen Sanchez,4938124014766965,"Merchant: Hamilton, Campbell and Jones",gas_station,25.92,14,0.55,1,0,1,0
Randall Cox,4846159101452971,Merchant: Boone PLC,grocery,37.22,12,6.61,1,0,0,0
Paul Wilson,4730431138750936,Merchant: Richmond PLC,grocery,36.81,13,5.8,0,0,3,0
Nicholas Beard,4061735599717773,Merchant: Miller Group,grocery,61.25,6,1.89,1,0,0,0
Harold Wagner,4166401625953452,Merchant: Owen-Thomas,online_shopping,15.7,8,9.53,0,0,1,0
Martha Jacobs,4797280893725959,"Merchant: Garcia, Wise and Smith",grocery,11.4,1,14.41,0,0,2,0
Jason Hudson,4168983750148105,Merchant: Pitts-Carroll,dining,20.45,17,6.57,1,0,0,0
Beth Medina,4703646576105276,"Merchant: Callahan, Nolan and Wolf",dining,41.95,20,7.54,0,0,1,0
Jennifer Richards,4375435477801523,"Merchant: Taylor, Delgado and Ryan",online_shopping,16.68,6,23.82,0,0,1,0
David Mitchell,4074869935883976,"Merchant: Spencer, Kelly and Dawson",grocery,28.68,17,7.46,0,0,2,0
Brad Fisher,4791665914445031,"Merchant: Roberts, Sanchez and May",online_shopping,21.11,17,21.47,0,0,0,0
Ms. Mackenzie Barton,4312489142742584,Merchant: Hernandez-Ramos,grocery,75.96,12,3.41,1,0,2,0
Sherri Smith,4596545827372042,"Merchant: Palmer, Meyers and Thompson",online_shopping,374.51,21,48.42,1,1,6,1
Dennis Spencer,4689394241850483,"Merchant: Porter, Flores and Young",grocery,27.53,19,8.46,1,0,1,0
Natalie Martinez,4060670876240820,Merchant: Hogan LLC,online_shopping,52.8,21,0.95,0,0,2,0
Jeffrey Vaughn,4300927338528923,Merchant: Copeland-Mckay,grocery,99.84,10,13.77,1,0,2,0
Brandi Camacho DVM,4702672182571579,Merchant: Williams PLC,online_shopping,19.3,9,4.54,1,0,1,0
Heather Morales,4317536397869036,Merchant: Williams LLC,online_shopping,34.18,16,7.02,0,0,1,0
Michelle Wilson,4184396822983369,Merchant: Wilcox Group,dining,33.16,13,26.66,0,0,1,0
Stephanie Vargas,4957178300305645,Merchant: Marsh and Sons,grocery,24.58,16,2.12,1,0,2,0
Wendy Williams,4158968974828758,Merchant: Nguyen Inc,dining,67.4,11,5.17,1,0,0,0
Heather Cole,4318390215732086,"Merchant: Edwards, Shaw and Robinson",dining,62.36,14,8.09,0,0,1,0
Jerry Davenport,4616228794731104,Merchant: Hill Group,grocery,57.91,2,20.02,0,1,0,0
John Taylor,4048161133628855,"Merchant: Ramos, Moore and Ross",grocery,26.31,17,8.8,0,0,2,0
Ralph Hendricks,4015896719652634,"Merchant: Nunez, Moore and Pruitt",grocery,38.02,15,7.73,1,0,0,0
Angela Huang,4266980327399667,Merchant: Petersen PLC,dining,48.85,12,20.25,0,0,1,0
Jacqueline Banks,4290913741283910,Merchant: Brady Group,gas_station,42.04,18,2.38,0,0,0,0
Jeffrey Romero,4567350822047300,"Merchant: Weber, Henderson and Roberts",grocery,114.2,12,1.72,0,0,3,0
Theresa Davis,4924907488241838,Merchant: Stewart Ltd,online_shopping,13.82,7,14.81,0,0,4,0
Glenn Elliott,4567207190147346,Merchant: Mays-Moreno,gas_station,10.17,21,10.73,0,0,0,0
Lauren Anthony,4722089580901512,Merchant: Thompson-Bray,grocery,13.58,11,40.18,0,0,2,0
Frank Flores,4489862206867363,"Merchant: Travis, Delacruz and Meadows",dining,10.8,8,7.44,0,0,0,0
Charles Cervantes,4389415235982025,Merchant: Hughes Ltd,dining,18.99,14,15.12,1,0,2,0
Virginia Clark,4166515174772342,Merchant: Wright and Sons,grocery,19.68,10,11.74,0,0,2,0
Laura Gilbert,4666479846503350,Merchant: Brown-Garcia,electronics,77.98,5,9.8,1,0,2,0
Dustin Wilson,4468015276509606,"Merchant: Dunn, Hart and Scott",online_shopping,51.16,9,22.25,0,0,2,0
Jeffrey Mcclure,4075856939632292,Merchant: Jacobs-Chandler,dining,35.65,12,19.41,1,0,2,0
Thomas Zhang,4945763433997122,Merchant: Cooper Ltd,online_shopping,30.0,17,22.23,1,0,4,1
Tammy Estrada,4630619377061988,"Merchant: Thornton, Thomas and Jennings",grocery,40.97,2,8.74,1,0,1,0
Daniel Roberson,4801871669934108,"Merchant: Gonzalez, Alexander and Rivera",gas_station,32.19,13,16.99,0,0,2,0
Alyssa Orr,4567242742078426,Merchant: Allen-Johnson,online_shopping,22.85,10,5.27,0,0,2,0
Kimberly Lloyd,4171375648671437,"Merchant: Stokes, Richmond and Bradshaw",gas_station,65.16,11,2.55,0,0,1,0
Ronnie Johnson,4489361759088709,Merchant: Mason PLC,online_shopping,10.29,18,29.35,1,0,0,0
Tom Duncan,4251882816025331,Merchant: Turner-Stephens,dining,7.9,6,50.32,0,0,2,0
Kelly Guerra,4411022013921605,"Merchant: Mason, Dickerson and Young",grocery,84.43,9,1.56,1,0,1,0
Brian Mccarthy,4289370997263323,Merchant: Anderson and Sons,electronics,10.67,17,26.3,0,0,4,0
Jill Reynolds,4300232852124005,"Merchant: James, Richardson and Bullock",grocery,9.29,1,15.0,0,0,1,0
Sean Kaiser,4224174860064984,Merchant: Romero Group,grocery,113.62,13,3.53,0,0,0,0
Audrey Gomez,4476902902769995,Merchant: Moran-Gordon,online_shopping,8.63,19,4.19,0,0,0,0
Ricky Luna,4450820269278295,Merchant: Wheeler-Flores,electronics,24.3,19,7.85,1,0,4,0
Jonathon Hill,4253983745374010,"Merchant: Torres, Walter and Rivera",grocery,137.04,19,3.89,0,0,0,0
Kayla Waters,4684908564320652,"Merchant: Snyder, Collins and Cooper",grocery,8.43,17,2.1,0,0,0,0
Emily Middleton,4124838279065458,Merchant: Nichols Inc,grocery,21.35,9,15.69,1,0,0,0
Timothy Bauer,4348541323661625,Merchant: Chapman Inc,travel,45.4,18,138.17,1,0,8,1
Ryan Guerrero,4230819733494527,Merchant: Barnes-Mercado,grocery,29.02,7,1.47,1,0,1,0
Amanda Walters,4452420526738898,Merchant: Brown and Sons,online_shopping,61.49,18,34.56,0,0,1,0
Chad Bennett,4761318763954002,"Merchant: Rivera, Price and Jones",dining,37.59,15,13.26,0,0,1,0
Megan Baker,4202678869512708,"Merchant: Osborne, Kelly and Smith",grocery,17.26,9,5.8,0,0,1,0
Robert Gross,4702730382000037,"Merchant: Chavez, Kennedy and White",online_shopping,76.05,16,13.14,0,1,0,0
Craig Liu,4110800928210386,"Merchant: Adams, Bond and Ross",grocery,23.63,11,2.87,1,0,2,0
Shannon Curry,4815141789265401,Merchant: Henderson-Ramos,electronics,88.22,6,11.78,1,1,1,0
Austin Grant,4624295553870977,Merchant: Mitchell-Swanson,dining,107.11,16,11.5,0,0,0,0
Christopher Barnes,4542205832837159,Merchant: Mcbride-Lee,grocery,33.62,13,1.35,1,0,1,0
James Silva,4544963242466047,Merchant: Jones-Jones,online_shopping,15.11,14,2.94,1,0,0,0
Kari Sandoval,4294842209001439,"Merchant: Peters, Young and Barron",dining,27.47,11,2.5,1,0,1,0
Eric Hall,4016097067043026,Merchant: Simon-White,grocery,30.35,13,67.72,0,0,2,0
John Robles,4193508054233573,Merchant: Soto-Schultz,grocery,25.51,8,42.03,1,0,1,0
Howard Castillo,4151813428815141,Merchant: Clark LLC,travel,77.3,8,6.51,0,0,1,0
Brian Ibarra,4399053799915574,Merchant: Bailey LLC,electronics,24.2,14,6.62,0,0,0,0
Donna Montes,4876841816282610,Merchant: Mack-Rogers,electronics,14.17,11,13.5,0,0,0,0
Matthew Wilson,4624341917395937,"Merchant: Hill, Robinson and Mcclain",dining,15.85,16,38.33,0,0,0,0
Francis Wilson,4954405546321828,Merchant: Gonzalez-Bean,grocery,18.48,12,0.17,0,0,0,0
Michele Ayala,4006268610844762,"Merchant: Howard, Baker and Robinson",gas_station,18.84,7,3.95,1,1,0,0
Dr. John Jenkins,4779898962867436,"Merchant: Moody, Calhoun and Mckay",gas_station,65.02,14,5.62,0,0,3,0
Earl Romero,4398985258804966,Merchant: Goodman LLC,grocery,31.4,5,21.47,0,0,1,0
Rachel Brown,4525580315395318,"Merchant: Carter, Walsh and Cohen",travel,58.39,18,33.27,0,0,0,0
Deborah Stewart,4135214857517434,"Merchant: Mcbride, Espinoza and Scott",grocery,34.45,7,9.82,0,1,1,0
Jeremy Ross,4926219731457262,Merchant: Smith-Hamilton,gas_station,37.88,16,1.1,0,0,2,0
Debra Chandler,4425866019461162,Merchant: Massey-Zavala,dining,40.44,6,7.1,0,1,1,0
Robert Parker,4810745254861505,Merchant: Lee Group,online_shopping,58.25,6,29.15,0,0,2,0
Kenneth Jackson,4511080306154713,Merchant: Mcintyre-Watkins,online_shopping,33.32,7,25.09,1,0,0,0
Mario Gould,4578703713119421,Merchant: Montgomery-Alexander,grocery,55.34,16,6.04,1,0,0,0
Erin Jacobs,4100366606328793,Merchant: Meza-Williams,gas_station,50.35,20,15.44,0,0,0,0
Nathan Lang,4594560695599156,"Merchant: Palmer, Moore and Horton",dining,24.87,10,3.14,0,0,1,0
Michael Barr,4427509016153642,Merchant: Maxwell PLC,grocery,23.34,17,13.66,0,0,0,0
Kristen Pena,4316230030045201,Merchant: Braun-Brown,dining,25.7,14,5.97,0,1,0,0
Heidi Gonzalez,4350968888311491,"Merchant: Green, Williams and Zimmerman",grocery,23.29,8,37.34,1,0,1,0
Joseph Heath,4386768444121915,Merchant: Bass Group,dining,88.23,4,1.01,0,0,0,0
Robert Lozano,4062217894260329,Merchant: Sampson-Figueroa,online_shopping,40.36,15,42.75,0,0,2,0
Daniel Quinn,4039029154259424,Merchant: George-Holden,grocery,10.44,10,9.6,1,1,0,0
Amanda Smith,4981121059701242,Merchant: Rodriguez PLC,grocery,85.71,11,14.79,0,0,4,0
Ashley Sanders,4236025673229170,Merchant: Perry-Lee,online_shopping,30.97,17,6.65,0,0,3,0
Mr. Eric Hall,4232095540934363,Merchant: Jacobs LLC,grocery,60.59,18,0.47,0,0,5,0
Danielle Nelson,4914803066569306,"Merchant: Huber, Graves and Wright",travel,40.26,8,14.19,0,0,1,0
Richard Rios,4903875567613422,"Merchant: Estes, Stevens and Reed",dining,24.57,9,4.39,0,0,0,0
Patrick Nelson,4334430471427201,Merchant: Fitzgerald-Warren,grocery,33.59,9,52.3,0,0,2,0
Benjamin Bowen,4139541491611124,"Merchant: Guzman, Potts and Hansen",electronics,26.66,13,8.49,0,1,4,0
Jennifer Smith,4256196232686252,Merchant: Hernandez-Dominguez,online_shopping,19.27,6,1.8,0,0,0,0
Lisa Hernandez,4377276905559087,"Merchant: Porter, Wood and Herrera",online_shopping,102.62,2,6.41,0,0,1,0
Rebecca Lee,4831034469430744,Merchant: Rogers-Jimenez,travel,25.92,22,22.45,1,0,0,0
Emily Morris,4097681278889012,"Merchant: Rollins, Hudson and Scott",grocery,47.11,16,29.61,1,0,1,0
Allison Hill,4269951906294428,Merchant: Mueller-Martin,grocery,25.57,12,0.93,0,0,1,0
Dennis Douglas,4520306571287535,Merchant: Young-Baker,grocery,15.22,11,5.62,0,0,0,0
Eddie Davis,4480801360494746,"Merchant: Peterson, Taylor and Williams",grocery,65.94,7,19.23,0,0,0,0
Kristina Webb,4142548271898040,Merchant: Green-Stephens,grocery,44.52,16,13.71,0,0,0,0
Kim Sanchez,4769229625847072,Merchant: Brown Group,online_shopping,24.13,11,14.94,0,0,1,0
Jonathan Long,4176999590530443,Merchant: Wu-Buckley,electronics,171.97,0,23.2,1,0,4,1
Joshua Rodriguez,4197406395907003,Merchant: Gill-Stanley,online_shopping,9.01,6,2.84,1,0,1,0
William Sanders,4407339735109095,Merchant: Parker Group,electronics,242.18,10,18.66,0,0,2,0
Jacob Hart,4318683985914698,"Merchant: Lawrence, Cunningham and Brown",travel,42.53,7,2.21,1,0,3,0
Evelyn Pacheco,4666391890091804,"Merchant: Smith, Blankenship and Smith",travel,27.33,14,8.85,0,0,4,0
Anna Jackson,4321895141973484,"Merchant: Sanchez, Miller and Yang",grocery,5.02,10,4.52,0,0,3,0
Katherine Wright,4071775450756864,Merchant: Hernandez-Blake,gas_station,59.73,16,28.69,0,0,1,0
Luis Wells,4477900138859787,"Merchant: Johnson, Mendez and Larsen",dining,22.88,12,1.07,0,0,2,0
Lacey Hall,4191392117059461,Merchant: Zuniga LLC,grocery,34.72,0,47.13,0,0,1,0
Darlene Collins,4961479793892691,Merchant: Dean PLC,grocery,41.07,14,4.82,0,0,0,0
Chris Morris,4813352954005454,"Merchant: Robinson, Fox and Henry",grocery,29.52,5,17.41,1,0,0,0
Jennifer Smith,4042143166518993,Merchant: King-Thomas,gas_station,20.02,16,1.17,0,0,1,0
Nicole Norton,4036402981687831,"Merchant: Burns, Wilson and Vincent",travel,21.42,13,12.82,1,0,1,0
Emily Pearson,4262100385894723,Merchant: Crosby-Freeman,electronics,24.19,18,2.13,0,0,1,0
Michael Robertson,4551521983623083,Merchant: Stephenson and Sons,grocery,23.17,20,20.03,0,0,3,0
Wendy Miller,4726076124204418,"Merchant: Rodgers, Martin and Young",online_shopping,56.79,8,4.19,0,0,0,0
Michael Bennett,4682072799994997,Merchant: Smith Inc,grocery,13.28,13,22.54,0,0,1,0
Carla Goodman,4018989266293675,Merchant: Nichols-Robinson,dining,50.99,15,1.66,0,0,0,0
Jeffrey Stanton,4086560022957031,"Merchant: Schmidt, Schultz and Lin",dining,36.67,7,38.25,0,0,0,0
Jeff Jackson,4935534176079879,Merchant: Phillips-Mathis,online_shopping,10.3,8,10.44,1,0,1,0
Katelyn Curry,4799368919520989,"Merchant: Vasquez, Harrison and Robinson",travel,22.84,9,8.95,0,0,1,0
Jennifer Phillips,4634777415463347,Merchant: Hernandez Inc,electronics,7.7,7,5.1,0,0,2,0
Edward Weeks,4190128029143949,Merchant: Webb-Strong,travel,12.14,8,25.23,0,0,2,0
Kelly Gilbert,4074801559720564,"Merchant: Meyers, Nunez and Patel",online_shopping,37.1,12,25.3,0,0,1,0
Matthew Thomas,4227192680750092,Merchant: Hale LLC,dining,18.63,16,25.49,1,0,0,0
Christine Mendez,4708338880697330,Merchant: Morales-Perez,grocery,27.65,12,15.5,1,0,3,0
Kelly King,4878991723528817,Merchant: Powell-Powell,gas_station,26.97,8,20.04,0,0,0,0
Timothy Ho,4136992871002397,"Merchant: Hickman, Jones and Levine",gas_station,20.11,21,3.2,1,0,1,0
Sarah Taylor,4704313455163889,Merchant: Wilson LLC,grocery,70.73,16,32.15,0,0,2,0
Sandra Smith,4289971057549814,Merchant: Prince-Waters,grocery,78.1,9,9.46,0,0,1,0
Chris Jones,4180981660898912,"Merchant: Miller, Bennett and Harris",dining,16.56,10,5.35,1,0,2,0
Emily Lopez,4281471438401155,"Merchant: Matthews, Smith and Robinson",dining,38.74,13,0.38,0,0,0,0
Kimberly Rivera,4033596900705534,Merchant: Mcdaniel-Torres,travel,48.24,12,4.64,0,1,1,0
John Moore,4962771869868301,Merchant: Coleman Group,travel,18.16,13,8.5,0,0,4,0
Justin Perez,4776260949274538,"Merchant: Church, Scott and Luna",gas_station,151.77,21,32.61,0,0,1,0
Tanya Hill,4956968260692805,Merchant: Eaton-Long,grocery,2.41,9,12.49,1,0,0,0
Shawna Silva,4179588303350038,Merchant: Thompson PLC,gas_station,41.44,8,5.2,1,0,1,0
Marcus Powell,4660028550384717,Merchant: Blanchard-Smith,dining,21.73,5,18.28,0,0,2,0
Joshua Hopkins,4689731736723107,Merchant: Cook LLC,grocery,32.43,10,25.62,0,0,1,0
Christian Cross,4094597513012074,"Merchant: Lopez, Lester and Campbell",grocery,29.93,15,5.18,0,0,0,0
Dennis Garcia,4081634811050277,Merchant: Chang PLC,online_shopping,44.1,9,5.17,0,0,0,0
Laurie Miranda,4577261958436126,"Merchant: Stuart, Gonzalez and Chambers",grocery,40.27,10,0.47,0,0,0,0
Raymond Vargas,4358582434822802,Merchant: Ellison Inc,online_shopping,5.98,9,2.91,0,0,0,0
Robert Savage,4762362391613506,"Merchant: Jones, Mitchell and Moreno",dining,50.48,17,25.28,0,0,1,0
Kara Jackson,4485525687088064,Merchant: Conrad-Compton,dining,40.99,15,25.34,0,0,2,0
Virginia Davis,4572989820541377,Merchant: Lawson LLC,dining,24.7,5,2.36,1,0,1,0
Brianna Martin,4829127164316954,Merchant: Sexton-Maldonado,gas_station,20.88,14,3.41,0,0,0,0
Erica Huang,4068411602012213,Merchant: Young-Martin,dining,8.74,18,7.84,1,0,2,0
Jorge Gonzales,4584723874848933,"Merchant: Martin, Pearson and Bell",travel,79.81,14,23.02,0,0,2,0
Erin Mason,4980225091357813,"Merchant: Baker, Sosa and Wilson",online_shopping,14.09,11,4.78,0,0,2,0
Justin Bennett,4742141570995214,Merchant: Mcbride-Briggs,grocery,33.67,9,18.58,1,0,1,0
John Collins,4460598992611044,Merchant: Martin Inc,electronics,28.65,8,1.87,0,0,3,0
Kerry Ware,4761494340501366,"Merchant: Haynes, Harrington and Wall",grocery,13.13,11,6.29,0,0,2,0
Tina Dougherty,4945754523558973,Merchant: Roach-Richmond,online_shopping,12.46,12,21.24,0,0,0,0
Michelle Larsen,4955055241108712,"Merchant: Erickson, Stark and Henderson",grocery,24.07,12,28.48,1,0,0,0
Katherine Mccormick,4409922934662978,"Merchant: Jones, Miller and Bond",grocery,56.58,13,18.18,0,0,0,0
Kristin Graham,4548354599572635,Merchant: Anderson-Rasmussen,travel,160.45,4,154.73,1,0,6,1
Alexander Diaz,4855002309729675,Merchant: Fox PLC,grocery,79.95,18,71.07,0,1,1,0
Michael Chandler,4866198285904063,Merchant: Williams PLC,electronics,222.17,1,47.54,0,0,4,1
Justin Cuevas,4094341023013011,"Merchant: Maynard, Cardenas and Brown",grocery,23.05,9,0.93,0,0,0,0
Janet White,4326339886849661,Merchant: Curtis-Williams,online_shopping,35.03,10,9.06,0,0,1,0
Alexandra Ramos,4867348153912214,Merchant: Morris Ltd,grocery,6.24,9,3.27,0,0,1,0
Abigail Collins,4436056904364443,Merchant: Wolfe LLC,grocery,23.33,12,27.79,0,0,0,0
Jacob King,4944211067099055,Merchant: Sanders-Hunter,grocery,9.5,20,25.11,0,0,0,0
Lisa Johnson,4032615187104046,Merchant: Young-Alvarez,grocery,44.65,11,6.29,1,0,1,0
John Williams,4646389892284018,Merchant: Jones-Ferguson,travel,25.63,16,8.56,0,0,2,0
Dawn Garrett,4497905735805410,"Merchant: Warren, Pitts and Meyers",online_shopping,32.08,11,1.5,0,0,1,0
Samantha Roy,4318927500692150,Merchant: Crawford-Obrien,electronics,32.75,4,1.35,0,0,1,0
Yolanda Chen,4900506748179891,"Merchant: Castillo, Garcia and Vasquez",dining,65.51,11,6.66,0,0,3,0
John Golden DDS,4330393758130126,Merchant: Mclaughlin Inc,gas_station,60.21,10,39.8,0,0,0,0
Amanda Johnson,4709944957181345,Merchant: Gomez Group,dining,19.1,14,4.76,0,0,0,0
Brittany Fitzgerald,4029061691853619,"Merchant: Hawkins, Gutierrez and Dixon",grocery,45.22,12,1.11,0,0,2,0
Bonnie Barnes,4670769670258913,"Merchant: Bennett, Brooks and Ramos",electronics,47.24,13,3.6,0,0,1,0
Amy Walsh,4717732685781050,Merchant: Malone-Gonzalez,grocery,43.68,12,12.13,0,0,0,0
Brent Stephens,4894168631855257,"Merchant: Good, Contreras and Gibson",gas_station,110.61,7,1.42,0,0,2,0
Mrs. Lisa Smith,4767879054116696,Merchant: Andersen LLC,travel,19.29,8,3.27,0,0,0,0
Sarah Stewart,4153405242699690,"Merchant: Jones, Vasquez and Kim",grocery,22.43,6,2.2,0,0,1,0
Susan Matthews,4976869900782814,"Merchant: Duarte, Davis and Garcia",grocery,27.22,5,6.31,0,0,0,0
Kelli Shepard,4041379640497039,Merchant: Owen PLC,grocery,26.28,10,0.48,0,0,2,0
Ryan Caldwell,4410311155770180,Merchant: Nicholson and Sons,dining,16.74,18,5.09,0,0,1,0
Roger Mason,4078490824560942,Merchant: Espinoza PLC,dining,48.7,15,25.0,0,0,1,0
Angela Ramos,4201302239354037,Merchant: Brock-Lloyd,dining,28.67,2,16.46,0,0,0,0
Craig Wagner,4713384472781218,"Merchant: Fisher, Smith and King",dining,32.77,8,1.51,1,0,3,0
Paul Massey,4573515496066073,"Merchant: Rodriguez, Thomas and Anderson",grocery,77.5,7,0.1,0,0,3,0
Donald Bell,4647124346834855,Merchant: Vaughn and Sons,electronics,17.89,0,5.84,1,0,1,0
Keith Horton,4975157980058326,Merchant: Mcgee-Lewis,electronics,22.78,12,1.84,0,1,2,0
Julie Wilson,4973606301798210,"Merchant: Nguyen, Hopkins and Webb",gas_station,29.31,1,37.4,1,0,1,0
Nicholas Lopez,4959278332859680,"Merchant: Davis, Cohen and Mccarthy",dining,11.37,16,8.4,0,0,0,0
Tracy Wang,4451161065151389,Merchant: Barnett-Johnson,travel,39.33,10,34.98,0,0,1,0
Claudia Brooks,4226293658834990,Merchant: Lopez-Warner,online_shopping,26.98,2,3.82,1,0,1,0
Nathaniel Wright,4052048825267915,Merchant: Harmon Group,online_shopping,16.23,11,5.37,0,0,0,0
Maria Valenzuela,4885158694094879,Merchant: Sanders-Watkins,online_shopping,52.94,17,6.8,0,0,2,0
Peter Anderson,4882991780766155,Merchant: Smith-Brown,grocery,41.24,10,0.57,1,0,1,0
Michael Thompson,4580618700136517,Merchant: Johnson LLC,electronics,33.52,14,39.93,0,0,1,0
Ethan Perez,4201635769136476,Merchant: Crawford Ltd,grocery,80.99,21,23.66,0,0,0,0
Stephen Thompson,4598568421228988,Merchant: James Group,gas_station,90.32,14,18.61,0,0,1,0
Michael Baker,4354143019426735,"Merchant: Richardson, Wilson and Stewart",grocery,113.08,11,23.49,1,0,2,0
Kenneth Bailey DDS,4325153104308041,Merchant: Reyes Group,dining,92.35,10,10.8,0,0,2,0
Mark Decker,4310025904754763,Merchant: Jordan-Matthews,gas_station,33.56,11,16.46,0,0,2,0
Ruben Cruz,4713595184691722,Merchant: Wallace and Sons,grocery,26.63,10,0.46,0,0,0,0
Christine Park,4712719927241980,Merchant: Wilson-Garcia,travel,22.65,9,1.62,0,0,0,0
Robert Hogan,4833330655976138,"Merchant: Pham, Miller and Kim",dining,21.3,14,5.36,1,0,1,0
Michael Gordon,4522022796177009,"Merchant: Smith, Ortiz and Lopez",grocery,40.01,14,1.31,0,1,1,0
Rebecca Davis,4280855172948895,Merchant: Mcconnell-Oneal,online_shopping,9.87,22,9.18,1,0,1,0
Deanna Mcdonald,4311989683540520,"Merchant: Day, Davis and Valdez",online_shopping,29.18,9,11.15,0,0,0,0
Brian Barrett,4640605643290087,Merchant: Williams-Silva,online_shopping,167.12,12,20.22,0,0,1,0
Charles Willis,4091572750636227,Merchant: Johnson-White,online_shopping,15.25,7,8.96,0,0,0,0
James Chapman,4250538653123586,Merchant: Barrera Group,dining,35.54,22,9.29,0,0,0,0
Michael Soto,4842094184446208,"Merchant: Bishop, Barton and Shelton",gas_station,35.48,8,1.19,0,0,1,0
Aimee Fisher,4245797273139210,Merchant: Rodriguez-Brown,dining,25.55,10,24.13,0,0,0,0
Matthew Garcia,4808293807438574,"Merchant: James, Black and Stafford",grocery,9.39,12,20.2,0,0,1,0
Elizabeth Owens,4903216515567339,Merchant: Murphy-Fischer,dining,21.73,4,11.99,0,0,0,0
Alex Lamb,4610727787659731,Merchant: Matthews-Campbell,electronics,20.54,11,21.71,1,0,3,0
Kenneth Graham,4460570502119255,"Merchant: Reyes, Lopez and Schmidt",grocery,29.55,18,13.8,0,0,4,0
Roy King,4583682517024552,Merchant: Hall-Foster,grocery,30.47,10,13.8,1,0,1,0
George Gregory,4674693443222830,Merchant: Petersen-Rodriguez,electronics,42.32,17,1.63,0,0,1,0
Wesley Rich,4213027322044841,Merchant: Arnold Group,dining,64.89,13,3.45,0,0,0,0
Stephanie Hunter,4004534446227924,Merchant: White-Scott,online_shopping,13.97,6,0.38,0,0,0,0
Raymond Finley,4727243347720484,Merchant: Myers Inc,online_shopping,24.83,11,13.26,0,0,1,0
Allen Hunt,4437628255994843,"Merchant: Phillips, James and Coleman",online_shopping,35.62,18,6.49,1,0,1,0
Stacie Sanford,4759655987694136,Merchant: Montgomery Ltd,online_shopping,8.79,17,0.9,1,0,2,0
Christina Compton,4087106235916932,Merchant: Wilson-Barrett,gas_station,68.53,17,7.82,0,0,3,0
Beverly Cook,4824464956656601,"Merchant: Rose, Robinson and Jones",dining,30.83,11,4.91,0,0,0,0
Tracy Parker,4076245130961271,Merchant: Lin Group,grocery,10.66,21,3.3,0,0,3,0
Rebecca Ellis,4485794941844262,Merchant: Murillo PLC,grocery,37.41,10,24.24,0,0,1,0
Aaron Hernandez,4495370575494159,"Merchant: Zuniga, West and Gomez",online_shopping,52.72,14,17.08,1,0,0,0
Elizabeth Miller,4449150222951851,Merchant: Nolan-Juarez,electronics,12.12,3,3.6,0,0,3,0
Dalton Davis,4681165508914909,Merchant: Williams LLC,travel,104.33,3,115.61,1,0,1,1
Michael Singleton,4699157480048699,Merchant: Brooks-Jordan,grocery,27.22,8,4.79,0,0,1,0
John Cooper,4802678224909346,Merchant: Brown-Houston,online_shopping,19.63,13,9.53,0,0,0,0
Michael Hale,4749784752281557,Merchant: Rubio-Anderson,online_shopping,36.88,11,7.52,0,0,1,0
Mary Guerra,4562499372995205,Merchant: Hansen-King,dining,101.21,10,15.81,0,0,1,0
Pamela Davis,4301604263759976,Merchant: Wade-Clark,dining,66.66,10,6.86,0,0,1,0
Phillip Anderson,4984685857605059,Merchant: Molina-Scott,online_shopping,32.17,13,10.25,0,0,0,0
Stephanie Weiss,4599753929188194,Merchant: Webster-Turner,grocery,129.27,7,0.74,0,0,2,0
Jessica Long,4054846529189352,"Merchant: Sutton, Rose and Collins",dining,21.15,8,1.81,1,0,1,0
John Yang,4583076820542600,"Merchant: Haynes, Walker and Mason",grocery,22.39,11,16.13,0,0,2,0
Connie Franklin,4442117384962742,Merchant: Henry-Bell,grocery,33.12,17,16.44,0,0,2,0
Jackie Morgan,4684850701342233,"Merchant: Christian, Wood and Smith",electronics,57.19,11,16.68,0,0,2,0
Lisa Walton,4504405710620802,"Merchant: Shepherd, Williams and Morse",electronics,23.03,14,26.08,0,0,1,0
Maria Taylor,4011041258860496,Merchant: Williams LLC,grocery,28.82,15,2.4,0,1,1,0
Daniel Graham,4022509201198856,"Merchant: Simon, Schneider and Griffith",online_shopping,13.23,22,2.76,0,0,0,0
Matthew Simmons,4261728270261250,Merchant: Mejia-King,grocery,18.0,10,0.45,0,0,1,0
James Nicholson,4797604027183019,Merchant: Mccall-Rogers,dining,12.43,13,0.79,0,0,1,0
Tyler Fisher,4084952540035188,"Merchant: Leblanc, Reyes and Shields",dining,100.41,12,3.59,1,0,1,0
Michael Flowers,4457649478979267,Merchant: Ingram Inc,grocery,25.41,2,0.62,1,0,1,0
Bradley Parks,4161646663266317,Merchant: Bradford-Martin,dining,15.13,3,2.49,0,0,1,0
Scott Lara,4978768245848512,Merchant: Small-Henderson,gas_station,19.73,18,8.88,1,0,0,0
Francis Andrews,4626357548452408,"Merchant: Jones, Jackson and Bell",travel,10.97,17,19.91,0,0,2,0
Jesse Tucker,4416833142147234,Merchant: Lee-Turner,online_shopping,275.44,15,196.33,1,1,9,1
Jennifer Wise,4327055440274126,Merchant: Potts-Rice,grocery,72.48,8,12.48,0,0,1,0
David Walters,4320589207904266,Merchant: Williams LLC,grocery,64.78,8,18.34,0,0,0,0
Rebekah Cole,4136763485285292,"Merchant: Baker, Neal and Lewis",grocery,84.16,5,3.32,0,0,1,0
John Rogers,4803120132796852,Merchant: Price-Stephens,dining,26.17,18,19.48,0,0,2,0
Holly Floyd,4965211778002814,"Merchant: Jenkins, Crawford and Taylor",grocery,14.36,16,44.74,1,0,2,0
Ms. Janet Leonard,4593903064167026,Merchant: Guzman PLC,electronics,60.99,17,0.47,0,0,2,0
George Villa,4492907834010772,"Merchant: Morales, Hardy and Kirby",grocery,6.53,14,20.7,0,0,0,0
Christina Hess,4502109859306080,Merchant: Blake LLC,grocery,19.02,9,6.87,0,0,0,0
Jordan Williams,4382913539411870,"Merchant: Mason, Wilson and Rios",grocery,62.45,6,2.8,1,0,3,0
Bryan Burns,4742933175613634,"Merchant: Wolfe, Zimmerman and Cabrera",online_shopping,62.81,11,20.49,0,0,0,0
Stephen Parks,4159695549178083,Merchant: Washington-Cruz,grocery,31.16,7,0.86,0,0,2,0
George Phillips,4576341625316405,"Merchant: Forbes, Sullivan and Rivers",electronics,22.54,11,13.13,0,0,3,0
Kimberly White,4373930457412988,Merchant: Jones-Pennington,dining,128.1,14,2.95,1,0,2,0
Alan Nguyen,4037790542531707,Merchant: Young Ltd,dining,20.27,18,0.37,0,0,2,0
Linda Howard,4777217887287822,"Merchant: Brown, Collins and Johnson",grocery,27.37,12,22.1,0,0,0,0
Parker Wright,4500312354836625,"Merchant: Deleon, Underwood and Smith",online_shopping,77.14,11,10.02,0,0,1,0
Brandon Acosta,4396718323953027,Merchant: Ellis Inc,electronics,54.02,9,3.08,0,0,2,0
Jessica Hill,4559522393159108,Merchant: Roberts LLC,travel,56.21,17,12.38,0,0,3,0
Melissa Sanchez,4185079722810895,Merchant: Wilkins Inc,grocery,17.21,19,12.94,1,0,2,0
Sandy Oconnor,4887089850003883,Merchant: Miller-Cruz,online_shopping,29.62,11,6.04,1,0,0,0
Judy Jones,4132036096033748,Merchant: Roberson and Sons,online_shopping,21.93,13,2.82,0,0,2,0
Charles Davila,4126907280793446,Merchant: Wood-Lopez,grocery,7.06,14,13.9,0,0,1,0
Sonia Reyes,4969091023193790,Merchant: Oliver LLC,grocery,73.12,18,15.58,0,0,0,0
Mrs. Tammy Curry,4446007919492354,"Merchant: Fisher, Ford and Dunn",grocery,26.9,15,53.62,0,0,3,0
Alex Clements,4027304997805509,Merchant: King LLC,dining,9.94,13,0.28,0,0,0,0
Matthew Andrade,4443011167051212,Merchant: Holden-Hamilton,grocery,22.77,7,18.11,0,0,0,0
Jessica Wilson,4753535423653753,Merchant: Campbell PLC,dining,9.91,12,9.02,0,0,3,0
Dean Turner,4849128264249141,Merchant: Holmes Group,grocery,22.81,18,0.58,1,0,4,0
Sarah Sanchez,4961894658547398,Merchant: Garza-Duffy,dining,37.81,13,9.14,0,0,1,0
Jacqueline Kennedy,4016127924262814,"Merchant: Silva, Ramirez and Harmon",travel,33.53,21,25.46,0,0,1,0
Jessica Burgess,4507168923217116,Merchant: Wright-Flynn,online_shopping,28.94,23,14.84,0,0,2,0
Destiny Powers,4675301570557015,Merchant: Espinoza-Oconnor,gas_station,49.23,11,17.34,0,0,1,0
Susan Gregory,4302767991824401,Merchant: Gilbert Inc,online_shopping,24.2,10,38.29,0,1,0,0
Jason Smith,4283242009541085,Merchant: Duncan and Sons,grocery,53.86,19,5.23,0,1,0,0
Carlos Adams,4297967642633311,Merchant: Patel Ltd,grocery,16.66,12,1.1,0,0,1,0
Vanessa Flores,4256212741405512,"Merchant: Blanchard, Harris and Brown",electronics,100.44,19,14.66,0,0,2,0
Albert Nguyen,4297729161693492,"Merchant: Clark, Tate and Drake",grocery,40.9,18,9.36,1,0,2,0
Dwayne Joseph,4174648782079527,Merchant: Collier-Smith,grocery,65.04,14,8.34,0,0,2,0
Leah Walters,4757046483715306,Merchant: Russo-Mason,grocery,23.25,13,0.17,0,0,0,0
James Spears,4763174816743126,Merchant: James-Davenport,online_shopping,36.78,16,2.79,1,0,3,0
Gilbert Reed,4827259673475310,Merchant: Smith PLC,online_shopping,21.3,14,7.3,0,0,2,0
Joel Newton,4841647560915756,Merchant: Mendoza-Turner,dining,31.29,9,8.75,1,0,2,0
Michael Chambers,4157961428234286,Merchant: Gilbert Ltd,gas_station,41.23,10,3.97,1,0,0,0
Andrew Phelps,4097886223534221,Merchant: Brown-Richardson,electronics,17.39,15,1.43,0,0,3,0
Lynn Hoffman,4328687973259899,Merchant: Nguyen Group,gas_station,28.66,13,10.03,0,1,2,0
Daniel Mercer,4099394758598933,"Merchant: Dudley, Smith and Weber",online_shopping,41.53,9,23.33,0,0,2,0
Edgar Stewart,4432801940945174,Merchant: Johnson PLC,online_shopping,50.26,12,1.78,0,0,0,0
Alyssa Weber,4901715489495056,"Merchant: Ellis, Williamson and Clark",dining,3.62,4,30.45,1,0,2,0
Guy Reynolds,4623607682637401,Merchant: Bird-Davis,gas_station,55.57,7,6.98,0,0,2,0
Allison Mcpherson DDS,4859646521572481,Merchant: Dodson LLC,dining,58.48,12,1.62,0,0,2,0
David Morse Jr.,4665464398997938,Merchant: Russell Group,dining,31.77,8,10.09,0,0,1,0
Sarah Davis,4700466605226123,Merchant: Ochoa-Jones,grocery,90.16,13,42.79,0,0,0,0
Willie Duncan,4713052064091912,Merchant: Johnson-Jones,grocery,44.67,13,2.66,1,0,2,0
Christopher Waters,4066935489102111,"Merchant: Everett, Lucas and Rios",grocery,43.41,9,19.07,0,0,1,0
Jennifer Ortiz,4091558167383396,Merchant: Cruz Inc,gas_station,13.65,13,60.91,0,0,2,0
Jennifer Greene,4049835632770362,"Merchant: Mclean, Rice and Mahoney",grocery,13.91,8,1.81,1,0,0,0
Jack Garcia,4932887525768755,"Merchant: Marsh, Maldonado and Barrett",dining,113.12,13,4.02,1,0,1,0
Toni Gill,4643797975254216,Merchant: Sheppard LLC,online_shopping,129.7,16,0.22,1,0,2,0
Joseph Myers,4191684959826340,Merchant: Short Group,dining,38.06,14,8.45,0,0,1,0
Kathleen Marshall,4590537549904950,Merchant: Gonzalez-Carpenter,online_shopping,18.64,17,2.4,0,0,0,0
Joanna Bradshaw,4141010898726907,"Merchant: Duncan, Yoder and Jones",dining,20.02,13,2.57,0,0,2,0
Dylan Patel,4947137392666952,Merchant: Norton-Moreno,dining,34.81,10,4.06,0,0,0,0
John Jackson,4837039473125499,"Merchant: Barrett, Leach and Johnson",grocery,42.86,6,26.38,0,0,0,0
Janet Delgado,4075149767400283,"Merchant: Horn, Schwartz and Mckenzie",dining,71.86,4,9.41,0,0,4,0
Jennifer Fields,4741607319850473,Merchant: Odonnell Ltd,grocery,77.64,11,9.24,0,0,1,0
Brenda Harvey,4556612824082871,Merchant: Marshall and Sons,electronics,39.13,11,32.12,0,1,2,0
Ms. Monique Dougherty MD,4740647088704494,Merchant: Thompson-Rivera,grocery,63.46,11,6.5,1,0,1,0
Keith Kennedy,4607302758794324,Merchant: Williams-Craig,online_shopping,14.95,13,15.38,1,0,0,0
Jacob Paul,4500094365960756,Merchant: Meyer-Gordon,dining,55.94,17,10.85,0,0,0,0
Martha Arnold,4542233606943474,"Merchant: Williams, Fox and Hernandez",gas_station,138.78,17,0.14,1,0,1,0
Sarah Martin,4969321529959612,Merchant: Smith and Sons,gas_station,12.12,7,11.66,0,0,2,0
Shaun Thompson,4088548188264902,Merchant: Bridges-Stanton,grocery,35.44,7,4.17,1,0,0,0
Tammy Morris,4125472463303456,Merchant: Barron Group,gas_station,23.67,13,23.39,1,0,0,0
Steven Clark,4094308943666475,"Merchant: Johnson, Smith and Hall",dining,40.03,7,20.26,0,0,1,0
David Morrison,4547199613069576,"Merchant: Fox, Nichols and Vance",electronics,26.98,13,0.19,0,0,1,0
Rebecca Kaufman DDS,4713080287852729,Merchant: Lewis Ltd,grocery,46.43,12,12.92,1,0,1,0
Larry Rivera,4406953517171189,"Merchant: Davis, Schwartz and Lara",grocery,8.68,17,22.66,0,0,2,0
Caitlin Ford,4213172361328000,Merchant: Meyers Inc,grocery,41.54,14,11.41,0,0,0,0
Adriana Johnson,4195940874950334,Merchant: Weber-Jackson,grocery,13.21,9,47.71,1,0,0,0
Sharon Cowan,4670577364140226,Merchant: Contreras-Ford,grocery,23.92,8,0.1,0,0,0,0
Andrea Butler,4956209484618023,Merchant: Erickson and Sons,grocery,19.43,12,2.72,0,0,1,0
Mike Martinez,4398843772118316,Merchant: Rogers PLC,dining,33.21,10,0.68,0,0,0,0
Maria Ferguson,4175309720486816,"Merchant: Calhoun, Chambers and Dodson",grocery,27.22,16,9.81,0,1,1,0
John Barber,4041292506983218,Merchant: Bautista-Bridges,electronics,8.49,7,1.54,1,0,2,0
James Short,4456863146870417,Merchant: Riley-Wolfe,grocery,16.0,2,26.57,1,0,1,0
Heidi Moran,4516695539218111,Merchant: Randall-Foster,electronics,20.91,12,25.32,0,0,0,0
Marie Patterson,4464880788990709,Merchant: Baker Inc,grocery,28.17,22,23.67,1,0,2,0
Charles Baker,4730983922282104,"Merchant: Sanchez, Woods and Jackson",electronics,29.11,7,1.57,0,0,1,0
Nicole Rodriguez,4152348417193225,Merchant: Estrada PLC,grocery,22.52,8,4.67,0,0,3,0
Jason Morgan,4717791850641978,"Merchant: Johnson, Brown and Gonzalez",online_shopping,15.49,10,6.51,1,0,0,0
Rebecca Clark,4320360714987032,"Merchant: Jones, Jackson and Stephens",grocery,25.69,7,12.43,0,0,1,0
Martin Jones,4844576763141315,Merchant: George-Gibson,gas_station,53.2,11,12.48,0,0,1,0
Katherine Sanchez,4993223947800057,Merchant: Ellis Group,online_shopping,20.74,6,7.67,0,0,1,0
Edward Wallace,4671566368568804,Merchant: Rose and Sons,grocery,41.65,7,38.79,0,0,1,0
Melissa Carroll,4099973482904507,Merchant: Reyes PLC,grocery,18.12,21,34.52,1,0,0,0
Pam Hernandez,4732663056259726,Merchant: Aguilar Ltd,dining,15.21,8,0.99,0,0,5,0
Daniel Wood,4370914428845834,Merchant: Moore-Jones,dining,19.53,13,4.82,0,0,1,0
Eddie Duffy,4604960913307721,Merchant: Barnes LLC,online_shopping,69.72,8,23.94,0,0,0,0
Mark Alvarez,4292875045328246,Merchant: Ray-Stephenson,electronics,49.98,16,5.03,0,0,4,0
Edward Manning,4802576998589395,"Merchant: Blankenship, Farmer and Hines",electronics,27.87,10,9.45,0,0,0,0
Bridget Carter,4251089664172880,Merchant: Swanson-Bird,grocery,94.12,16,3.73,0,0,2,0
Mark Johnson,4518955394534525,"Merchant: Kelly, Long and Gibbs",dining,43.43,5,9.13,1,0,1,0
Eric Silva,4852146111055978,Merchant: White-King,grocery,3.86,8,37.11,0,0,4,0
Nathan Mcgee,4223413242628988,"Merchant: Dixon, Dixon and Johnson",grocery,22.41,13,3.42,0,0,0,0
Jennifer Montgomery MD,4651956545603562,Merchant: Shaffer-Underwood,dining,14.51,11,0.45,1,0,1,0
Christopher Farrell,4197399641765707,"Merchant: Phillips, Russell and Walker",dining,21.79,7,18.27,0,0,1,0
James Grimes,4794912003258660,"Merchant: Owens, Khan and Garcia",travel,91.16,19,1.53,0,0,2,0
Mr. Joseph Thompson,4702169870912660,Merchant: Franco LLC,gas_station,19.14,6,3.67,0,0,0,0
Alexis Arroyo,4173823379713025,Merchant: Morton and Sons,dining,17.89,15,9.99,0,0,1,0
Eric Walker,4151332690187360,Merchant: Stewart Group,grocery,91.74,3,19.22,0,0,0,0
Richard Mccormick,4762742086002190,Merchant: Mitchell PLC,online_shopping,87.32,7,5.43,0,0,0,0
Heather Stevens,4241644796882484,Merchant: Ford PLC,grocery,10.36,8,0.33,1,0,3,0
Susan Larsen,4231748487415207,Merchant: Brown-Johnson,gas_station,21.77,9,8.39,0,0,1,0
Rachel Warren,4147548806174730,Merchant: Bennett-Cameron,travel,71.17,19,4.83,0,0,2,0
Dale Beck,4669471834499854,Merchant: Hansen-Miller,grocery,7.78,7,7.11,1,0,2,0
Brett Rivera,4472553655560596,Merchant: Murray LLC,travel,18.56,6,3.45,0,0,0,0
Juan Nichols,4338925169130682,"Merchant: Gutierrez, Johnson and Peterson",grocery,6.22,14,14.21,0,0,1,0
Shelia Waller,4129285034135900,Merchant: Campbell Inc,dining,33.04,0,10.51,0,0,0,0
Keith Wright,4067151525862176,Merchant: Watson-Phillips,dining,10.64,15,2.98,0,0,0,0
Patrick Norris,4087813299111181,Merchant: Lindsey-Butler,dining,36.73,13,17.58,0,0,1,0
Danielle Norris,4798405827345991,Merchant: Bryant-Smith,grocery,25.02,9,2.81,0,0,2,0
Andrew Lynch,4598989208582456,Merchant: Wallace Inc,online_shopping,15.69,15,9.01,1,0,0,0
Anna Lee,4031630733599855,"Merchant: Sanchez, Hardy and Allen",grocery,37.67,21,8.02,1,0,1,0
Amy Leach,4512253769848282,"Merchant: Guzman, Ward and Newman",online_shopping,19.02,18,14.59,0,0,2,0
Amy Perez,4410420710156338,Merchant: Hale Ltd,dining,56.82,21,26.87,0,0,2,0
Lauren Marshall,4807576449322938,Merchant: Pollard-Hunt,online_shopping,26.22,12,21.31,0,0,0,0
Rachael Flores,4074232893104986,"Merchant: Foster, Lopez and Hawkins",dining,45.88,17,8.39,1,1,1,0
Christina Wilson,4694406372136616,Merchant: Estrada-King,grocery,14.61,14,15.8,1,0,1,0
Craig Daniels,4928224963825697,Merchant: Clay-Green,dining,78.38,7,0.53,0,0,0,0
John Hudson,4169917554133086,"Merchant: Abbott, Figueroa and Mitchell",grocery,54.86,19,0.5,0,0,0,0
Shannon Rodriguez,4511300105899114,Merchant: Woodard and Sons,grocery,41.92,18,0.63,1,1,2,0
Paula Lee,4434249415613547,"Merchant: Patel, Lambert and Mclean",electronics,34.87,16,2.19,0,0,0,0
Lisa Bryant,4639073875656199,Merchant: Coleman and Sons,online_shopping,13.33,14,7.43,0,0,3,0
Paul Guzman,4129490401272415,Merchant: Potter-Ruiz,dining,7.82,6,13.38,0,0,1,0
Christopher Hunter MD,4502887338174548,Merchant: Bailey-Baker,dining,24.67,18,6.64,0,0,1,0
Elizabeth Camacho,4627577778321861,"Merchant: Hernandez, Taylor and Graham",grocery,83.39,15,4.91,0,0,1,0
Donald Hoffman,4337265683720044,Merchant: Lopez Group,dining,27.44,12,3.54,1,0,2,0
Jeremiah Rowland,4165591517827334,Merchant: Griffin Group,grocery,130.81,14,12.0,0,0,2,0
Katherine Flores,4021421721998982,"Merchant: Green, Galvan and Miles",online_shopping,38.66,18,1.03,1,0,1,0
Julie Martin,4372242823442900,Merchant: Yu-Hughes,travel,60.64,11,20.29,0,0,2,0
Jeffrey Torres,4122302530072326,Merchant: Lewis LLC,dining,47.85,8,14.16,0,0,0,0
Jessica Little,4844440513748871,Merchant: Sweeney-Murphy,online_shopping,27.56,13,13.32,0,0,0,0
Catherine Maxwell,4554800572529449,"Merchant: Neal, Noble and Huff",grocery,31.51,8,2.22,0,0,3,0
Cindy Shaw,4099823321532821,Merchant: Garcia-Aguirre,gas_station,19.45,17,16.32,0,0,1,0
Joseph Garcia,4320186162645602,Merchant: Wong-Schultz,electronics,20.68,9,7.97,1,0,1,0
Leon Duncan,4787211384704023,Merchant: Hamilton PLC,online_shopping,10.6,14,5.44,0,0,0,0
Christopher Miranda,4749300382955369,Merchant: Carr PLC,grocery,58.77,10,1.14,0,0,0,0
Sarah Bishop,4157370388577264,Merchant: Brown-Mclean,grocery,27.52,9,28.21,0,0,0,0
Tyler Zavala,4333606359999061,"Merchant: Adams, Jackson and Waters",grocery,17.44,15,7.6,1,0,1,0
Rachel Chan,4023175081053527,"Merchant: Gillespie, Gaines and Ashley",online_shopping,43.51,18,2.55,1,0,0,0
Timothy Kennedy,4622965221198645,"Merchant: Poole, Rhodes and Garza",dining,30.76,6,25.56,1,0,2,0
Elizabeth Thomas,4713341812916862,Merchant: Nguyen-Alexander,electronics,31.98,8,2.53,0,0,0,0
Hector Mcgee,4625361381848780,"Merchant: Smith, Curtis and Ware",grocery,14.16,17,2.95,1,0,1,0
Jeffery Long,4777110909332074,Merchant: Brown LLC,grocery,20.85,8,10.07,0,0,2,0
Philip Powell,4257316956285912,Merchant: Howard-Torres,gas_station,19.19,23,4.13,1,0,1,0
Heather Trujillo,4915820910036679,Merchant: Stanley LLC,grocery,8.62,17,0.21,0,0,1,0
Pamela Smith,4808273377997936,Merchant: Sloan-Ross,grocery,28.76,11,32.38,0,0,1,0
Christine Moran,4589365748586854,"Merchant: Woodward, Johnson and Jackson",dining,67.93,15,6.44,1,0,2,0
James Morris,4325744338723417,"Merchant: Chandler, Juarez and Vaughn",online_shopping,20.36,21,7.27,0,0,1,0
Erika Castro,4293991196862112,Merchant: Hutchinson-Love,grocery,112.32,13,19.4,0,0,0,0
Daniel Shaw,4759648872067971,Merchant: Johnson-Weber,travel,19.06,14,1.6,0,0,1,0
Ashley Sanchez,4384281826954905,Merchant: Cain and Sons,online_shopping,57.28,11,18.77,1,0,0,0
John Griffith,4103801219244638,"Merchant: Young, Wilson and Brown",online_shopping,126.53,18,12.94,0,0,2,0
Wesley Williams,4029739959927403,Merchant: Roberts LLC,online_shopping,14.82,3,3.71,0,0,3,0
Melissa Stout,4392132839068409,Merchant: Murray Group,dining,71.77,18,30.25,0,0,3,0
Mr. Lawrence Brooks,4515639351303990,Merchant: Hernandez LLC,gas_station,36.64,5,12.82,0,0,1,0
Mark Hill,4920133034228997,Merchant: Saunders PLC,gas_station,58.48,11,5.69,0,0,2,0
Thomas Rodriguez,4182432565094841,Merchant: Green PLC,online_shopping,33.53,16,14.27,0,0,1,0
Paul Nguyen,4455699033654535,Merchant: Harrell PLC,online_shopping,40.3,16,5.28,0,0,1,0
Jennifer Hernandez,4574347975643274,"Merchant: King, Boone and Mckinney",dining,32.69,13,14.5,0,0,5,0
Edwin Gonzalez,4329996043206114,"Merchant: Joseph, Anderson and Blake",grocery,18.95,13,0.75,0,0,0,0
David Armstrong,4170437965084338,"Merchant: Jones, Scott and Nelson",gas_station,110.48,20,3.91,0,0,1,0
Debbie Schmidt,4241749097827698,Merchant: Moreno and Sons,electronics,40.73,9,9.69,0,0,0,0
Alex Barton,4716420743751775,Merchant: Ramirez Inc,online_shopping,17.72,10,10.11,0,0,0,0
Richard Dawson,4842510816588786,"Merchant: Ayala, Payne and Boone",grocery,37.72,11,3.56,0,0,1,0
Scott Stein,4119674775316278,"Merchant: Reeves, Peterson and Brown",electronics,34.66,15,0.1,0,0,1,0
Stephen Lopez,4066999551540327,Merchant: Jensen-Dixon,electronics,32.09,18,20.63,1,0,0,0
Joel Cook,4624753666802899,Merchant: Mendoza-Stephens,grocery,96.38,1,24.32,1,0,3,0
Michele Scott,4614554511755957,"Merchant: Richards, Carlson and Elliott",grocery,52.66,11,41.97,1,0,1,0
Allison Wilson,4982157095646297,Merchant: Elliott-Mitchell,gas_station,12.67,10,51.52,1,0,3,0
James Tucker,4672308554436440,"Merchant: Jones, Evans and Thompson",grocery,42.15,1,2.44,0,0,1,0
Joseph Durham,4747908876883848,Merchant: Miller-Durham,online_shopping,80.63,15,4.61,1,0,1,0
Alexis Kim,4697157628948067,"Merchant: Nelson, Wyatt and Barnes",electronics,42.97,6,24.47,1,0,3,0
Jonathan Yates,4351862647788090,Merchant: Riley PLC,grocery,38.76,2,8.68,1,0,0,0
Katherine Andrews,4676617720023197,Merchant: Dawson Ltd,travel,16.55,7,9.63,0,0,2,0
Morgan Cunningham,4902001450162440,Merchant: Young-Middleton,grocery,14.57,16,8.62,0,0,0,0
Phyllis Schmidt,4009037224724240,"Merchant: Saunders, Garcia and Green",online_shopping,12.08,21,7.02,0,0,1,0
Sarah Miller,4056960580823003,Merchant: Bean Ltd,online_shopping,30.56,15,20.57,1,0,3,0
Lisa Kaiser,4799284639555645,"Merchant: Martin, Wade and Gaines",grocery,23.57,8,12.72,0,0,1,0
Pamela Jordan,4260817597011901,"Merchant: Hart, Smith and Carroll",online_shopping,61.58,23,78.94,0,0,0,0
Jerry Gilmore,4479490515848882,Merchant: Ross and Sons,electronics,92.95,12,3.61,0,0,0,0
Marie Jones,4581202725811419,"Merchant: Kelley, Welch and Meyers",dining,24.9,10,3.96,0,0,1,0
Gina Rose,4895065731328517,Merchant: Johnson and Sons,online_shopping,25.39,10,2.29,1,0,0,0
Samantha Reynolds,4529742866771901,Merchant: Fernandez-Mccoy,electronics,76.91,6,3.14,0,0,1,0
Kenneth Smith,4336828780897071,Merchant: Myers Group,online_shopping,17.68,15,2.74,0,0,2,0
Alicia Perez,4720529177508636,Merchant: Alexander LLC,online_shopping,16.49,11,22.08,0,0,1,0
David Walker,4776984311240989,Merchant: Cook Group,grocery,15.72,10,2.67,0,0,2,0
Erin Ellis,4043668995704116,Merchant: Kelly PLC,dining,35.28,5,52.09,0,0,2,0
Patricia Andrews,4356423164219632,"Merchant: Butler, Stuart and Gilbert",online_shopping,140.74,12,39.78,0,0,2,0
Spencer Camacho,4610875986078631,"Merchant: Spence, Diaz and Henderson",dining,24.17,9,14.68,0,0,4,0
Raymond Harris,4240579268248379,Merchant: Moore-Wilkins,dining,27.54,8,20.31,0,1,2,0
Alexander Guzman,4160614035195730,Merchant: Brown-Novak,electronics,62.41,9,5.85,1,0,1,0
Penny Fernandez,4097465248348311,"Merchant: Evans, Peters and Schmidt",gas_station,21.19,18,8.67,1,0,0,0
Erin Stewart,4450645334956926,Merchant: Morrison-Vega,dining,31.21,9,15.42,0,0,1,0
Daniel Turner,4013859864684804,Merchant: Osborne LLC,online_shopping,37.32,10,12.11,1,0,0,0
Devin Mayer,4228248743236294,Merchant: Moore-Reeves,grocery,52.48,9,4.12,1,0,0,0
Henry Taylor,4599551140684003,"Merchant: Thompson, Jacobs and Blackwell",gas_station,34.41,9,5.96,0,0,0,0
Jessica Flowers,4679471991201117,Merchant: Hall-Williams,grocery,7.4,12,13.36,0,0,2,0
Jeremy Manning,4282055641990390,Merchant: Jimenez-Miller,gas_station,38.85,12,1.28,0,0,1,0
Jamie Griffin,4097049221056123,"Merchant: Wagner, Pierce and Taylor",dining,16.42,4,2.93,0,0,1,0
Daniel James,4999752547078833,"Merchant: Jones, Macdonald and Case",travel,50.13,20,4.33,0,0,2,0
Anna Thompson,4994472512120867,Merchant: Walsh-Chavez,grocery,80.23,17,6.45,0,1,1,0
Misty Martinez,4509907019430580,Merchant: Donovan-Evans,grocery,18.53,14,6.96,0,0,2,0
Barbara Burns,4716344151361242,Merchant: Meyer Group,grocery,32.84,9,14.61,0,0,2,0
Nicole Stewart,4360127827091767,Merchant: Schmidt PLC,gas_station,77.87,17,5.21,1,0,1,0
William Marsh,4240263568879551,Merchant: Reynolds Inc,dining,44.21,15,9.73,0,0,0,0
David Rodriguez,4991006291696706,"Merchant: Martin, Sosa and Wells",gas_station,34.62,19,11.33,1,0,1,0
Adam Lara,4238782508340014,Merchant: Pham PLC,travel,47.76,9,1.79,0,0,0,0
Scott Gomez,4047640038160602,Merchant: Vargas-Jones,dining,37.96,11,6.52,0,1,1,0
Sara Hamilton,4261244337495683,Merchant: Schmidt Group,grocery,16.94,13,23.86,0,0,2,0
Elizabeth Key,4827347072462599,Merchant: Mclean PLC,grocery,9.91,1,3.49,1,0,2,0
Mason Price,4989686205506721,"Merchant: Johnson, Brown and Hall",dining,52.98,14,24.05,1,0,3,0
Trevor Hill,4360835233919989,Merchant: Clark Group,online_shopping,12.26,6,19.2,0,0,3,0
Erica Taylor,4277028748928230,Merchant: Larson Group,grocery,37.01,15,0.1,1,0,1,0
Justin Anderson,4319799123065539,Merchant: Wilson-Shaffer,gas_station,21.45,20,34.91,0,0,1,0
Michael Farmer,4517496468467194,"Merchant: Mendoza, Davis and Bryant",gas_station,28.49,13,5.35,0,0,1,0
Robert Cline,4714395161724052,"Merchant: Bradley, Hansen and Chambers",grocery,54.71,13,38.05,0,0,3,0
Jacqueline Perry,4947723133361431,"Merchant: Martin, Fischer and Love",online_shopping,32.35,17,21.34,0,0,1,0
Christopher Mayer,4564867115395735,Merchant: Huang-Briggs,grocery,34.49,7,19.31,0,1,3,0
Natalie Patrick,4334160462907099,Merchant: Roberts-Jarvis,online_shopping,25.36,15,3.18,0,0,0,0
Shawn Rodriguez,4014275526354059,Merchant: Morris-Bentley,dining,44.65,8,1.37,1,0,0,0
Jonathan Torres,4013632493845710,Merchant: Johnson Ltd,gas_station,70.3,13,13.87,0,1,1,0
Susan Baker,4966991498250467,"Merchant: Aguilar, Cisneros and Taylor",grocery,49.2,0,7.93,0,0,1,0
Richard Rivera,4617132714711858,Merchant: Johnson-Martinez,grocery,28.74,6,0.58,0,0,1,0
Amanda Wiggins,4306906613121293,Merchant: Day-Franklin,grocery,24.29,13,22.24,0,0,1,0
Amber Bennett,4466835161234610,Merchant: Crawford LLC,online_shopping,22.15,11,14.6,0,0,1,0
Kelly Moore,4926339309065824,"Merchant: Kennedy, Davis and Washington",grocery,21.24,7,6.44,0,0,3,0
Steven Davis,4830094634818695,"Merchant: Norman, Rodriguez and James",dining,111.88,8,2.87,0,0,1,0
Ashley Alvarez DVM,4596168914908899,Merchant: Weeks PLC,dining,29.46,11,11.51,0,0,1,0
Kimberly Taylor,4120308273636567,Merchant: Mahoney LLC,gas_station,13.11,13,21.96,1,0,2,0
Mallory Collins,4569654209582278,Merchant: Waters-Browning,dining,41.32,11,13.22,0,0,1,0
Steven Anderson,4044656701629981,"Merchant: Holt, Hill and Roman",grocery,91.18,7,4.38,1,0,0,0
Holly Austin,4849165849144165,Merchant: Moreno LLC,gas_station,25.03,8,7.86,0,0,0,0
Karen Goodman,4052573499850308,"Merchant: Johnson, Hawkins and Sexton",gas_station,49.87,16,18.93,1,0,2,0
Christina Robinson,4892449009154222,"Merchant: Davis, Weber and Velazquez",online_shopping,78.63,13,21.39,1,0,1,0
Tom Perez,4843230748745342,"Merchant: George, Williams and Walton",grocery,28.77,14,7.61,0,0,1,0
Brandon Powell,4107490257359726,"Merchant: Johnston, Rose and Hoffman",grocery,33.71,13,4.47,0,0,0,0
Ashley Perez,4466746493251646,Merchant: Fernandez Ltd,gas_station,42.31,18,1.2,0,0,1,0
Matthew Murphy,4427018972398589,Merchant: Kim-Brown,grocery,16.39,19,1.77,0,0,0,0
Mary Meyer,4980666552488532,Merchant: Munoz-Nelson,grocery,44.26,1,35.67,0,0,0,0
Sophia Wolf,4346867304000950,Merchant: Morgan Inc,grocery,26.22,12,14.97,0,0,4,0
Javier Stanley,4656737292687619,Merchant: Miller Inc,grocery,5.21,17,13.73,0,0,0,0
Taylor Johnson,4884414253360289,"Merchant: Ingram, Hickman and Paul",gas_station,61.32,5,18.75,0,0,0,0
Janice Williams,4908877578735942,Merchant: Sampson-Weber,travel,150.29,17,1.66,0,0,1,0
Christopher Thomas,4634285357462061,Merchant: Hunt-Lloyd,grocery,138.22,12,6.5,0,0,1,0
Robert Martin,4527359655289805,Merchant: Rogers-Fowler,dining,24.26,7,6.54,1,0,1,0
Kenneth Webb,4176966671563072,Merchant: Sandoval LLC,travel,46.97,11,2.06,1,0,0,0
Mark Montoya,4925797766800028,Merchant: Mccoy Inc,gas_station,17.76,9,24.74,0,0,0,0
Jodi Lewis,4313726512558572,"Merchant: Sellers, Murphy and Nash",travel,258.58,9,20.35,1,0,2,0
Kimberly Wilson,4523402119906434,"Merchant: Robinson, Nguyen and Dixon",gas_station,43.77,13,0.22,1,0,2,0
Randy Bradshaw,4977944774920508,Merchant: Roy PLC,travel,21.65,18,12.25,0,0,0,0
Steven Scott,4182736921916772,Merchant: Woods-Larson,grocery,27.84,14,0.15,0,0,3,0
Katherine Dunn,4086694793802835,Merchant: Montes-Baker,grocery,11.2,7,16.0,0,0,1,0
Mary Peterson,4781789527869031,"Merchant: Taylor, Adams and Donaldson",travel,17.72,8,11.62,0,0,1,0
Amy Diaz,4045129799167164,Merchant: Jimenez Inc,grocery,140.4,15,3.83,0,0,3,0
Traci Martinez,4370181107355275,Merchant: Bennett PLC,electronics,26.12,5,39.83,0,0,1,0
Jim Rodriguez,4512710538834984,Merchant: Humphrey Group,grocery,13.91,12,0.5,0,0,2,0
Elizabeth Marks,4789415679780865,Merchant: Williams LLC,grocery,28.66,16,16.22,0,0,3,0
Jeffrey Joyce,4762599672334613,Merchant: Petersen-Kelly,grocery,47.14,10,4.74,0,0,0,0
Sean Wagner,4891771020378642,Merchant: Anderson-Jackson,grocery,17.16,10,17.49,1,0,2,0
Todd Lutz,4189474717993887,"Merchant: Barber, Davis and Barnett",travel,50.07,10,2.15,0,0,3,0
Ryan Walker,4848786382469874,Merchant: Burton Ltd,online_shopping,69.41,1,8.91,0,0,4,0
Nicholas Gomez,4685513127731525,Merchant: Robertson and Sons,grocery,24.89,8,10.4,0,0,0,0
Brittany Heath,4590436129151639,"Merchant: Hatfield, Lyons and Richards",online_shopping,48.45,10,58.63,1,0,0,0
Rebecca Cox,4512858913089813,"Merchant: Hart, Hayes and Velez",online_shopping,28.42,13,4.14,0,0,2,0
Travis Schmidt,4911598724834307,Merchant: Meza LLC,dining,34.87,16,5.92,0,1,1,0
Brett Martin,4741671239889136,Merchant: Thomas-Nguyen,dining,21.74,14,30.38,1,0,2,0
Lisa Bridges,4968878997243721,"Merchant: Nguyen, Cruz and Wilson",electronics,9.56,8,4.52,1,0,0,0
Brittany Dunlap,4367523563710896,Merchant: Acosta and Sons,electronics,39.4,14,9.04,0,0,0,0
Shannon Ramirez,4335613085247193,Merchant: Griffin and Sons,grocery,150.74,7,10.39,0,0,1,0
Tiffany Phillips,4353077218716341,"Merchant: Thomas, Dennis and Rodriguez",grocery,63.57,11,8.49,1,0,3,0
Valerie English,4784839974135316,Merchant: Rivas-Whitaker,online_shopping,13.12,8,26.67,0,0,1,0
Chad Hurley,4346929783701241,"Merchant: Reyes, Parker and Gibson",grocery,24.56,6,22.47,0,0,1,0
David Peters,4101038333112977,"Merchant: Walker, Mathis and Acosta",grocery,7.57,1,9.55,0,0,0,0
Thomas Austin,4445276966242829,"Merchant: Reilly, Price and Galloway",grocery,22.65,11,11.84,0,0,1,0
Amy Jenkins,4766378831306671,"Merchant: Boyle, Miller and Ellis",grocery,74.23,9,14.63,0,0,0,0
Rodney Duran,4237868943383643,Merchant: Kelly and Sons,gas_station,13.08,16,1.51,0,0,2,0
Tiffany Sanchez,4482739548166141,Merchant: Turner Ltd,grocery,25.78,8,31.8,0,0,1,0
Maria Myers,4108296829245908,Merchant: Velasquez-Flores,grocery,40.44,8,25.93,1,0,2,0
Ruben Jones,4721556325258888,"Merchant: Ellis, Webb and Rivera",gas_station,27.4,1,1.71,0,0,1,0
Desiree Stafford,4821240238140496,Merchant: Padilla PLC,online_shopping,48.43,15,7.07,0,0,4,0
Patrick Blackburn,4987313312568096,"Merchant: Lawrence, Sutton and Fowler",electronics,6.43,8,17.02,0,0,0,0
Jeremy Chambers,4348936594557017,Merchant: Shaw-Moore,online_shopping,22.89,1,10.7,0,0,2,0
Alexandra Wilson,4278539874573649,Merchant: Lee Ltd,dining,20.88,7,1.57,1,0,1,0
Brian Fuller,4492864018101291,"Merchant: Foster, Powell and Moore",online_shopping,49.47,16,8.37,1,1,0,0
Matthew Evans,4021079636690209,Merchant: Henderson-Mcguire,gas_station,30.99,2,3.38,0,0,1,0
Patrick Gibson,4109328212528555,Merchant: Krueger-Jackson,grocery,95.52,16,21.03,1,0,1,0
William Lozano,4029813528338820,Merchant: Mann Ltd,grocery,11.66,12,27.04,0,0,1,0
Dillon Travis,4578679630235989,Merchant: Thomas-Velasquez,dining,11.4,6,36.49,0,0,2,0
Steven Rodriguez,4000004683524155,Merchant: Shah Inc,gas_station,30.52,8,0.33,0,0,2,0
Kevin Walter,4765233570191654,Merchant: Thomas-Wagner,gas_station,151.45,10,3.97,0,0,2,0
Rebecca Blake,4929806515270122,"Merchant: Wiley, Brown and Sampson",dining,28.15,6,1.36,1,0,0,0
Brian Bright,4401296764249547,"Merchant: Ford, Smith and Hodge",dining,10.46,3,1.94,1,0,0,0
Linda Cox,4671922478221323,Merchant: Webster and Sons,online_shopping,21.55,8,13.66,0,0,2,0
Mary Copeland,4880761292706532,Merchant: Peters Group,dining,33.28,15,13.86,0,0,1,0
Jennifer Little,4612112379281483,"Merchant: Johnson, Brown and Coleman",online_shopping,46.43,8,12.36,1,0,1,0
Diana Ramsey,4229835874744127,Merchant: Pitts LLC,dining,44.14,7,12.91,0,0,2,0
David Romero,4043842883351153,Merchant: Barnes-Rivers,grocery,89.17,7,10.45,0,0,0,0
Russell Bird,4702452859234466,Merchant: Dunn LLC,online_shopping,40.12,8,2.62,1,0,0,0
Brian Shaffer,4321119470117237,Merchant: Fuller-Reyes,online_shopping,69.73,16,22.08,0,0,0,0
Jon Garza,4319010762378559,Merchant: Morgan-Ware,grocery,21.62,10,11.13,0,0,1,0
Ashley Norman,4712301674302123,Merchant: Arellano-Anderson,travel,24.37,10,22.94,0,0,0,0
Kristina Monroe,4663267395894830,Merchant: Dixon Inc,travel,16.97,13,24.91,0,0,2,0
Joseph Schaefer,4864641266305968,Merchant: Hancock LLC,grocery,92.18,18,0.25,1,0,1,0
Kyle Garza,4282331777364936,Merchant: Vargas-Hunter,gas_station,61.19,18,1.34,0,0,2,0
Tiffany Johnston,4546817557958782,"Merchant: Osborn, Ryan and Garrett",grocery,15.63,8,5.86,0,0,2,0
Phillip Ward,4668660968507562,Merchant: Kane PLC,grocery,23.31,11,16.32,0,0,1,0
Stephanie Fisher,4386233884101794,"Merchant: Myers, Coleman and White",online_shopping,98.46,13,12.3,0,0,0,0
Patrick Reed,4804956603562383,Merchant: Garcia Group,grocery,13.89,14,29.77,1,0,3,0
Sarah Berry,4255578179463293,Merchant: Cohen PLC,online_shopping,54.8,10,28.13,0,0,1,0
Teresa Li,4146747023756193,"Merchant: Browning, Wiley and Duran",dining,30.39,12,9.68,0,0,1,0
Paula Caldwell,4424462416749747,Merchant: Campbell and Sons,grocery,25.57,20,27.69,0,0,0,0
Keith Johnson,4839604831821184,"Merchant: Smith, Hill and Steele",travel,4.77,16,9.13,1,0,0,0
Annette Knapp,4485061879963443,Merchant: Greene-Osborne,dining,33.41,9,3.62,0,0,1,0
Monica Atkinson,4608824792229784,Merchant: Chapman-Fuller,online_shopping,153.33,8,116.98,1,0,9,1
Robert Cooper,4099179229398900,Merchant: Montoya Inc,grocery,31.87,18,8.11,1,0,1,0
Danielle Griffin,4532777705503714,Merchant: Mitchell Ltd,gas_station,8.95,21,2.29,0,0,3,0
Jimmy Ritter,4962476659053490,Merchant: Ellis Group,grocery,32.79,10,1.72,0,0,1,0
Riley Clark,4574451015984555,Merchant: Willis-Olson,electronics,6.79,0,1.13,0,0,2,0
Kimberly Morris,4456232179140181,Merchant: Brooks and Sons,grocery,86.91,13,5.38,1,0,0,0
Gregory Ochoa,4435716170297277,Merchant: Gaines-Jackson,grocery,21.5,14,11.95,0,0,0,0
Shannon Cook,4029455469726140,Merchant: Thompson-Owens,dining,44.21,14,16.98,1,0,0,0
Natalie Huff,4448394175723088,"Merchant: Morales, Allen and Pittman",grocery,22.75,10,2.88,1,0,0,0
Ronald Garcia,4126944655173722,"Merchant: Robbins, Chapman and Morris",grocery,28.44,7,2.0,0,1,2,0
Margaret Edwards,4423823892565843,Merchant: Jackson Inc,travel,35.08,6,12.51,1,0,0,0
Cody Reyes III,4637682874259433,Merchant: Newman PLC,dining,40.16,15,9.78,0,0,1,0
Heather Shaffer,4359181580849948,"Merchant: Mcclain, Johnson and Gibson",grocery,31.09,15,2.23,0,0,2,0
Nicole Chung,4662738724886359,Merchant: Barron Ltd,travel,23.7,8,1.35,1,0,0,0
Brian Perkins,4216933753614324,Merchant: Roberts-Edwards,grocery,56.25,8,9.15,1,0,1,0
Melody Castro,4995376882409199,Merchant: Taylor-Evans,electronics,67.36,17,2.19,0,0,1,0
Kimberly Sanders,4122954703489933,Merchant: Wallace-Williams,online_shopping,24.13,13,15.31,0,0,1,0
Christina Davis,4926499289821743,Merchant: Mercado-Dorsey,electronics,16.48,21,5.24,1,0,0,0
Sherri Sullivan,4945986739211217,Merchant: Coleman PLC,grocery,22.58,14,13.63,1,0,1,0
Mike Patel,4187200102927186,"Merchant: Ramirez, Moreno and Roberts",electronics,9.41,11,67.68,0,0,2,0
Thomas Garcia,4290944675075048,Merchant: Taylor-Alvarez,grocery,38.98,16,18.17,0,0,1,0
Robin Clay,4122471411673963,Merchant: Wilson-Morton,electronics,22.89,14,6.63,1,0,1,0
Kelly Miller,4506761461177691,Merchant: Garcia LLC,online_shopping,230.0,2,22.21,1,0,5,1
Mrs. Amanda Kelley DDS,4939110989839738,Merchant: Phillips-Pratt,electronics,38.27,9,29.07,0,0,0,0
Johnny Whitaker,4273674130450475,"Merchant: Grimes, Gonzales and Smith",online_shopping,115.4,6,8.9,0,0,3,0
Mrs. Courtney Wong,4424383739007136,Merchant: Ball-Boyd,online_shopping,36.26,15,12.17,0,0,3,0
Adam Sanchez,4591061835549691,Merchant: Knox-Dorsey,gas_station,12.97,17,29.93,1,0,1,0
Logan Massey,4471079235955107,Merchant: Baker Inc,electronics,9.6,23,8.32,0,0,0,0
Juan Carroll,4254570278929218,Merchant: Johnson-Jackson,dining,35.17,6,12.6,0,0,1,0
Ryan Carpenter,4762289899242803,Merchant: Ramos-Lopez,grocery,49.48,15,10.42,1,0,0,0
Stacy Werner,4108461759265991,"Merchant: Foley, Klein and Donovan",online_shopping,28.65,10,19.77,0,0,1,0
Michelle Holden,4878885882818896,"Merchant: Buchanan, Hughes and Hart",dining,47.66,7,3.56,1,0,0,0
Deborah Wood,4672718508146350,Merchant: Cooper and Sons,electronics,18.45,17,18.87,0,0,2,0
Taylor Flores,4805791633928299,"Merchant: Benton, Church and Herring",dining,41.23,15,37.07,1,0,1,0
Tyler Taylor,4186243801180385,Merchant: Burgess and Sons,grocery,38.88,7,15.89,0,0,0,0
Victoria Wright,4503066655751845,"Merchant: Montgomery, Bates and Nelson",dining,11.32,15,58.58,0,0,2,0
Betty Pollard,4381490066632252,"Merchant: Hoover, Nixon and Cameron",electronics,10.85,14,7.54,1,0,0,0
Katie Alvarez,4602237799450541,"Merchant: Flores, Clark and Becker",grocery,27.45,16,1.71,0,0,0,0
Robert Munoz,4222498679422055,"Merchant: Carlson, Banks and Cox",grocery,10.75,12,10.76,0,0,2,0
Michelle Newman,4927751309373298,"Merchant: Leon, Velez and Williams",grocery,25.49,8,14.13,1,0,0,0
Victoria Marshall,4291402268081468,Merchant: Harvey LLC,online_shopping,26.55,14,1.8,1,0,1,0
Amy Montgomery,4550666540791377,Merchant: Pham Inc,online_shopping,168.23,23,15.51,1,1,3,1
Jeffrey Benton Jr.,4571132723566255,"Merchant: Gordon, Riley and Floyd",grocery,58.1,12,10.45,1,0,0,0
Kristin Brown,4832168445655203,Merchant: Lopez LLC,dining,75.25,15,4.93,0,0,1,0
Sean Hernandez,4332057371940207,"Merchant: Johnson, Vang and Clark",electronics,38.62,12,19.71,0,0,0,0
Ana Higgins,4127771910164603,Merchant: Crawford Ltd,online_shopping,17.44,14,18.44,0,0,0,0
Theresa Luna,4821927265755291,Merchant: Lopez-Leach,online_shopping,13.62,9,6.03,0,0,3,0
Katherine Padilla,4276733022930841,Merchant: Chase and Sons,dining,13.59,6,5.57,1,0,0,0
Victoria Lewis,4111608862164942,"Merchant: Arnold, Parks and Baker",grocery,85.77,12,11.36,0,0,0,0
Joshua Leonard,4027818325244859,Merchant: Chan Group,grocery,61.72,22,8.83,0,0,1,0
Kelly Liu,4172682155671927,Merchant: Gonzalez-Ryan,online_shopping,28.68,13,6.09,0,0,1,0
Brianna Ryan,4124844171544392,Merchant: Diaz LLC,grocery,16.44,13,25.34,0,0,0,0
Emily Smith,4189078315234998,Merchant: Douglas-Rice,dining,37.31,17,10.5,0,0,1,0
Michelle Howard,4726995191320585,Merchant: Finley LLC,grocery,72.52,15,7.08,0,0,3,0
William Austin,4374858048276423,Merchant: Evans and Sons,dining,31.99,10,1.25,0,0,2,0
Monica Oconnor,4369390914720083,"Merchant: Baker, Williams and Morgan",electronics,82.51,14,10.71,0,0,4,0
Kyle Blake,4912573782105675,"Merchant: Simon, Morgan and Dominguez",dining,12.63,22,4.94,0,0,1,0
Christopher Banks,4380665256705536,"Merchant: Giles, Brooks and Martin",travel,7.78,4,2.01,0,0,0,0
Bryan Davis DVM,4353565026715349,Merchant: Hubbard Group,online_shopping,30.03,7,53.4,1,0,4,0
Tiffany Hughes,4574044992711081,Merchant: Lawson LLC,electronics,4530.53,13,329.25,1,0,4,1
Michael Taylor,4790879804186560,Merchant: Contreras-Castro,grocery,37.17,5,10.47,0,0,2,0
Brendan Kelly,4385648800125398,Merchant: Dalton Ltd,grocery,96.88,7,11.72,0,0,2,0
Sherry Porter,4532159636040241,Merchant: Flores-Edwards,grocery,129.94,13,5.74,0,0,1,0
James Perez,4171949452831533,"Merchant: Peters, Rodriguez and Hudson",grocery,66.75,9,0.76,1,0,0,0
Miss Gina Walton,4896010528227539,"Merchant: Payne, Grant and Martinez",dining,5.92,4,15.78,0,0,1,0
Alicia Obrien,4958756744363228,Merchant: Shaw Group,dining,39.78,4,3.04,0,0,3,0
Mrs. Jacqueline Jackson,4032467781732263,Merchant: Mcclain and Sons,grocery,55.6,7,9.73,0,0,1,0
Kendra Smith,4711418734777846,Merchant: Hess-Adams,dining,79.39,12,26.39,0,0,2,0
Alexander Stein,4659798436201714,Merchant: Douglas-Parker,grocery,25.88,17,1.27,0,0,1,0
Shannon Sosa,4142308183726031,"Merchant: Lopez, Johnson and Farmer",online_shopping,10.53,8,27.14,1,0,1,0
Marc White,4631789023673962,Merchant: Maldonado-Woods,grocery,43.66,12,11.03,1,0,1,0
Gregory Wiggins,4699691787001746,Merchant: Fowler-Parker,travel,157.15,14,3.46,1,0,0,0
Linda Berry,4388322197402821,"Merchant: Lucas, Brown and Thomas",grocery,14.08,7,9.59,1,0,0,0
Michelle Hobbs,4164303590181816,Merchant: Davis-Gomez,grocery,12.97,13,5.96,0,0,1,0
Charles Fuentes,4210502538120448,Merchant: Stanton and Sons,electronics,14.99,14,5.5,1,0,3,0
Andrew Medina,4979559366545527,Merchant: Ross Group,travel,14.01,13,1.83,1,0,1,0
Teresa Aguirre,4808595448634878,Merchant: Giles-Martinez,grocery,43.94,10,8.16,0,0,2,0
Eddie Bailey,4832950608109981,"Merchant: Allen, Stone and Foster",online_shopping,30.83,10,9.57,1,0,0,0
Joseph Mccullough,4527619880242741,Merchant: Blevins-Mullins,grocery,68.31,14,6.43,0,0,2,0
Mr. Zachary Mora DVM,4418424350481487,"Merchant: Dominguez, Townsend and Wright",grocery,37.63,15,12.03,0,0,1,0
Kimberly Price,4396831859249346,Merchant: Ortega LLC,online_shopping,13.39,6,8.33,1,0,2,0
Bruce Spencer,4372577306385567,"Merchant: Clark, Cross and Blanchard",online_shopping,23.14,14,24.52,0,0,1,0
Jacob Allen,4908063425879775,"Merchant: Harris, Pittman and Nguyen",gas_station,59.33,8,25.56,1,0,1,0
Chelsea Powell,4625762297824890,Merchant: Marquez-Morgan,grocery,17.01,13,28.03,0,0,0,0
Thomas Morse,4824553724200922,Merchant: Carter Inc,travel,28.03,8,34.31,0,0,1,0
Susan Zimmerman,4952807077188157,Merchant: Smith LLC,grocery,25.89,12,8.7,0,0,1,0
Annette Meyer,4822793562559169,"Merchant: Jackson, Durham and Nelson",online_shopping,15.08,11,6.14,0,0,0,0
Erica Rose,4434967097389397,"Merchant: Summers, Wagner and Munoz",online_shopping,79.19,13,7.41,1,0,0,0
Kim Long,4128110180138055,"Merchant: Andersen, Zuniga and Castillo",grocery,34.09,5,0.55,1,0,4,0
Christina Flores,4063572434404897,"Merchant: Castro, Williams and Ross",online_shopping,12.74,20,4.9,0,0,0,0
Craig Raymond,4217720744722764,Merchant: Campbell-Pierce,electronics,39.3,9,4.43,0,0,0,0
Jeffrey Miller,4391172283751986,Merchant: Griffin-Jackson,grocery,68.41,15,13.76,0,0,1,0
Brian Hoffman,4870485959389786,Merchant: Hunt-Mullen,electronics,45.61,9,5.43,1,0,1,0
Elizabeth Gay,4261969716877545,Merchant: Fritz Inc,travel,13.96,19,23.69,0,0,0,0
Patricia Hale,4184762974949799,"Merchant: Griffith, Alvarez and Richardson",grocery,89.51,6,8.77,0,0,0,0
Amanda Arroyo,4617102763090157,Merchant: Hayes Group,grocery,33.13,12,13.45,1,0,0,0
Kevin Mccullough,4304523191343751,Merchant: Bentley-Flores,dining,14.97,15,10.62,0,0,1,0
Margaret Stevenson,4467665420986661,Merchant: Vang Inc,online_shopping,29.4,3,5.67,1,0,0,0
Amber Turner,4507073181442101,Merchant: Smith and Sons,grocery,26.35,10,21.75,0,0,0,0
Victor Williams,4090167443619358,"Merchant: Jones, Hughes and Jones",grocery,28.19,12,3.99,0,0,4,0
Shelly Rodgers,4858240685889385,Merchant: Harrison-Choi,dining,54.31,17,1.66,0,0,1,0
Cassandra Wood,4352462470217702,Merchant: Romero-Stevens,online_shopping,39.59,5,12.96,0,0,2,0
Susan Garcia,4538369779109927,"Merchant: Martinez, Thomas and Hall",grocery,62.29,7,4.67,1,0,3,0
Stephanie Joseph,4089695825174918,"Merchant: Smith, Thomas and Jones",online_shopping,48.79,15,26.05,1,0,1,0
Dalton Clark,4559253460581194,"Merchant: Le, Mills and Green",grocery,76.93,18,0.92,0,0,1,0
Alexis Weeks,4236137753424595,Merchant: Mclean-Contreras,grocery,23.53,16,2.55,0,0,1,0
Michael Glass,4253685864331149,"Merchant: Fernandez, Mckenzie and Lin",grocery,23.7,12,55.33,0,0,1,0
David Cervantes,4939207708395404,Merchant: Barnes LLC,gas_station,35.43,12,9.74,1,0,1,0
Victoria Benitez,4351609841454833,Merchant: Strickland Ltd,electronics,30.0,4,5.68,1,0,9,1
Jacqueline Monroe,4386065512812180,"Merchant: Mason, Roberts and Griffin",dining,29.36,11,31.8,0,0,1,0
Charles Sanchez,4076673904907826,Merchant: Carter-Lee,electronics,33.13,15,19.43,1,0,1,0
Sonia Henderson,4336160630258365,"Merchant: Freeman, Martinez and Miller",gas_station,62.57,1,4.42,0,0,4,0
Sharon Sims,4824063834661179,Merchant: Nguyen PLC,grocery,24.23,7,0.44,0,0,0,0
Shawn Doyle,4953876798976447,Merchant: Butler-Mcclure,online_shopping,9.51,13,4.13,0,0,0,0
Michael Perry,4312547560800794,Merchant: Reynolds PLC,gas_station,55.64,10,22.2,0,0,0,0
Donald Santana,4762241419810254,Merchant: Smith-Huber,electronics,26.63,18,15.54,0,0,0,0
Katherine Greene,4785373350206722,Merchant: Ball PLC,dining,31.43,10,6.38,0,0,0,0
Jennifer Dominguez,4827814696767141,"Merchant: Young, Cameron and Bailey",grocery,25.2,11,2.62,0,0,2,0
Matthew Walker,4864887887381298,Merchant: Hall Group,grocery,39.84,11,10.8,0,0,1,0
Ashley Barrera,4657602491246907,Merchant: Khan-Villegas,gas_station,19.79,4,19.41,0,0,0,0
Clifford Murphy DVM,4596816640174893,"Merchant: Anderson, Hall and Woodard",dining,33.5,16,31.69,1,0,0,0
Michael Arias,4901302878332065,Merchant: Young Group,travel,9.09,18,3.99,0,0,0,0
Joshua Mitchell,4146703128691322,"Merchant: Smith, Mason and Robinson",grocery,3.9,8,17.92,0,0,1,0
Ashley Wilson,4475252843863221,Merchant: Preston Inc,grocery,28.87,6,7.68,0,0,1,0
Stacey Clements,4170507578047995,Merchant: Powers Ltd,electronics,50.82,9,16.29,0,1,3,0
Kathleen Martinez,4126428879705329,Merchant: Downs Ltd,grocery,34.32,12,0.21,0,0,3,0
Julie Rodriguez MD,4866790168618149,"Merchant: Wilkins, Pineda and Brennan",dining,86.84,13,2.95,1,0,2,0
Cathy Farmer,4622214711952660,Merchant: Simpson-Francis,gas_station,16.87,6,32.81,0,0,1,0
Dana Gilbert,4330677395447558,Merchant: Bryant LLC,dining,16.25,8,4.61,1,0,3,0
Charles Harper,4825427718551682,Merchant: Hicks-Salazar,electronics,23.85,13,2.36,0,0,0,0
Timothy Wang,4700184845648036,Merchant: Bush LLC,grocery,27.5,11,22.84,0,0,0,0
Daniel Stewart,4676115640587342,Merchant: Martinez-Smith,grocery,24.7,17,1.1,1,0,0,0
Tiffany Peterson,4225386181731435,"Merchant: Wright, Fisher and Solis",online_shopping,10.08,10,11.38,0,0,1,0
Tammy Bell,4902068183691243,"Merchant: Miller, Yates and Washington",electronics,8.95,16,0.99,1,0,3,0
Mathew Myers,4137388724002438,"Merchant: Mcfarland, Sanchez and Carroll",grocery,9.99,17,16.53,1,0,0,0
Edgar Brown,4405049113808182,Merchant: Sanchez and Sons,online_shopping,28.04,12,9.78,0,0,0,0
Cory Barrett,4379724174226548,"Merchant: Sanchez, Russo and Brown",online_shopping,17.55,15,3.07,1,0,2,0
Seth Jones,4101021133407813,Merchant: Jones and Sons,grocery,58.64,14,13.76,0,0,2,0
Joseph Hawkins,4266327593487554,"Merchant: Howell, Lawson and Reid",gas_station,76.39,16,28.81,0,0,1,0
Victor Brown,4559787996323860,Merchant: Clark LLC,grocery,10.27,10,13.7,1,0,1,0
Jennifer Ferguson,4429742244175396,Merchant: George-Jensen,grocery,19.34,11,0.93,0,0,1,0
Carolyn Cantu,4775362102735817,"Merchant: Daniel, Tanner and Smith",grocery,25.81,17,2.23,0,0,1,0
Charles Garcia,4790247567077022,"Merchant: Schaefer, Johnson and Davis",grocery,21.27,19,44.71,1,0,0,0
James Hart,4474550148234795,Merchant: Hart Group,dining,61.49,10,0.34,1,0,3,0
Patricia Wilson,4184575431706788,Merchant: Hill Inc,online_shopping,122.67,12,14.09,1,0,0,0
Mark Elliott,4676069687992867,Merchant: Mccoy and Sons,dining,51.34,11,1.91,0,0,0,0
Matthew Bartlett,4082539005431671,Merchant: Castillo-Pollard,dining,25.96,12,7.56,0,0,0,0
Maria Campbell,4404922240666064,Merchant: Roy-Schroeder,grocery,31.74,4,4.36,0,0,0,0
Joanna Adkins,4064627886638001,Merchant: Cowan-Munoz,electronics,13.84,8,2.8,1,1,1,0
Lisa Reed,4313758780776776,Merchant: Martin-Howard,dining,87.02,21,13.24,0,1,1,0
Jordan Calhoun MD,4831312978552962,"Merchant: Velazquez, Smith and Cantrell",grocery,20.31,14,44.66,0,0,2,0
Heather Thomas,4893988611395540,"Merchant: Torres, Callahan and Mccormick",online_shopping,20.66,5,15.08,0,0,1,0
Carrie Coffey,4405416255808173,Merchant: Roberts Group,dining,10.6,2,1.37,0,0,2,0
Dr. Isabel Smith PhD,4977288736051105,Merchant: Jackson-Schmidt,grocery,51.22,11,13.88,1,0,3,0
Joe Page,4535839952580006,Merchant: Fletcher Inc,grocery,22.42,8,7.16,0,1,0,0
Crystal Morales,4318009863316659,Merchant: Webb PLC,dining,100.21,9,13.36,0,0,1,0
Heather Mcmahon,4735010380061955,"Merchant: Turner, Morris and Matthews",grocery,35.05,10,0.91,0,0,1,0
Jason Quinn,4301924418923487,Merchant: Leblanc PLC,electronics,20.66,11,8.99,0,0,0,0
James Cox,4224715515152853,"Merchant: Cooper, Schultz and Fisher",grocery,103.07,7,9.84,0,0,3,0
James Cummings,4895987119690210,Merchant: Lee Group,electronics,51.65,15,13.03,1,0,0,0
Daniel Lee,4868611839497523,Merchant: Myers Group,online_shopping,11.52,12,1.9,1,0,0,0
Shane Hopkins,4129042408274611,Merchant: Garrison-Yang,gas_station,61.65,16,61.67,0,0,0,0
Stephanie Kelley,4644337309009066,Merchant: Rice-Bradford,grocery,31.06,10,30.68,1,0,1,0
Jennifer Schneider,4991390410406332,Merchant: Cuevas-Clark,grocery,103.6,11,28.43,0,0,0,0
Charles Rodriguez,4476730091646199,Merchant: Thornton LLC,grocery,52.23,15,1.4,1,0,5,0
Elizabeth Wall,4585308967463193,"Merchant: Harrington, King and Rodriguez",dining,36.4,12,3.69,1,0,2,0
Loretta Williams,4523621903616541,"Merchant: Shaw, Moore and Torres",dining,16.9,12,29.69,0,0,0,0
Juan Moore,4844126326237638,"Merchant: Stafford, Khan and Ewing",electronics,15.16,6,2.11,0,0,0,0
Joseph White,4596263535227744,Merchant: Jones-Paul,dining,34.38,9,24.65,1,0,1,0
Michael Cruz,4766609654592546,"Merchant: Osborn, Johns and Cline",dining,26.92,15,27.67,0,0,1,0
Denise Reese,4951764249327380,Merchant: Mccarthy-Wilson,gas_station,14.61,10,4.87,0,0,0,0
Brittney Morales,4887610059482709,Merchant: Case-Peterson,gas_station,54.33,17,1.08,1,0,0,0
Christina Jenkins,4908713197285805,"Merchant: Rogers, Delacruz and Andrews",online_shopping,80.94,20,8.84,0,0,1,0
Sean Anderson,4082064602883687,"Merchant: Sullivan, Lewis and Palmer",gas_station,26.18,21,13.22,0,0,1,0
Emily Fitzpatrick,4786015804393981,Merchant: Thornton Group,online_shopping,71.0,10,13.27,1,0,1,0
Nancy Liu,4869675044643071,"Merchant: Cannon, Reese and Johnson",gas_station,62.28,8,12.09,0,0,2,0
Rachel Miller,4207802827398092,"Merchant: Martinez, Garcia and Montgomery",online_shopping,50.63,13,0.7,1,0,1,0
Scott Brown,4377476930451058,Merchant: Small-Strickland,grocery,75.16,13,4.84,0,0,2,0
Emily Winters,4784986005425180,"Merchant: Marks, Mcfarland and Martinez",dining,61.3,12,14.36,1,0,0,0
Chris Lewis,4890550778843994,Merchant: Reid-Clay,online_shopping,30.94,6,1.2,0,0,3,0
Heidi Blankenship,4091814983502655,"Merchant: Solis, Gonzales and Watson",online_shopping,15.41,7,4.05,0,0,4,0
Sandra Alvarez,4879059730777816,"Merchant: Chandler, Johnson and Jackson",grocery,37.2,13,24.42,1,0,1,0
Donna Garcia,4881305754100310,"Merchant: Turner, Spencer and Horne",grocery,29.82,18,17.22,1,0,2,0
Stephanie Hernandez,4996213923816513,"Merchant: Ortega, Howard and Smith",grocery,38.28,18,2.09,0,1,0,0
Joseph Montgomery,4243294292840640,Merchant: Gray Inc,electronics,69.52,11,1.9,0,0,1,0
Juan Harrison,4338452479941971,"Merchant: Wallace, Herrera and Mata",grocery,22.09,15,8.05,0,0,1,0
Miss Stephanie Cherry,4571882853323196,Merchant: Hopkins-Brown,grocery,55.48,9,23.35,0,0,1,0
Bridget Wallace,4121548789708744,"Merchant: Byrd, Jimenez and White",grocery,7.09,16,11.08,0,0,2,0
Brandy James,4740906143563109,Merchant: Oliver-Ramirez,grocery,16.03,21,36.68,0,0,0,0
Christopher Smith,4321115082486119,Merchant: Freeman-Howell,online_shopping,24.41,12,0.1,0,0,0,0
Sabrina Galvan,4163555788414579,Merchant: Garcia PLC,grocery,20.93,9,34.65,0,1,3,0
Catherine Shannon,4735587857671630,"Merchant: Mcconnell, Hart and Heath",gas_station,83.39,15,27.18,0,0,1,0
Theresa Knight,4477987331197578,"Merchant: Black, Johnson and Fletcher",electronics,14.67,22,19.93,1,0,0,0
Victoria Tanner,4304537074713146,Merchant: Carlson-Jackson,grocery,26.88,16,9.35,0,0,3,0
Chad Evans,4969261928279305,Merchant: Turner-Martinez,dining,30.97,13,8.46,0,0,1,0
Chase Haney,4504757097414179,Merchant: White-Taylor,grocery,11.49,7,0.87,1,0,0,0
Maureen Nixon,4501159593185713,Merchant: Ingram-Wallace,dining,28.28,13,8.49,1,0,1,0
Michael Rush,4516447858944392,"Merchant: Long, Kelly and Thompson",travel,42.45,15,20.08,0,0,1,0
Larry Lloyd,4621089748542085,Merchant: Austin and Sons,grocery,98.65,18,1.54,1,0,1,0
Steven Butler,4813951904771865,Merchant: Schwartz and Sons,dining,20.42,13,2.93,0,0,0,0
Samuel Lee,4308562623924156,"Merchant: Jones, Huynh and Chase",travel,20.43,16,4.18,1,1,1,0
Joseph Moon,4340174971364124,"Merchant: Melendez, Johnson and Mitchell",dining,10.91,3,1.5,0,0,2,0
Taylor Williams II,4418950816487734,Merchant: Crane Ltd,grocery,12.87,15,2.53,0,0,2,0
Jerry Hamilton,4865179385252745,"Merchant: Larsen, Nguyen and Scott",online_shopping,59.68,12,17.81,0,0,0,0
Paul Wolf,4046571737715787,Merchant: Wilcox-Perez,online_shopping,433.02,10,6.28,0,1,2,1
Bobby Arnold,4293060898192093,"Merchant: Gonzalez, Davis and Smith",online_shopping,99.77,8,25.26,1,0,0,0
William Weber,4829635532587882,"Merchant: Hubbard, Dunn and Ward",grocery,38.67,6,3.06,1,0,2,0
Alicia James,4022124464161664,"Merchant: Munoz, Roberts and Dean",grocery,11.47,14,1.13,1,0,1,0
Jamie Johnson,4594830741399145,Merchant: Johnston PLC,online_shopping,63.56,17,5.29,0,0,1,0
Melissa Rogers,4422897434762960,Merchant: Lewis PLC,dining,15.59,14,0.14,0,0,2,0
Sarah Mueller,4171396083892163,Merchant: Walker Group,grocery,70.34,16,6.65,0,0,1,0
Gordon Hahn,4224165673868058,Merchant: Walker LLC,travel,34.1,7,8.07,0,0,3,0
Kristen Burns,4106217562692330,"Merchant: Villegas, Morales and Lang",dining,20.6,9,0.45,0,0,2,0
Thomas Sellers,4312467677379881,"Merchant: Anderson, Tucker and Mosley",online_shopping,20.19,5,0.56,0,0,2,0
Melvin Flores,4084384851596980,Merchant: Robinson PLC,grocery,79.32,6,15.71,1,0,1,0
Ashley Cochran,4322124954329901,Merchant: Nichols-Floyd,online_shopping,29.99,5,9.63,0,0,1,0
Ashley Jones,4253614438051587,Merchant: Wallace Ltd,travel,477.56,20,131.25,1,1,6,1
Christian Solis,4277834046650461,"Merchant: Andrews, Kim and Clark",dining,21.4,13,6.66,0,0,1,0
Sharon Smith,4828232668086631,Merchant: Hudson-Henry,grocery,44.69,21,1.96,0,0,1,0
Robert Berg,4527177674662038,Merchant: Cooper-Reyes,dining,53.58,19,31.54,0,0,2,0
Brooke Sims,4660944697895508,Merchant: Lewis-Jones,dining,117.6,12,2.79,1,0,0,0
Julia Marks,4479626257897617,Merchant: Eaton-Shelton,travel,18.4,18,14.0,0,0,0,0
Ashley Martinez,4829689819281081,"Merchant: Harrington, Kane and Jones",online_shopping,22.71,12,1.61,0,0,1,0
Christina Reese,4176821565886800,Merchant: Melendez-Rios,dining,53.29,14,6.36,0,0,3,0
Brandon Bean,4263471411363176,Merchant: Barnes-Harrison,travel,19.68,16,2.59,0,0,1,0
Rickey Hall,4626018357841707,"Merchant: Mcfarland, Garcia and Valdez",grocery,30.12,9,30.58,1,0,1,0
Bobby Flores,4014506580469577,Merchant: Sutton PLC,dining,37.99,15,23.13,1,0,3,0
Karen Gonzalez,4552666641557097,Merchant: Mason-Fuentes,grocery,59.81,8,19.24,1,0,1,0
Lisa Lopez MD,4907984517438819,"Merchant: Smith, Cook and Lawrence",grocery,15.65,13,6.9,0,0,2,0
Sharon Brown,4400956394453220,Merchant: Watson-Romero,dining,23.94,14,6.66,1,0,1,0
Aaron Thompson,4784151661759634,"Merchant: Moore, Monroe and Khan",electronics,65.11,8,29.73,1,0,1,0
Charles Weaver,4364396219764036,Merchant: Taylor and Sons,online_shopping,75.54,7,0.76,0,0,2,0
Melissa Warner,4272751421454787,Merchant: Mcdonald-Li,grocery,10.13,14,15.74,0,0,2,0
Cody Morris,4689655208620766,Merchant: Garcia Group,grocery,46.8,12,9.83,1,0,0,0
Carla Reid DDS,4942170001889470,Merchant: Nelson-Murphy,gas_station,40.62,11,2.01,0,0,1,0
Katie Mitchell,4786218081636029,"Merchant: Noble, Davenport and Dawson",dining,78.16,15,17.09,0,0,1,0
Roger Moss,4962868604409993,Merchant: Allison-Jackson,dining,20.29,10,1.91,0,0,0,0
Mary Donaldson,4570618516886208,Merchant: Scott Ltd,online_shopping,32.46,11,16.43,0,0,1,0
Paul Brown,4378815814108822,Merchant: Lucas-Proctor,grocery,33.17,12,25.38,1,0,2,0
Gregory Quinn,4525756907823947,Merchant: Best Inc,grocery,35.92,9,2.37,1,0,2,0
Sabrina Miller,4804873405717984,"Merchant: Jones, Adams and Clarke",grocery,71.55,8,6.99,1,0,2,0
Michelle Smith,4753946343152083,Merchant: Murphy-Guerrero,dining,37.98,10,11.59,0,0,0,0
Anita Chapman,4580298251628160,Merchant: Garcia-Bentley,dining,49.98,9,6.16,1,0,1,0
Heather Becker,4279664100128346,"Merchant: Baird, Nguyen and Johnson",online_shopping,9.69,19,7.8,0,0,2,0
Andrea Baker,4920731083708908,"Merchant: Sexton, Sanders and Mills",electronics,34.74,17,2.49,0,0,0,0
Joanne Harmon,4377998519652848,"Merchant: Ford, Bates and Green",grocery,4.49,17,6.61,0,0,0,0
Mr. Phillip Edwards,4540649776897996,Merchant: Mckee PLC,electronics,14.15,14,2.45,1,0,0,0
Mrs. Laurie Williams MD,4323848195000157,"Merchant: Dawson, Smith and Santana",dining,120.78,15,0.1,0,0,2,0
Joel Mclean,4935419893209894,Merchant: Hughes Inc,online_shopping,16.17,10,66.57,0,0,2,0
Valerie Ford,4659552366264378,"Merchant: Kelly, Webster and Wagner",dining,24.03,14,10.86,1,0,2,0
Jodi Thomas,4157899370387266,Merchant: Cooper Ltd,electronics,30.28,15,10.12,1,0,1,0
Jennifer Johnson,4178829314487943,"Merchant: Nguyen, Zuniga and Griffin",grocery,23.33,13,25.42,0,0,3,0
Eugene Fritz,4693257260449095,"Merchant: Bradley, Zimmerman and Watson",grocery,96.64,18,19.09,0,0,2,0
Jennifer Smith,4522803909880252,"Merchant: Garza, Yang and Garcia",dining,33.47,16,13.53,0,0,1,0
Mary Thompson,4523484712449772,"Merchant: Evans, Nunez and Hamilton",online_shopping,59.35,20,2.26,1,0,2,0
Catherine Davis,4268565505284308,Merchant: Hall Inc,online_shopping,26.6,13,31.82,1,0,2,0
Chris Rogers,4434246452203943,"Merchant: Walters, Alexander and Griffin",gas_station,101.97,2,13.97,0,0,0,0
James Torres,4533185437826255,Merchant: Morris-Irwin,gas_station,102.38,11,2.44,0,1,0,0
Kirsten Perez,4583852149579576,Merchant: Andrews-Wyatt,electronics,17.71,17,4.12,0,0,0,0
Dr. Jeffrey Valentine,4760244011432057,Merchant: Hunter-Barr,grocery,47.98,7,17.27,0,0,3,0
Wayne Brown,4880372178878443,Merchant: Martin-Rodgers,grocery,59.57,11,8.31,1,0,1,0
Andrea Morris,4505682860748521,Merchant: Jimenez Inc,travel,45.82,8,16.04,0,0,0,0
Dylan Young,4755422839247207,"Merchant: Williams, Myers and Huffman",online_shopping,30.18,11,1.19,0,0,2,0
Regina Butler,4727552589394257,Merchant: Anderson Group,grocery,16.93,12,14.64,0,0,2,0
Eric Moore,4237411121395111,Merchant: Romero LLC,grocery,28.08,15,8.28,1,0,1,0
Melinda Patterson,4737497622021541,Merchant: Bradley LLC,grocery,60.22,7,3.88,0,0,2,0
Carl Campbell,4238993475843746,Merchant: Ross-Cruz,grocery,55.98,2,2.38,0,0,0,0
Renee Shields,4278062092275152,Merchant: Chavez PLC,online_shopping,36.48,6,19.47,1,0,0,0
Wesley Brown,4523045142469639,Merchant: Torres PLC,grocery,81.38,12,4.31,1,0,0,0
Jason Clark,4109996412495682,Merchant: Christensen-Miller,online_shopping,51.64,16,0.89,0,1,0,0
David Wiggins,4911129197426940,Merchant: Barry-Potter,online_shopping,50.19,14,1.34,1,0,1,0
Thomas Kaufman,4117234660380905,Merchant: Mitchell Inc,dining,10.45,15,21.37,1,0,1,0
Kristen Ray,4317187180363132,"Merchant: Roberts, Jones and Richards",dining,39.16,13,17.68,1,0,1,0
Cory Martinez,4792190328717189,"Merchant: Smith, Snyder and Brown",grocery,26.76,9,12.73,0,0,1,0
Mark Maddox,4606714898153206,Merchant: Aguirre-Gordon,grocery,109.35,15,7.76,0,0,1,0
Kevin Young,4073558310621280,Merchant: Pittman Group,electronics,34.25,7,17.24,0,0,2,0
Katherine Harrison,4694049636508822,Merchant: Lee-Cox,online_shopping,28.2,20,3.04,1,0,0,0
Jorge Davis,4311860909166665,Merchant: Zhang-Jensen,travel,239.66,21,63.29,1,0,7,1
Loretta Miller,4085624555381091,"Merchant: Rice, Martin and Green",online_shopping,18.23,10,0.67,1,0,1,0
Lance Macdonald DVM,4429856585137979,Merchant: Walters Group,electronics,37.01,22,32.39,0,0,1,0
Jerry Waters,4754581430234590,Merchant: Brown-Lambert,grocery,29.98,7,22.39,0,0,0,0
Desiree Thomas,4746621678555768,Merchant: Mathews-Garrison,electronics,1673.39,17,21.87,1,0,2,1
Amy Wright,4587891763902967,Merchant: Rasmussen Group,gas_station,6.98,17,3.72,1,0,1,0
Erin Summers,4082184958064599,Merchant: Webb Ltd,electronics,50.83,5,4.54,0,0,1,0
Mr. Don Flores,4318871879882358,"Merchant: Bowman, Irwin and Tucker",grocery,11.02,15,1.99,1,0,0,0
Miss Kimberly Holloway,4960958605055812,Merchant: Welch LLC,online_shopping,17.56,9,5.54,0,0,2,0
Tina Harper,4791225157538099,Merchant: Johnson-Scott,electronics,26.17,0,3.64,1,0,0,0
Nicholas Moss,4588490289104114,"Merchant: Johnson, Hines and Day",electronics,46.0,13,5.85,0,0,3,0
Robert Campbell,4979293625840400,Merchant: Jackson Ltd,electronics,22.65,16,14.14,0,0,0,0
Jenny Cardenas,4373260808287230,"Merchant: Clark, Smith and Salazar",grocery,23.12,13,4.57,1,0,1,0
Dean Thomas,4656654862026369,Merchant: Hammond-Jackson,travel,72.77,11,4.54,0,0,1,0
Matthew Farmer,4800048916858411,Merchant: Perez-Hanson,dining,22.6,12,0.33,0,0,2,0
John Browning,4511639931973308,Merchant: Allen-Sullivan,grocery,58.96,12,15.46,0,0,0,0
Mario Peters,4893977704251991,"Merchant: Carr, Summers and Macdonald",dining,22.08,17,8.42,0,0,2,0
Olivia Rodriguez,4290306956945978,Merchant: Page PLC,dining,52.4,8,32.28,0,0,1,0
Donald Mccarthy,4145187365158545,Merchant: Johnson PLC,grocery,10.42,9,38.46,0,0,3,0
Christopher Anderson,4459202134820240,"Merchant: Brown, Wagner and Mcclain",grocery,19.46,10,2.78,0,0,1,0
Becky Parrish,4338328028735397,Merchant: Weber-Fox,dining,81.78,7,11.66,0,0,0,0
Jackie Stewart,4117371784587583,Merchant: Parker PLC,dining,26.82,11,1.36,1,0,1,0
Krista Fuller,4285743311647898,Merchant: Smith-Cummings,grocery,41.02,6,9.77,0,0,0,0
Jennifer Nguyen,4105360743398996,Merchant: Lee Group,gas_station,18.15,17,5.12,1,0,2,0
Amanda Campbell,4907504331599982,Merchant: Miranda LLC,electronics,95.07,9,6.16,0,0,1,0
Laura Ware,4046281593368834,Merchant: Kennedy LLC,online_shopping,39.49,13,15.5,0,0,3,0
Mitchell Anderson,4116064166813575,Merchant: Hebert LLC,grocery,31.42,13,8.15,0,0,1,0
Barry Hernandez,4311979218316082,Merchant: Wright-Scott,travel,89.32,12,5.74,0,0,1,0
Teresa Young,4453518786385844,Merchant: David Ltd,electronics,25.18,21,61.82,0,0,1,0
Valerie Morgan,4726795035588904,Merchant: Gibson LLC,grocery,16.37,8,7.39,1,0,0,0
Paul Vasquez,4332557597488766,"Merchant: Martin, Weber and Green",gas_station,22.48,7,5.69,0,0,1,0
Kelly May,4042202445890233,"Merchant: Rodriguez, Hebert and Novak",dining,189.17,14,1.8,1,0,0,0
Christopher Carson,4024024187987858,"Merchant: Doyle, Brown and Kelly",dining,13.13,16,5.12,0,0,0,0
Joan Wilson,4868671491696804,Merchant: Horne-Martinez,gas_station,17.87,13,49.25,0,0,2,0
Debbie Allen,4598851011842529,Merchant: Dyer Inc,grocery,20.81,11,11.85,1,0,1,0
Kristin Williams,4405179589219174,Merchant: Mitchell-Nguyen,dining,71.26,12,45.73,0,1,1,0
Courtney Williams,4952146209759175,Merchant: Shields Inc,online_shopping,4.98,11,2.28,1,0,1,0
David Hernandez,4664007203225853,"Merchant: Anderson, Morris and Fowler",gas_station,17.44,16,1.04,1,0,2,0
Kathryn Morris,4282859712157858,Merchant: Burnett LLC,grocery,94.39,10,1.85,1,0,1,0
Meagan Smith,4048680498750947,Merchant: Solis and Sons,grocery,114.04,8,33.65,0,0,3,0
Katherine Caldwell,4169217767977175,Merchant: Murray-Smith,dining,23.76,16,21.05,0,0,1,0
Krista Williams,4930061778944453,"Merchant: Sampson, Phillips and Hall",grocery,34.18,5,5.38,1,0,2,0
Christine Aguilar,4703036873391151,Merchant: Shaw Inc,grocery,4.01,6,11.09,0,0,3,0
Michael Perkins,4301313487422748,"Merchant: Davidson, Melendez and Contreras",online_shopping,29.02,14,0.49,0,0,1,0
Steven Martin,4524143984010485,Merchant: Vasquez-Marshall,online_shopping,18.45,9,0.3,0,0,0,0
Joshua Herman,4744880192763785,"Merchant: Burns, Alexander and Willis",online_shopping,48.29,7,17.74,0,0,1,0
Diana Hawkins,4282509942414526,"Merchant: Peterson, Walter and Morrison",grocery,23.57,14,13.04,0,0,1,0
Caitlin Harris,4430040638869840,"Merchant: Banks, Jackson and Byrd",travel,15.25,18,12.23,1,0,2,0
Felicia Murphy,4595186561403544,Merchant: Rivers PLC,grocery,13.26,20,2.39,1,0,1,0
Bryan Mitchell,4060053258974862,Merchant: Gordon-Campbell,grocery,19.96,4,4.2,0,0,4,0
Larry Curtis,4121069835773970,Merchant: Carlson-Contreras,grocery,19.67,13,2.55,0,0,0,0
Jennifer Lopez,4412708345730719,Merchant: Gates-Clarke,grocery,12.45,19,9.03,0,0,1,0
Robert Newton,4025296573873343,Merchant: Bullock and Sons,dining,24.15,9,15.11,1,0,2,0
Christina Hudson,4720504657846665,"Merchant: Mullins, Sanchez and Gonzales",dining,63.3,13,19.7,0,0,1,0
Sandra Craig,4713124013265374,"Merchant: Villa, Robinson and Reynolds",grocery,17.03,8,10.51,0,0,2,0
Sabrina Ward,4397850375233559,"Merchant: Williams, Mathis and Coleman",grocery,21.31,15,2.23,0,0,2,0
Mark Knight,4992086750193345,"Merchant: Garrett, Davis and Armstrong",grocery,25.47,16,9.43,1,0,0,0
Darlene Dixon,4365915327639563,Merchant: Shea PLC,online_shopping,19.79,13,2.91,1,0,1,0
Daniel White,4142370485513137,"Merchant: Collins, Watts and Young",grocery,50.3,8,12.9,0,0,0,0
Jonathan Cortez,4366113588845777,"Merchant: Hill, Cunningham and Butler",dining,26.33,6,15.67,0,0,2,0
Judith Myers,4029759989001110,"Merchant: Lewis, Esparza and Dunn",travel,47.31,11,0.19,0,0,0,0
Tammie Castillo,4950528589308214,"Merchant: Pruitt, Bryant and Johnson",grocery,37.99,10,2.37,1,0,1,0
Rebecca Estrada,4791087798087450,"Merchant: Hernandez, Thompson and Sims",online_shopping,34.34,21,4.27,1,0,0,0
Angela Rodriguez,4347372830093065,Merchant: Thompson PLC,grocery,30.44,0,5.96,1,0,0,0
Andre Williams,4386160222742171,Merchant: Le-Rogers,electronics,21.17,14,52.76,1,0,1,0
Donald Smith,4771050183255128,"Merchant: Burton, Ryan and Ramirez",dining,48.28,7,1.18,0,0,3,0
Nicholas Ali,4383083393346221,Merchant: Bautista Inc,gas_station,35.08,7,6.0,1,0,0,0
Jacob Brewer,4424001742591447,"Merchant: West, Guerra and Ramirez",grocery,69.69,10,12.75,0,0,1,0
Natalie Watson,4383336707628092,Merchant: Davis-Allen,online_shopping,23.18,17,4.41,0,0,0,0
Matthew Evans,4605244084771000,Merchant: Miranda-Harvey,electronics,13.89,19,1.25,1,0,0,0
Bryan Thomas,4757898687781165,"Merchant: Miranda, Day and Gonzalez",gas_station,25.34,6,11.85,1,0,3,0
Timothy Lucero,4902483896653671,Merchant: Barber-Lowery,dining,53.4,11,3.9,0,0,3,0
Barbara Fields,4307287275731821,Merchant: Spencer and Sons,grocery,34.15,7,0.73,0,0,0,0
Rebecca Beard,4313386079274624,Merchant: Harrison LLC,grocery,56.42,8,6.59,0,0,0,0
Carrie Rodriguez,4225446396392660,Merchant: Williams Group,gas_station,40.48,9,7.42,0,0,0,0
Jordan Tanner,4976963302415980,Merchant: Olsen-Collins,electronics,25.49,10,5.91,0,0,0,0
Denise Johnson,4496794847167567,"Merchant: Vaughn, Stone and Cunningham",grocery,38.6,12,21.69,1,0,2,0
Amy Holt,4856483098890812,Merchant: Hampton-Hughes,dining,30.78,4,4.46,0,0,0,0
James Bennett,4506403356264082,"Merchant: Hurley, Hoffman and Sanchez",dining,12.78,7,5.09,0,0,2,0
Jeffrey Owens,4955149572281600,"Merchant: White, Willis and Boyd",grocery,42.65,6,2.93,1,0,0,0
Adam Merritt,4960526716977818,"Merchant: Smith, Martin and Ray",grocery,66.56,12,3.61,0,0,2,0
Tina Walter,4673148124795605,"Merchant: Kaiser, Cruz and Mills",gas_station,14.8,2,5.8,1,0,1,0
Michelle Harris,4020651572024196,Merchant: Sherman Ltd,online_shopping,37.81,23,10.87,0,0,0,0
Michael Richmond,4536263963856900,"Merchant: Nichols, Caldwell and Richards",grocery,16.65,11,14.42,0,0,1,0
Michael Patrick,4362566548190119,"Merchant: Yoder, Lopez and Wagner",online_shopping,19.68,21,23.91,1,0,1,0
Amanda Hart DVM,4078211764399608,Merchant: Anderson-Larson,dining,29.84,8,1.26,0,0,2,0
Michele Conner,4752475071297259,Merchant: Allen-Abbott,travel,46.84,19,4.02,0,0,1,0
Natalie Mitchell,4132287542890054,Merchant: Villa-Chapman,grocery,39.02,9,8.17,1,0,1,0
Jacob Hoover,4741829430504488,Merchant: Price-Evans,online_shopping,17.12,12,28.12,0,0,0,0
Jacqueline Winters,4917300865787970,Merchant: Phillips-Garrett,grocery,94.33,21,21.56,1,0,1,0
Kimberly Flores,4415742994321592,"Merchant: Collier, Sandoval and Craig",grocery,34.33,9,2.24,0,0,2,0
Jennifer Carpenter,4682927307393703,Merchant: Huber-Case,grocery,233.92,7,19.26,0,0,0,0
William Saunders,4348567584990098,Merchant: Hernandez and Sons,gas_station,27.75,11,8.47,0,0,1,0
Michael Preston,4499375792708550,"Merchant: Murphy, Olson and Rose",online_shopping,46.3,4,8.47,0,0,1,0
Jennifer Ali,4166504344846616,Merchant: Martin-Anderson,grocery,11.36,11,30.12,0,0,1,0
David Taylor,4771623024829812,"Merchant: Garcia, Frey and Reynolds",dining,64.67,10,24.49,1,0,1,0
Maria Hayes,4202725752262550,"Merchant: Booker, Yu and Hart",travel,8.66,10,12.82,0,0,3,0
Melanie Preston,4831522930117965,Merchant: Leon-Silva,online_shopping,17.51,10,0.68,0,0,1,0
Thomas Mcgrath,4145085491248661,Merchant: Johnson-Jones,gas_station,26.1,12,2.15,0,0,2,0
Glenn Chen,4015631437701433,Merchant: Martin and Sons,electronics,25.34,10,3.41,1,0,3,0
Sarah Berry,4044635852110173,Merchant: White Inc,electronics,43.0,11,0.31,0,0,0,0
Rebecca Summers,4077057729753335,Merchant: Ford Group,grocery,114.78,6,5.69,0,0,1,0
Rodney Gilmore,4657329460128847,Merchant: Chang and Sons,grocery,39.08,8,2.11,0,0,1,0
Kimberly Stone DDS,4296933894726972,"Merchant: Rogers, Green and Warner",online_shopping,83.64,14,15.7,0,0,0,0
Joshua Dunlap,4727908733381691,Merchant: Callahan-Howell,online_shopping,19.62,15,7.51,0,0,0,0
Melinda French,4507838865589918,Merchant: Gordon-Hines,grocery,19.55,21,2.57,0,0,1,0
Gabriel Copeland MD,4546652289753395,Merchant: Vargas-Carey,grocery,24.56,18,15.32,0,0,3,0
Kelly Weiss,4886010256982992,"Merchant: Smith, Paul and Bryan",grocery,37.01,14,10.91,0,1,0,0
Gregory Russell,4699714689896326,Merchant: Torres Ltd,grocery,34.97,17,17.92,1,0,0,0
Ashley Bowman,4754055508348400,Merchant: Rodriguez-Hall,grocery,87.11,18,1.09,0,0,3,0
Ruben Woodard,4628995544479285,Merchant: Cain-Stevens,grocery,91.03,18,10.95,0,0,0,0
Aaron Leon,4092689812118587,Merchant: Mack-Long,grocery,32.69,6,7.55,1,0,2,0
Ashley Thomas,4339295786509521,"Merchant: Collins, Jensen and Sullivan",gas_station,15.4,12,20.08,0,0,2,0
Travis Allen,4630800003810747,Merchant: Kelly-Turner,grocery,8.54,9,31.0,0,0,0,0
Roger Weaver,4260091031280726,Merchant: Ayers-Williams,gas_station,19.28,15,0.31,0,0,0,0
Robert Johnson,4474622696407634,Merchant: Luna and Sons,dining,40.55,1,1.19,0,0,1,0
Bryan Lopez,4318634555470603,"Merchant: Cunningham, White and Harris",electronics,10.7,7,3.22,0,0,1,0
Andrea King,4805407129899791,"Merchant: Lee, Ball and Johnson",grocery,48.87,11,8.49,0,0,3,0
Jennifer Howard,4117621588731450,"Merchant: Daniels, Cooper and Carr",travel,9.19,2,12.4,1,0,3,0
Michael Evans,4331523525322080,Merchant: Caldwell-Parker,dining,78.73,20,10.72,0,0,1,0
Daniel Patterson,4274993919001120,"Merchant: Mitchell, Greene and Brown",gas_station,24.92,11,9.36,0,0,2,0
Karen Mendez,4017234467795264,Merchant: Pace-Underwood,grocery,30.41,11,15.64,0,0,3,0
John Johnson,4826815423829196,Merchant: Roberts and Sons,travel,21.73,7,0.93,0,0,2,0
Andre Haynes,4988049198170016,Merchant: Ramirez Ltd,grocery,206.8,11,9.84,0,0,0,0
Janet Ryan,4919770744347824,"Merchant: Bonilla, Allen and Coleman",electronics,18.5,14,24.08,1,0,0,0
Michael Oliver,4738914550564200,Merchant: Madden-Manning,online_shopping,15.97,13,16.9,0,0,1,0
Wesley Henry,4446428595252922,Merchant: Becker Group,electronics,6.6,6,25.86,0,0,2,0
Andrew Freeman,4209042584329919,Merchant: Bell-Young,gas_station,47.42,19,23.3,1,0,1,0
Karen Stephens,4780772244146330,Merchant: Rodriguez-Johnson,gas_station,45.91,19,5.12,0,0,0,0
Nathaniel Baldwin,4788459305069989,Merchant: Ramos and Sons,online_shopping,53.12,5,18.15,0,0,1,0
Jordan Curry,4585257249259871,Merchant: Rodriguez Inc,electronics,45.37,13,3.87,1,0,0,0
William Johnson,4400696469016441,Merchant: Spence Ltd,grocery,21.13,17,8.54,0,0,0,0
Richard Bond,4370141551051770,Merchant: Ortiz and Sons,electronics,24.82,13,25.56,0,0,3,0
Jason Smith,4786123587662695,Merchant: Carpenter PLC,online_shopping,16.08,5,19.6,0,0,0,0
Scott Norman,4911963236253786,Merchant: Mitchell-Hall,online_shopping,25.61,5,3.38,0,0,2,0
Jill Shaw,4307013168897804,Merchant: Turner Inc,dining,42.67,7,3.18,0,0,1,0
Michael Price,4323164958649176,Merchant: Herrera LLC,dining,31.85,7,6.4,1,0,0,0
Martha Williams,4580307146010995,Merchant: King LLC,grocery,114.25,11,5.17,0,0,0,0
Melissa Henry,4872441113973039,"Merchant: Mueller, Rich and Moore",grocery,34.35,8,3.88,1,0,0,0
Elaine Martin,4051968146910763,"Merchant: Torres, Cooke and Lamb",grocery,33.99,8,1.32,0,0,2,0
Gary Rodriguez,4326314243822446,"Merchant: Wagner, Thomas and Middleton",electronics,11.65,13,14.39,0,0,2,0
Ryan Gonzalez,4951538410240972,"Merchant: Mclaughlin, Hale and Scott",grocery,46.11,17,4.18,0,0,1,0
Mr. Reginald Roman,4260665431130969,Merchant: Lewis-Williams,grocery,55.72,18,25.93,1,0,1,0
Patricia Williams,4774019422852208,Merchant: Lewis LLC,gas_station,23.69,11,33.26,1,0,0,0
Gerald Vega,4330062305047824,"Merchant: Chavez, Freeman and Chavez",grocery,30.6,10,14.48,0,0,2,0
Crystal Wallace,4734573465267491,"Merchant: Flowers, Jordan and Hodge",grocery,81.74,11,7.93,0,0,4,0
Susan Garcia,4519917737660622,"Merchant: Torres, Gilbert and Dudley",grocery,14.23,9,11.22,0,0,0,0
Patrick Potts,4937724574415399,"Merchant: Johnson, Munoz and Cooper",online_shopping,25.37,20,3.56,0,0,0,0
Jessica Richardson,4608604899401852,Merchant: Lee PLC,electronics,20.56,9,2.25,0,0,2,0
Alicia Warren,4496873689456187,Merchant: Brown-Peterson,grocery,6.52,23,20.18,0,0,1,0
Madison Rodriguez,4349316755031095,Merchant: Ayala Group,electronics,37.78,21,7.58,0,0,3,0
Douglas Grant,4888295637973673,Merchant: Williamson-White,dining,20.17,11,0.63,0,0,1,0
Austin Baker,4196223142112535,Merchant: Griffin-Dawson,online_shopping,46.03,13,20.65,1,0,1,0
Heather Morales,4044440721112595,Merchant: Peters Inc,gas_station,12.99,10,2.61,0,0,0,0
Susan Hutchinson,4679561139353018,"Merchant: Taylor, Dominguez and King",grocery,26.79,8,34.98,0,0,1,0
Christopher Hudson,4633959757789775,Merchant: Moreno-Jacobson,grocery,22.83,2,5.19,0,0,0,0
Jill Barajas,4127651492410097,"Merchant: Johnson, Miller and Downs",online_shopping,23.69,8,1.14,1,0,1,0
Dennis Jones,4900418136620660,Merchant: Jones Group,electronics,64.32,20,15.41,0,0,3,0
Charlene Gutierrez,4102011745188934,Merchant: Clark Inc,grocery,28.7,23,45.05,0,0,3,0
Crystal Hernandez,4773101106003083,Merchant: Lopez-Wood,grocery,49.85,22,6.33,1,0,1,0
Michael Smith,4973706124555191,"Merchant: Barton, Bryan and Roberts",grocery,17.24,15,5.02,1,0,0,0
Richard Rodriguez,4132226650980174,Merchant: Gonzalez-Schmidt,grocery,24.25,13,13.39,0,0,0,0
Lauren Smith,4569490457884714,"Merchant: Marshall, Payne and Owens",online_shopping,21.62,19,4.43,0,0,1,0
Breanna Mccall,4351200451582848,Merchant: Cook LLC,grocery,12.81,22,2.99,0,0,0,0
Rebecca Lopez,4656858697443026,"Merchant: Holland, Kirby and Carey",electronics,30.11,21,1.33,0,0,1,0
John Garcia,4891174561851202,"Merchant: Barnes, Warren and Montgomery",grocery,77.77,7,65.07,0,0,2,0
Mark Weaver,4404834576825414,"Merchant: Tucker, Russell and White",dining,17.93,11,19.74,1,0,1,0
Brianna Martinez,4214607781843939,"Merchant: Henderson, Marshall and Michael",grocery,14.68,11,3.4,0,0,1,0
Shannon Jones,4784765054767449,Merchant: Wilson-Nelson,gas_station,15.37,14,5.03,1,1,0,0
Victoria Knight,4313867823627845,"Merchant: Lee, Shannon and Bryant",electronics,7.73,6,1.46,0,0,2,0
Paul Franco,4374051717573227,Merchant: Allison and Sons,online_shopping,15.68,17,2.89,0,0,2,0
Darin Baker,4613814200287345,Merchant: Hartman PLC,grocery,24.54,11,4.5,1,0,0,0
Jeffrey Harrell,4362756295224290,Merchant: Roy-Smith,dining,19.51,12,10.54,1,0,1,0
Alyssa Powers,4267452082607592,Merchant: Brown LLC,online_shopping,110.74,12,2.92,0,0,2,0
Jeanette Obrien,4731160124036039,"Merchant: Savage, Johnson and Hopkins",grocery,25.56,5,3.34,0,0,0,0
Nicole Anderson,4082781575849870,"Merchant: Ortega, Juarez and Petersen",grocery,10.08,1,12.35,0,0,1,0
Rachel Oneal,4528109319938969,"Merchant: Arnold, Contreras and Arnold",dining,42.46,11,5.23,0,0,0,0
Nicole Moore,4552313358626852,Merchant: Mckinney-Kelly,dining,15.64,13,6.77,1,0,2,0
Donna Mejia,4385044860101638,Merchant: Carlson LLC,online_shopping,39.83,15,9.61,0,0,0,0
Andre Jones,4900042199893962,Merchant: Gonzales-Morgan,grocery,19.63,6,0.93,1,0,4,0
Steven Thomas,4733125661420621,Merchant: Rodriguez and Sons,travel,64.35,13,7.48,0,0,0,0
Jaclyn Long,4402499889342176,"Merchant: Rangel, Johnson and Booth",online_shopping,39.42,8,27.37,0,0,0,0
Robert Stark,4152231284152773,"Merchant: Soto, Jones and West",grocery,113.5,10,7.23,0,0,1,0
Joseph Murphy,4559253242547596,Merchant: Lee Inc,gas_station,19.29,12,5.01,0,0,2,0
Travis Dixon,4762492989618755,Merchant: Brown-Williams,grocery,87.03,16,12.37,1,0,5,0
Seth Barker,4882817026245854,Merchant: Willis Group,grocery,34.93,13,14.06,0,0,0,0
Tammy Jacobs,4243167208388849,Merchant: Moore-Johnson,grocery,28.71,10,8.56,0,0,4,0
Laura Harrison,4108622659194066,Merchant: Garrett-White,dining,53.3,13,1.56,1,0,1,0
John Peterson,4942505562975590,Merchant: Kirby Inc,electronics,29.64,7,24.5,0,0,2,0
Lynn King,4384196219851551,Merchant: Campbell and Sons,grocery,532.22,0,47.2,1,0,7,1
Devon Roberts,4884697538473659,Merchant: Greer Ltd,grocery,15.4,10,8.97,1,0,1,0
Emily Bullock,4766113176158654,"Merchant: Gomez, Lynch and Thompson",dining,46.18,15,13.44,0,0,0,0
Kylie Bailey,4487087284010676,Merchant: Bailey-Hunt,gas_station,16.65,19,9.91,0,0,4,0
Roger Holmes,4454056020187329,Merchant: Pierce-Smith,grocery,59.36,7,0.77,0,0,0,0
Dennis Coleman,4658090538053461,"Merchant: Sanchez, Roth and Carpenter",electronics,65.61,14,10.2,0,0,2,0
Patricia Zamora,4032403070308853,Merchant: Gilbert Inc,grocery,29.28,6,15.28,1,0,2,0
Randy Phillips,4234898376389562,Merchant: Johnson-Hayden,dining,21.7,17,20.87,0,0,2,0
Heather Daniels,4897365477460112,Merchant: Rivera Group,online_shopping,27.96,12,5.72,0,0,2,0
Robert Perkins,4843990163587517,Merchant: Williams-Giles,online_shopping,66.38,15,1.63,0,0,0,0
Nathaniel Walter,4600253009584039,"Merchant: Carney, Johnson and Hawkins",dining,13.58,13,3.5,1,0,1,0
Christine Tyler,4499195401774953,Merchant: Medina Inc,grocery,62.52,7,2.7,1,0,0,0
Catherine Holland,4354492530581357,Merchant: Wiggins LLC,online_shopping,25.04,11,14.68,0,0,1,0
David Washington III,4126400893875594,Merchant: Lawson PLC,travel,389.38,3,5.0,1,0,2,1
Kimberly Thomas,4806664306738759,Merchant: Cabrera-Tran,dining,23.78,13,5.33,0,0,1,0
Dawn Levy,4278736218481774,Merchant: Gilbert-Cook,grocery,34.48,10,8.54,0,0,3,0
Victoria Smith,4558489116617344,"Merchant: Anderson, Gomez and Schneider",grocery,49.57,2,6.17,0,0,0,0
Timothy Reilly,4422199143150979,Merchant: Williams-Blevins,dining,16.59,8,10.52,0,0,0,0
William Silva,4710202349250964,Merchant: Gonzalez Ltd,grocery,11.07,6,8.8,0,0,0,0
Keith Gonzalez,4830386289818990,Merchant: French and Sons,grocery,94.48,14,7.05,0,0,1,0
Jeffrey Holden,4284007826931325,Merchant: Roach-Taylor,electronics,14.49,6,14.23,0,0,1,0
Karen Hughes,4191002259163340,Merchant: Smith-Odom,dining,34.84,15,17.26,1,0,1,0
Christopher Ward,4342105589119839,Merchant: Leon Group,dining,46.43,22,9.07,0,0,1,0
Amy Boone,4030527034418440,Merchant: Becker-Fleming,online_shopping,82.53,10,15.73,0,0,1,0
Joshua Adams,4438075540555865,Merchant: James Group,grocery,123.45,9,4.34,0,0,0,0
Tammy Mcdaniel,4452646507231343,Merchant: Dillon-Lowe,gas_station,22.88,13,16.26,0,0,2,0
Steven Knight,4916288448357539,Merchant: Howard Group,grocery,97.23,12,11.94,1,0,0,0
George Weber,4480810262333290,"Merchant: Lewis, Maxwell and Ford",dining,16.01,15,34.62,0,0,1,0
Jeffrey Hall,4193002079064734,Merchant: Perry-Wolf,dining,125.72,14,11.56,1,0,1,0
Laura Adams,4800817441170728,Merchant: Wells Inc,grocery,32.74,18,0.85,0,1,1,0
Sara Hernandez,4089466629819979,Merchant: Serrano Ltd,dining,25.63,12,10.7,0,0,1,0
Emily Robinson,4584341765036029,Merchant: Vaughn-Cole,online_shopping,79.08,9,13.97,0,0,2,0
Samantha Harris,4930512719810989,Merchant: Bennett and Sons,electronics,36.0,8,1.47,0,0,1,0
Tiffany Davis,4465248826523438,Merchant: Lucero PLC,grocery,17.66,15,11.93,0,0,2,0
Veronica Nelson,4406325295691037,Merchant: Evans Group,grocery,57.05,2,25.68,0,0,1,0
Mr. Ryan Walker,4241544799581853,"Merchant: Morris, Lee and Brown",grocery,59.1,15,26.66,1,0,0,0
Christopher Thompson,4120838921163473,Merchant: Wright LLC,dining,90.84,16,2.19,0,0,3,0
Brian Allen,4165418384293632,Merchant: Gonzalez PLC,electronics,22.87,19,2.64,1,0,0,0
Kevin Greene,4761973014111099,Merchant: Contreras-Turner,gas_station,14.32,12,0.36,0,0,2,0
Daniel Garcia,4989905679858644,Merchant: Jordan-Thompson,dining,6.55,6,8.45,1,0,1,0
Micheal Ramos,4796184042116337,Merchant: Thomas-Torres,dining,67.79,7,16.01,1,1,0,0
Janice Gilbert,4016633139337366,Merchant: Barker Group,online_shopping,29.95,17,1.1,0,0,0,0
Joshua Nelson,4798448998358740,Merchant: Thompson-Warren,grocery,17.96,13,2.89,0,0,0,0
Katherine Clarke,4853124175916483,"Merchant: Davis, West and Davis",grocery,43.52,10,21.47,0,0,3,0
Erica Porter,4046400149133704,Merchant: Rose-Lara,grocery,25.63,7,14.03,0,0,0,0
Sara Obrien,4726216315776150,Merchant: Moreno-Bridges,online_shopping,42.73,15,3.58,0,0,2,0
Michael Burke,4435513649301693,"Merchant: Patterson, Cook and Hall",dining,43.45,16,10.31,0,0,0,0
Jamie French,4529672434701496,Merchant: West-Vega,grocery,62.93,12,3.2,0,0,3,0
Ernest Sullivan,4791026974289068,"Merchant: Jackson, Monroe and Lowe",grocery,35.81,13,21.07,0,0,0,0
Earl Hall,4904636430449793,Merchant: Stanton Inc,online_shopping,15.18,10,26.82,0,0,0,0
Julie Johnson,4977157606700127,"Merchant: May, Johnson and Garcia",grocery,50.37,14,8.66,0,0,2,0
Dana Wolfe,4024318100982537,"Merchant: Ashley, Cooley and Mosley",grocery,25.76,8,4.18,0,0,2,0
Robert Price,4436594702816230,Merchant: Carroll PLC,grocery,30.0,10,9.78,0,0,2,0
James Henry,4595679971468578,Merchant: White-Cox,gas_station,37.16,9,6.32,0,0,1,0
Susan Davis,4945288250833671,Merchant: Miller LLC,grocery,28.15,13,1.34,1,0,1,0
Darryl Richardson,4922735587977297,Merchant: Stein-Dominguez,online_shopping,30.35,20,9.16,0,1,0,0
Karen Jackson DVM,4256937468639840,Merchant: Cannon Inc,dining,69.6,9,1.62,1,0,2,0
Linda Patrick,4553728583931349,"Merchant: Love, Orr and Martinez",electronics,33.31,9,1.97,0,0,2,0
Veronica Diaz,4360737715061381,"Merchant: Nelson, Martin and Rose",electronics,60.66,8,7.38,0,0,0,0
Ann Moon,4649002880733832,Merchant: Diaz LLC,grocery,84.26,14,86.2,0,0,1,0
Michael Williams,4404794161236528,"Merchant: Ford, Marshall and Fernandez",dining,56.99,8,10.38,0,0,2,0
Timothy Chavez,4933575744582573,"Merchant: Thompson, Russell and Kirk",online_shopping,29.44,7,22.41,1,0,0,0
Scott Ramirez,4237720439345307,"Merchant: Hart, Williams and Willis",dining,17.14,16,5.37,0,0,2,0
Crystal Collins,4951946878713952,Merchant: Meyer Ltd,grocery,56.33,11,10.39,1,0,1,0
Crystal Davis,4385433665819322,Merchant: Horton Group,grocery,33.93,6,1.74,1,0,1,0
Matthew Mueller,4966721625685784,Merchant: Mcdaniel Group,electronics,40.23,6,10.42,1,0,3,0
Teresa Thompson,4347585080861051,Merchant: Heath LLC,online_shopping,36.47,12,0.1,0,0,1,0
Teresa Jacobson,4265284615965433,Merchant: Johnson-Gallegos,online_shopping,40.26,18,10.5,0,0,0,0
Robert Gonzalez,4051065688673824,Merchant: Nunez and Sons,gas_station,46.49,10,5.84,0,0,0,0
Andrea Garcia,4655999331299316,"Merchant: Bradford, Ruiz and Wood",online_shopping,32.07,7,6.11,0,0,0,0
Cassandra Martinez,4230051665234313,Merchant: Lambert LLC,gas_station,99.31,23,4.07,0,0,1,0
Philip Cummings,4657499816484622,"Merchant: Phillips, Reed and Baird",dining,9.67,8,2.09,0,0,0,0
Timothy Sanchez,4314356034114628,"Merchant: Johnson, Gomez and Gonzalez",online_shopping,31.35,14,7.12,0,0,0,0
Scott Miranda,4954128094930556,Merchant: Perez LLC,online_shopping,32.67,11,1.49,1,0,3,0
Alicia Wagner,4400946748041144,"Merchant: Gonzalez, West and Vazquez",grocery,50.52,11,28.93,0,0,1,0
Chad Williams,4753395157460671,"Merchant: Gay, Smith and Mora",grocery,15.11,17,26.58,0,0,4,0
Carlos Hensley,4831246530722996,Merchant: Gilbert Inc,grocery,42.98,14,10.4,0,0,1,0
Laura Ramirez,4521572314889759,Merchant: Villarreal-Jones,travel,25.69,7,29.38,0,0,1,0
Christopher Rodriguez,4596841389288878,Merchant: Dorsey-Nelson,online_shopping,37.98,17,17.24,0,0,1,0
Mark Webster,4699908569202833,Merchant: Diaz-Elliott,electronics,14.07,8,23.44,0,0,3,0
James Smith,4287675667315845,"Merchant: Poole, Gonzalez and Mason",grocery,32.49,19,29.97,0,0,2,0
Robert Byrd,4714796851990764,"Merchant: Lynch, Chavez and Hawkins",dining,26.74,10,5.43,1,0,3,0
Joshua Powell,4152035083686067,Merchant: Hale LLC,online_shopping,19.32,14,6.16,0,0,0,0
Tonya Harding,4844964113589278,"Merchant: Dudley, Farrell and Ramos",grocery,20.26,13,16.43,1,0,3,0
Larry Higgins,4069821929024502,Merchant: Jones PLC,gas_station,48.34,13,4.37,1,0,0,0
Nicole Mills,4624864499815956,Merchant: Sandoval-Anderson,grocery,20.21,10,0.33,0,0,0,0
Jonathan Porter,4774340219702061,Merchant: Williams PLC,gas_station,34.1,11,2.27,0,0,2,0
Christine Greene,4483234863415215,"Merchant: Bass, Davis and Greene",grocery,65.29,7,2.84,0,0,1,0
Edwin Munoz,4867417144859071,"Merchant: Mcdaniel, Bradley and Black",gas_station,21.06,13,11.38,0,0,0,0
James Brooks,4384568458616244,Merchant: Gonzales Group,gas_station,148.96,13,25.31,0,0,0,0
Craig Smith,4388933044981898,Merchant: Duncan LLC,grocery,114.67,9,1.05,1,0,0,0
Mark Thomas,4812386739796004,Merchant: Cook-Gordon,electronics,10.82,8,29.69,0,0,0,0
Rachel Curry,4078049903326318,"Merchant: Powers, Guzman and Ross",dining,26.83,9,26.25,0,0,4,0
Elizabeth Sanchez,4517769836713907,Merchant: Salazar PLC,dining,28.84,15,7.91,1,0,3,0
Darren Gonzales,4085424012827319,Merchant: Frost Ltd,gas_station,22.95,14,18.1,1,0,3,0
Mr. John Khan,4421258870657027,Merchant: Watkins Group,gas_station,20.22,10,16.97,0,1,1,0
Jason Williams,4452098148185480,"Merchant: Vargas, Barnes and Jackson",dining,30.5,13,13.36,0,0,2,0
Stephanie Livingston,4500985168505294,Merchant: Hall Inc,grocery,34.9,9,0.93,1,0,1,0
Anthony Marshall,4541073720882252,Merchant: Arnold-Grimes,online_shopping,80.61,5,41.5,1,0,2,0
Matthew Hamilton,4465448063446802,Merchant: Nicholson LLC,electronics,56.99,14,9.16,0,0,1,0
Heather Hunt,4340702672601889,"Merchant: Gray, Young and Li",dining,13.42,1,3.96,0,0,3,0
Timothy Melton,4381459097078249,Merchant: Matthews LLC,dining,31.35,8,16.79,0,0,2,0
Harold Lee,4494411164964946,Merchant: Reid LLC,grocery,50.97,7,30.23,0,0,2,0
Carol Gay,4096496545900083,Merchant: Ward-Mack,gas_station,26.41,16,20.92,0,0,1,0
Michael Nelson,4735015348429814,Merchant: Jackson-Gross,grocery,12.98,7,7.93,0,0,1,0
Daniel Meyer,4897839090907170,Merchant: Morris Inc,grocery,26.01,5,7.58,0,0,0,0
Jamie Lindsey,4290280133278092,"Merchant: Dennis, Young and Walsh",grocery,35.95,2,3.64,0,0,1,0
Marc Mitchell,4191488377356710,"Merchant: Francis, Perkins and Moreno",grocery,21.48,13,1.06,0,0,1,0
Jose Martinez,4955682106908843,"Merchant: Taylor, Mitchell and Reynolds",online_shopping,21.48,12,11.96,0,0,1,0
John Gallagher,4387535966235467,Merchant: Nguyen-Archer,grocery,37.81,14,10.18,1,0,0,0
Richard Chandler,4953837792957403,Merchant: Clark-Smith,dining,12.17,12,18.05,0,0,0,0
Andrea Donaldson,4793760288552989,Merchant: Watson PLC,dining,28.41,12,35.62,0,0,0,0
Jamie Guerrero,4024614122580485,Merchant: Davis-Warren,online_shopping,189.85,16,94.12,0,1,5,1
Nathan Adams,4951105596728780,Merchant: Bailey LLC,dining,54.04,21,12.81,1,0,1,0
Thomas Davis,4185678863216232,Merchant: Daniels-Rowe,electronics,19.52,12,12.88,0,0,0,0
James Williams,4657244438077440,Merchant: Savage Ltd,online_shopping,111.42,12,4.39,0,0,2,0
Troy Lee,4149504794764410,"Merchant: Lopez, Rowland and Black",grocery,31.24,8,8.68,0,1,2,0
Jennifer Mckenzie,4079585326625280,Merchant: Mcdonald PLC,grocery,39.62,14,30.16,0,0,0,0
Joshua Scott,4169444249879635,"Merchant: Marshall, Davis and Garcia",online_shopping,38.56,10,5.31,1,0,0,0
April Jones,4784611384513022,Merchant: Frank PLC,dining,20.1,9,17.96,0,0,0,0
Deborah Webb,4303720956250574,Merchant: Morales Ltd,grocery,111.81,18,8.29,0,0,0,0
John Zavala,4214974210664678,Merchant: Barnes Ltd,dining,28.17,16,8.67,1,0,1,0
Katherine Miller,4376076069420220,"Merchant: Anderson, Mcpherson and Morgan",grocery,67.46,10,24.08,0,0,2,0
Steven Jensen,4588523841649794,Merchant: Murphy-Blair,gas_station,48.79,13,7.13,1,0,1,0
Sarah Sosa,4740180768130103,Merchant: Reese Ltd,dining,27.72,7,3.11,0,0,1,0
Justin Small,4561494923611675,Merchant: Nelson-Hunt,electronics,24.6,7,20.46,0,0,3,0
Erin Ortega,4477313341170275,Merchant: Fernandez-Mckenzie,online_shopping,26.36,12,11.01,0,0,0,0
Mary Conley,4935597328687170,Merchant: Phillips PLC,online_shopping,45.64,9,5.84,0,0,0,0
Melanie Drake,4502483991206155,Merchant: Nguyen PLC,electronics,8.75,17,4.76,0,0,1,0
Danielle Briggs,4989283775223562,Merchant: Cook LLC,online_shopping,10.64,14,3.5,1,0,1,0
Dillon Case,4515192754106750,Merchant: Rios Group,dining,17.45,16,12.35,0,1,0,0
William Esparza,4883462580419113,Merchant: Meadows-Medina,online_shopping,17.87,13,7.09,1,0,1,0
Kevin Solis,4688028125954257,Merchant: Gonzales-Crawford,dining,34.35,12,1.78,0,0,1,0
Roger Peters,4434426204714898,Merchant: Johnson-Mccall,grocery,23.67,11,0.19,1,0,0,0
Colleen Blanchard,4804947953433069,Merchant: Bell-Brewer,online_shopping,25.0,6,2.57,0,0,1,0
Christian Garcia,4660452369238221,"Merchant: Lozano, Jordan and Jackson",online_shopping,73.95,14,23.4,0,0,0,0
Heidi Newton,4502580289468304,Merchant: Roach Ltd,online_shopping,25.6,14,4.7,1,0,0,0
Gary Miller,4378940986681982,Merchant: Coleman Ltd,grocery,133.37,6,11.02,1,0,2,0
John Hebert,4486466593523853,"Merchant: Duke, Little and Williams",dining,24.28,14,4.19,1,0,0,0
Erik Small,4121227011923575,Merchant: Mcclain-Webb,grocery,31.78,16,6.51,0,0,0,0
Robert Moore,4739325019227199,Merchant: Brewer-Bennett,dining,28.05,10,3.89,1,0,2,0
Andre Pace,4703105371809822,Merchant: Harrison-Craig,grocery,14.82,14,6.62,1,0,1,0
David Koch,4533775312847945,Merchant: Andrews and Sons,dining,26.26,13,7.49,1,0,0,0
Tyler Chapman MD,4315216644450748,Merchant: Anderson-Henry,dining,14.1,13,16.64,0,0,1,0
Donna Bishop,4178783005752570,Merchant: Gibson-Kennedy,online_shopping,21.36,17,0.28,0,0,2,0
Christopher Murphy,4836492896681062,Merchant: Green-Walker,grocery,50.02,11,0.76,0,0,0,0
Bradley Miller,4007218265353824,Merchant: Smith-Harper,gas_station,18.24,9,1.39,1,1,0,0
Alejandra Fernandez,4810886429432143,Merchant: Williams-Walsh,grocery,27.22,15,20.21,1,0,1,0
Brandon Cordova PhD,4493549410975876,Merchant: Ray-Tucker,travel,8.04,22,0.2,0,0,1,0
Wendy Smith,4698796087099935,"Merchant: Hampton, Cherry and Kennedy",travel,33.15,13,26.99,0,0,1,0
Casey Terrell,4427629317707720,Merchant: Williams-Blair,grocery,11.01,19,1.78,0,0,0,0
Michael Serrano,4096694162031592,Merchant: Melendez Inc,grocery,52.21,14,56.5,0,0,3,0
Kenneth Williams,4573143059616059,Merchant: Rich-Ochoa,travel,10.32,7,4.33,0,0,3,0
Erin Williams,4503518386040088,Merchant: Baker and Sons,gas_station,71.52,14,10.35,1,0,1,0
Virginia Mendez,4982228328006557,Merchant: Gordon-Jackson,online_shopping,59.09,14,1.68,0,0,1,0
Cheryl Jackson,4424581972396120,Merchant: English Ltd,electronics,56.17,21,8.97,1,0,3,0
Wyatt Rodriguez,4222616733660531,Merchant: Hamilton-Johnston,online_shopping,53.7,1,7.4,0,0,1,0
Lisa Fox,4452490541323711,Merchant: Torres Inc,grocery,34.92,10,10.45,1,0,2,0
Diane Brown,4357953945592815,Merchant: Mercer-Thompson,grocery,5.23,16,1.82,0,0,0,0
Debbie Schneider,4154736531933666,Merchant: Romero Group,grocery,32.06,15,1.32,0,0,1,0
Anne Obrien,4203546128054391,"Merchant: Holland, Patton and Wallace",grocery,44.88,13,32.51,0,0,1,0
Amanda Phelps,4322556001014541,Merchant: Hoffman Ltd,online_shopping,73.6,4,3.46,1,0,1,0
Melissa Patrick,4836437482623291,Merchant: Spencer-Riddle,grocery,17.53,15,5.68,0,0,2,0
Jordan Carter,4188918635912479,Merchant: Calderon Ltd,travel,15.51,14,4.75,0,0,1,0
Jennifer Roman,4431240214099148,"Merchant: Snyder, Henderson and Lee",online_shopping,13.17,15,8.69,1,0,0,0
William Parker,4141710191540224,Merchant: Bird-Fisher,gas_station,16.71,14,2.75,0,0,0,0
David Hernandez,4806420488633205,Merchant: Myers-Jones,grocery,76.58,17,5.49,0,0,0,0
Bobby Matthews,4268397007349532,Merchant: Boyd Ltd,travel,138.84,7,18.24,0,0,0,0
Brian Cole,4013611506475665,Merchant: Flores-Morales,grocery,34.31,19,10.63,0,0,0,0
Benjamin Townsend,4396110764734035,Merchant: Montoya LLC,grocery,34.44,7,9.55,0,0,0,0
Lauren Higgins,4184061485460085,Merchant: Conway LLC,gas_station,68.11,6,16.28,0,0,2,0
Bryan Newman,4184650320772611,Merchant: Carter Group,grocery,23.05,20,3.01,0,0,0,0
Kristen Matthews,4684933147684630,Merchant: Crane-Jacobson,dining,11.88,12,0.3,0,0,0,0
Christine Kennedy,4486301884450252,"Merchant: Norton, James and Mercado",grocery,53.27,15,0.36,0,0,0,0
Christopher Lee,4843129543130355,"Merchant: Smith, Parker and Holt",travel,64.59,16,18.84,0,0,1,0
Andre Farrell,4947239006728259,"Merchant: Matthews, Barton and Roberson",grocery,5.65,10,18.84,1,0,4,0
Cody Jimenez,4442331132773422,Merchant: Dickson-Reid,dining,13.09,7,5.26,0,0,1,0
Jennifer Fletcher,4769797099845228,"Merchant: Smith, Palmer and Hendrix",dining,61.26,12,2.85,0,0,1,0
Casey Murphy,4597988455427309,Merchant: Nguyen Inc,online_shopping,33.67,4,16.3,0,0,3,0
Jennifer Edwards,4816308183281594,Merchant: Hale PLC,grocery,30.46,8,6.48,0,0,0,0
Lacey Graves,4726768798760598,Merchant: Robbins-Navarro,grocery,34.04,11,27.91,1,0,2,0
Richard Best,4279728824635850,"Merchant: Smith, Kramer and Phillips",electronics,14.75,17,6.7,0,0,3,0
John Mcneil,4210985565768017,Merchant: Rodgers-Castro,grocery,16.8,8,24.05,1,0,1,0
Stephen Allen,4829268898515519,Merchant: Hodges and Sons,gas_station,17.21,15,0.99,0,0,1,0
Tina Solomon,4578169172314046,Merchant: Hughes-Smith,online_shopping,45.94,14,4.88,0,0,1,0
Jennifer Townsend,4535481370268920,"Merchant: Cortez, Frank and Bailey",grocery,102.36,12,4.41,0,0,1,0
Michelle Mcbride,4058209357441815,Merchant: Collins Ltd,online_shopping,5.49,11,3.39,0,0,0,0
Aaron Webb,4695071415804650,Merchant: Oliver Ltd,electronics,21.62,8,8.1,1,0,0,0
Kathryn Clark,4211872884359794,Merchant: Beasley Ltd,grocery,6.21,14,17.88,0,0,1,0
Matthew Doyle,4356511699860779,Merchant: Dixon-Berry,grocery,13.04,10,5.97,1,0,0,0
Kiara Preston,4031059532508588,"Merchant: Day, Patton and Owens",grocery,32.44,21,2.16,0,0,0,0
Lisa Salazar MD,4426726966824946,"Merchant: Sandoval, Chambers and Hatfield",grocery,9.77,12,25.21,0,0,2,0
Rebecca Gibson,4469259769246586,"Merchant: Reese, Flores and Riley",travel,28.72,16,13.57,0,0,0,0
Kimberly Ryan,4035262120407843,Merchant: Waller LLC,gas_station,28.42,12,0.92,0,0,1,0
Amanda Cook,4371003153912040,Merchant: Owens LLC,dining,99.0,7,4.94,1,0,2,0
Mark Conner,4806376315869042,"Merchant: Mccoy, Patrick and Heath",electronics,29.69,1,7.28,0,0,2,0
Shawn Hickman,4132931137183488,Merchant: Hancock-Herman,grocery,39.42,7,29.81,0,0,0,0
Lisa Hall,4086370126770797,Merchant: Gutierrez LLC,gas_station,60.16,7,40.98,1,0,0,0
Kevin Cole,4142824883144689,Merchant: Stokes-Oliver,electronics,78.57,18,11.45,0,0,2,0
Matthew Williams,4040180794980064,Merchant: Downs-Parker,gas_station,93.55,18,3.23,0,0,1,0
Tanner King,4953479576513969,"Merchant: Johnson, Ballard and Roman",online_shopping,34.33,13,15.56,0,0,2,0
Joseph Williams,4131321070324722,Merchant: Hicks Inc,electronics,572.39,6,356.73,0,1,6,1
Joann Sanders,4122463948418491,"Merchant: Woods, Baker and Burch",gas_station,51.72,6,37.8,1,1,1,0
Tyler Lang,4935028501468972,"Merchant: Davis, Callahan and Ramos",online_shopping,32.13,6,3.56,1,0,1,0
Robert Payne,4353686669617020,"Merchant: Jackson, Meyer and Lopez",gas_station,25.11,7,0.96,0,0,2,0
Jonathan Cisneros,4759110724835162,Merchant: Jacobs-Patterson,dining,62.13,19,17.62,0,0,0,0
Margaret Torres,4010377565869593,"Merchant: Murray, Holmes and Ward",grocery,36.55,18,12.15,0,0,1,0
Amber Zhang,4673852219766450,Merchant: Daniel PLC,online_shopping,36.24,19,11.5,1,0,1,0
Matthew Roberts,4719064570024620,Merchant: Hanson-Williams,electronics,7.37,8,1.93,0,1,1,0
David Hays,4668051194725949,Merchant: Smith-Smith,grocery,27.03,10,12.86,0,0,0,0
Erin Gardner,4761268531400020,Merchant: Boone Group,online_shopping,13.92,9,4.47,0,0,0,0
Michael Miller,4767360517136449,Merchant: Mason-Barnes,dining,150.5,14,0.1,0,0,1,0
Theresa Smith,4923649979851243,Merchant: Barrett and Sons,dining,40.81,13,2.61,1,0,0,0
Paul Scott,4125595692318315,Merchant: Ray-Bell,gas_station,45.19,8,29.29,0,0,0,0
Megan Perry,4256035183733913,Merchant: Greene Ltd,gas_station,42.81,15,13.81,0,0,2,0
Christina Martin,4860615048548743,Merchant: Gentry and Sons,grocery,17.61,14,3.36,1,0,0,0
Timothy Collins,4900208914096468,Merchant: Greene-Thompson,electronics,13.38,13,24.47,1,1,3,0
Kimberly Jones,4424941827543070,Merchant: Hodge-Lewis,grocery,44.77,11,18.09,0,0,0,0
Dr. Sarah Smith,4417471574996478,Merchant: Owens-Shepherd,electronics,25.28,11,17.3,0,0,1,0
Richard Bauer,4366117614702795,"Merchant: Hernandez, Hahn and Cherry",online_shopping,21.95,16,8.49,0,0,1,0
Traci Wilson,4049861117247890,Merchant: Davies PLC,grocery,24.93,10,0.92,1,0,2,0
Bryan Miranda,4465346192400122,Merchant: Hernandez LLC,online_shopping,31.38,6,68.36,0,0,2,0
Julie Martinez,4298955481726733,Merchant: Perez-Anderson,dining,56.35,8,1.21,0,0,0,0
Diana Miller,4293404721174565,"Merchant: Johnson, Calhoun and Pacheco",gas_station,13.37,9,8.43,1,1,2,0
Heather Hughes,4267140620963177,Merchant: Jensen PLC,online_shopping,36.49,16,1.99,0,0,1,0
Tony Swanson,4489714396600981,Merchant: Gonzalez-Weber,gas_station,30.37,22,7.51,0,0,0,0
Lisa Montes,4780001330349024,"Merchant: Green, Williams and Mayo",grocery,34.02,11,15.42,0,0,1,0
Wendy Martin,4751081939015403,Merchant: Mcdonald LLC,grocery,38.05,15,28.11,0,0,2,0
Joseph Norris,4626959519753985,Merchant: Cummings and Sons,dining,8.54,6,3.85,1,1,0,0
William Todd,4476909415863199,"Merchant: Rose, Lewis and Avery",travel,17.67,9,34.88,1,0,2,0
Gerald Price,4903579062248136,Merchant: Nelson and Sons,electronics,26.34,19,14.73,0,0,0,0
Ashley Hunt,4942872765114025,"Merchant: Duncan, Fisher and Jones",grocery,21.72,10,26.24,1,0,0,0
Christy Lee,4073106526776769,Merchant: Jones-Horn,dining,9.89,10,1.98,1,0,1,0
Patricia Adkins,4917104341062861,"Merchant: Barnes, Smith and Franklin",dining,72.17,7,12.16,1,1,0,0
Willie Perez,4792317611478829,"Merchant: Sanders, Vega and Bell",dining,22.97,9,9.61,1,0,1,0
Susan Snyder,4481564264396941,"Merchant: Evans, Ward and Ford",electronics,47.17,15,1.84,1,0,0,0
Jasmine Day,4915116131489718,"Merchant: Hughes, Navarro and Mcdaniel",dining,40.82,10,0.25,1,0,0,0
Andrew Chavez,4514623013718937,"Merchant: Odonnell, Foster and Brewer",dining,30.66,7,3.16,1,0,3,0
Henry Huerta,4766526853074409,Merchant: Lambert LLC,online_shopping,37.0,8,3.68,0,0,1,0
Mariah Perry,4436644690246666,Merchant: Johnson LLC,grocery,31.02,12,0.1,0,0,0,0
Tracy Atkins,4502997189331947,Merchant: Sparks LLC,dining,74.58,17,1.38,0,0,4,0
Ryan Wheeler,4235248807196310,"Merchant: Buchanan, Fernandez and Wilkerson",grocery,57.38,23,1.34,0,0,1,0
Audrey Taylor,4291851686212438,Merchant: Kemp-Green,electronics,94.38,9,11.09,1,0,3,0
Zachary Swanson MD,4815973248319159,"Merchant: Le, Williams and Patterson",grocery,27.36,22,13.78,0,0,0,0
Amanda Conley,4296894572998723,"Merchant: Ramirez, Crawford and Thompson",online_shopping,31.78,14,29.58,0,0,1,0
Eric Short,4071870975285133,"Merchant: Jones, Jones and Hale",online_shopping,21.67,2,23.15,0,0,3,0
Scott Brown,4909713738849589,"Merchant: Kim, Ortiz and Lee",grocery,89.9,14,5.6,0,0,0,0
Victor Taylor,4435849727791342,Merchant: Johnson-Johnson,online_shopping,58.59,9,7.9,1,0,0,0
James Hernandez,4094832616764564,"Merchant: Scott, Floyd and Burke",online_shopping,11.79,12,2.36,0,0,0,0
Jason Jones,4946857678634058,"Merchant: Cardenas, Long and Wilson",online_shopping,20.76,9,12.1,0,0,1,0
Angela Parker,4909704683227350,Merchant: Peterson-Robinson,dining,45.23,10,18.3,1,0,0,0
Alexander Zavala,4714553401099863,"Merchant: Campbell, Young and Frey",grocery,9.78,9,34.36,0,0,0,0
Michael Kane,4479907370743486,"Merchant: Wilson, Larsen and Hudson",grocery,38.35,17,28.8,1,0,1,0
Lindsey York,4500298096559049,"Merchant: Smith, Taylor and Campos",online_shopping,13.36,13,2.69,0,0,1,0
Brandon Baker,4168516357720890,Merchant: Leon and Sons,grocery,20.42,16,6.24,1,0,1,0
Stephen White,4918836164569394,"Merchant: Kelly, Richardson and Mckay",online_shopping,27.39,12,14.0,0,0,3,0
Robert Hall,4161199588242781,Merchant: Stevens Inc,gas_station,75.36,3,11.47,0,0,3,0
Ryan Pierce,4083000753714221,"Merchant: Fry, Cox and Jones",dining,22.83,11,18.98,0,0,0,0
Shannon Cain,4690362644332786,"Merchant: Weaver, Combs and Moore",online_shopping,14.84,17,0.29,0,0,1,0
Laura Vaughn,4574926277730234,Merchant: Chapman and Sons,travel,15.03,17,0.23,1,0,3,0
Juan Evans,4031650875517390,Merchant: Nunez-Floyd,dining,22.41,6,3.03,0,0,1,0
Nicole Williams,4051771888749443,"Merchant: Peters, Shannon and Day",online_shopping,42.82,14,0.1,0,0,0,0
Jennifer Barrett,4318114073191973,"Merchant: Crane, Weiss and Jordan",grocery,22.75,21,12.21,0,0,0,0
Anthony Jones,4683267045698769,Merchant: Hall LLC,grocery,25.17,7,8.8,1,0,1,0
Leah Rodriguez,4486547223030854,Merchant: White LLC,travel,24.3,11,18.16,1,0,0,0
John Ward,4887056768020341,Merchant: Johnson Group,online_shopping,29.46,8,41.28,0,0,0,0
Deborah Garza,4233122780810886,Merchant: Russo-Perry,dining,15.54,5,8.26,0,0,0,0
Rebecca Miller,4034448077383456,"Merchant: Taylor, Williams and Stewart",travel,15.93,7,4.47,0,0,0,0
Matthew Carroll,4653596856838908,"Merchant: Walls, Gregory and Wright",gas_station,13.9,19,16.47,1,0,2,0
Lynn Smith,4052686676564060,Merchant: Mitchell-Jones,gas_station,140.82,15,27.65,1,0,0,0
Michael Jackson,4093037400639243,Merchant: Faulkner Inc,travel,132.58,12,3.23,0,0,1,0
Sharon Hicks,4840313383774281,Merchant: Miller-Benton,online_shopping,57.24,15,9.8,0,0,2,0
Abigail Mills MD,4285177565658840,Merchant: Riggs Ltd,dining,3.65,15,21.58,0,0,1,0
Paula Lopez,4918165463680524,Merchant: Sanchez PLC,electronics,39.39,16,10.69,0,0,2,0
Amy Clark,4579517064952761,Merchant: Jones-Cantu,dining,20.26,11,4.38,0,1,3,0
Cheryl Rose,4655322664265194,Merchant: Clark-Barajas,grocery,59.24,8,0.31,0,0,0,0
Jared Garza,4621266350570592,"Merchant: Garcia, Strickland and Henderson",grocery,21.67,11,29.31,0,0,1,0
Donna Wright,4787663428332387,Merchant: Lee PLC,electronics,75.98,14,1.5,0,0,0,0
Belinda Fisher,4562737119182060,"Merchant: Sutton, Sparks and Giles",online_shopping,34.48,13,8.27,0,0,2,0
Kathleen Levine,4454096823011342,Merchant: Johnson LLC,grocery,42.16,10,39.9,1,0,1,0
Corey King,4655128783481954,"Merchant: Hobbs, Johnson and Coffey",dining,84.68,14,49.09,0,0,1,0
Cody Davidson,4146397090355295,Merchant: Montoya-Vaughn,online_shopping,12.58,9,14.12,1,0,0,0
Michael Anderson,4096501772733832,"Merchant: Fitzgerald, King and Dixon",gas_station,44.69,9,2.41,0,0,3,0
Zachary Mcgee,4976911318833654,"Merchant: Meadows, Rush and Rivas",grocery,77.39,7,16.16,0,0,2,0
Melinda Anderson,4278381645376618,"Merchant: Thomas, Moore and Lee",gas_station,34.1,10,4.35,0,0,3,0
Tyler Andrews,4180137425871161,"Merchant: Smith, Adams and Weaver",grocery,21.65,11,6.23,1,0,1,0
Michelle Greer,4142275410959752,Merchant: Clayton PLC,grocery,4.5,13,6.84,0,0,0,0
Brian Clark,4854206671249441,Merchant: Johnson PLC,electronics,36.84,17,3.12,0,0,1,0
Nathaniel Floyd,4485420986097844,"Merchant: Wong, Taylor and Scott",gas_station,46.95,9,18.68,0,1,0,0
Erika Jenkins,4893924281123623,"Merchant: Sandoval, Jones and Jennings",travel,21.43,17,39.14,0,0,3,0
Melanie Ramos,4828877787313504,"Merchant: Bailey, Fox and Young",gas_station,67.3,12,12.81,1,0,1,0
Mark Clark,4574339503978868,"Merchant: Baker, Romero and Rivera",online_shopping,12.62,14,11.0,1,0,1,0
Sergio Hodge,4040741988886639,Merchant: Perry-Case,electronics,6.72,21,8.24,0,1,1,0
Katherine Avery,4836746330349465,Merchant: Woods-Frye,dining,36.03,12,13.65,0,0,3,0
David Hamilton,4027680670480383,Merchant: Butler Group,gas_station,15.09,8,11.28,0,0,2,0
Richard Bass,4430690355641671,"Merchant: Pierce, Nguyen and Stevens",grocery,29.51,3,4.41,0,0,0,0
Kelly Harris,4090691221898033,Merchant: Lam-Wolf,grocery,30.9,9,3.15,0,0,0,0
Dustin Campbell,4631013880862968,"Merchant: Ryan, Cervantes and Davis",dining,20.44,15,26.36,0,0,0,0
Randy Kennedy,4292319122667556,Merchant: Massey LLC,dining,12.21,8,53.86,0,0,2,0
Ana Gibson,4383735799873468,"Merchant: Mills, Garcia and Ortiz",dining,65.27,7,8.98,1,0,2,0
Danny Harris,4918521479599381,Merchant: Petty PLC,online_shopping,8.25,7,14.85,1,0,2,0
Sara Stuart,4938303854728950,Merchant: Kirby Ltd,grocery,45.4,14,1.0,0,0,0,0
John Kim,4211458561978047,Merchant: Mathis-Simpson,dining,36.98,17,36.83,0,0,2,0
Richard Brewer,4890290181814072,Merchant: Watkins Group,online_shopping,51.15,21,0.34,0,0,1,0
William Arnold,4948831810070578,Merchant: Marshall Group,grocery,52.95,13,22.34,0,0,2,0
Brianna Adams,4773398714096190,Merchant: Murphy-Warner,grocery,79.79,4,5.67,0,0,2,0
David Garcia,4322032544081371,Merchant: Rodriguez-Ward,online_shopping,36.39,13,5.45,0,0,2,0
Kelli Collins,4776311513665138,"Merchant: Crawford, Hurst and Berger",gas_station,13.55,13,5.49,0,0,0,0
Arthur Krueger,4679133843463184,Merchant: Reed PLC,dining,14.95,12,4.54,0,0,0,0
Steven King,4761240629378954,Merchant: Bowman Group,grocery,57.38,9,10.94,0,0,3,0
Tyler Velazquez,4047779320828417,Merchant: Evans Group,travel,19.05,13,10.18,0,0,2,0
Laura Middleton,4695847136864366,Merchant: Martinez Inc,grocery,21.12,7,0.1,1,0,1,0
Lori Madden,4281173105215625,Merchant: Mitchell-Morris,grocery,26.17,10,7.73,0,0,0,0
Tyler Murphy,4831234299264764,"Merchant: Moore, Owens and Rojas",grocery,20.95,13,1.03,0,0,1,0
Kristen Bradley,4503018507730956,Merchant: Griffin-Lewis,online_shopping,46.46,18,4.18,0,0,1,0
Corey Rodriguez,4977143691715915,Merchant: Anderson PLC,grocery,34.19,15,9.97,0,0,0,0
Phillip King,4046444627413972,"Merchant: Green, Lopez and Hahn",grocery,57.56,11,22.82,1,0,0,0
Laurie Fuller,4669934649057522,"Merchant: Benitez, Flores and Gill",gas_station,19.18,13,5.43,1,0,2,0
Toni Cunningham,4724863113433815,"Merchant: Fernandez, Thomas and Young",grocery,44.23,18,3.39,0,0,0,0
James Weber,4201607626506407,Merchant: Brown LLC,online_shopping,8.69,21,13.45,0,0,1,0
Erika Hodge,4684069722572310,Merchant: Greene Inc,grocery,98.25,11,5.56,1,0,0,0
Peter Patel,4107264272516093,"Merchant: Garcia, White and Thompson",travel,33.45,11,1.97,0,0,0,0
Jeffrey Hart DDS,4477165354346998,Merchant: Wood-Valentine,dining,10.92,11,22.18,0,0,2,0
Steven Hall,4805718187817701,Merchant: Ramirez-Allison,online_shopping,23.0,13,16.94,0,0,1,0
Christine Gutierrez,4632923732351425,"Merchant: Fields, Pierce and Humphrey",dining,51.55,12,10.59,0,0,3,0
Angel Becker DVM,4544324086328316,Merchant: Shelton PLC,online_shopping,54.86,10,0.2,0,1,4,0
Chad Rojas,4826882708650218,"Merchant: Baker, Johnson and Gallegos",online_shopping,17.37,12,0.43,0,0,0,0
Brent Scott,4608060831742749,"Merchant: Brown, Thomas and Sharp",dining,27.28,2,2.19,0,0,0,0
Jennifer Esparza,4899881688348423,"Merchant: Hughes, Vasquez and Nichols",grocery,14.28,1,6.29,0,0,0,0
Stacy Orozco,4250411855657613,Merchant: Roman-Atkins,grocery,37.2,16,17.18,0,1,2,0
Thomas Carr,4828834690906957,Merchant: Rush-White,gas_station,17.91,10,15.35,0,0,2,0
David George,4456335252615985,"Merchant: Mitchell, Smith and Jackson",online_shopping,42.0,12,1.47,1,0,1,0
Teresa Allen,4681056250668035,Merchant: Padilla-Goodwin,grocery,7.56,7,8.0,1,0,1,0
Donald Jackson,4026516353732347,Merchant: Jones Inc,online_shopping,22.02,8,13.82,0,0,0,0
Monica Howe,4900047669459269,"Merchant: Blake, Trevino and Becker",gas_station,132.6,3,9.3,0,0,1,0
Willie Flynn PhD,4873090952336318,Merchant: Hart Group,electronics,30.69,7,37.44,0,0,2,0
Jonathan Perez,4546152255519672,Merchant: Blair Ltd,dining,3.79,5,11.31,0,0,0,0
April Horton,4776164804210001,Merchant: Sosa LLC,grocery,231.07,6,10.92,0,0,3,0
Nicole Hawkins,4218235863638781,"Merchant: Alexander, Daniel and Morris",electronics,31.22,11,4.35,1,0,0,0
Patrick Hooper,4148904495266643,Merchant: Morales LLC,dining,54.14,11,14.06,0,0,1,0
Mary Lee,4702691480405413,Merchant: Deleon PLC,electronics,23.27,14,25.53,0,0,0,0
Cynthia Williams,4733450563538472,Merchant: Lloyd Ltd,dining,16.46,10,1.58,0,1,1,0
Ronald Gonzalez,4236228829607139,Merchant: Lewis Group,dining,54.64,17,12.95,0,0,3,0
Antonio Cole,4796699435695134,Merchant: Krueger-Johnson,grocery,16.91,10,4.2,0,0,2,0
Amanda Swanson,4759434967787371,Merchant: Figueroa-Wright,online_shopping,19.28,21,10.06,0,0,2,0
Holly Sherman,4527330062772717,"Merchant: Bishop, Simmons and Franklin",gas_station,86.83,6,7.45,1,0,0,0
Sandy Reynolds,4356947126736507,Merchant: Odom-Young,electronics,23.01,1,10.51,0,0,1,0
Sandra Moore,4331407490068326,Merchant: Salazar-Hopkins,dining,18.1,9,16.12,0,0,3,0
Christopher Johnson,4202123090861202,Merchant: Lamb-Davis,grocery,82.51,8,56.31,0,0,3,0
Ryan Fisher,4830656335368533,Merchant: Short-Smith,dining,34.7,17,13.12,1,0,0,0
Christopher Jones,4241865723640303,Merchant: Ashley LLC,electronics,29.91,11,18.2,0,0,0,0
Jeffrey Lyons,4750991975554902,Merchant: Nicholson Inc,electronics,102.17,6,2.11,1,0,0,0
Miguel Reeves,4766390565295269,Merchant: Cox Group,grocery,11.21,11,1.44,0,0,1,0
Kiara Santana,4590434207577668,Merchant: Ayers and Sons,grocery,28.17,13,20.87,0,0,0,0
Tonya Richards,4303060195677315,"Merchant: Graham, Nichols and Taylor",gas_station,31.68,7,8.59,0,0,2,0
Jesse Poole,4224789306929050,Merchant: Garcia-Barnes,travel,24.33,18,2.98,0,0,1,0
Mary Lewis,4438128582943802,"Merchant: James, Rodriguez and Erickson",dining,49.45,11,15.86,0,0,1,0
Christopher Copeland,4241260354258593,Merchant: Gonzalez-Lopez,grocery,98.81,6,25.17,0,0,0,0
Ethan Obrien,4801326447398472,"Merchant: Short, Green and Ponce",gas_station,29.47,6,4.13,0,0,0,0
Rebecca Houston,4974865312855273,Merchant: Taylor LLC,online_shopping,27.82,8,3.22,0,0,0,0
Edward Barton,4662548010317484,Merchant: Fields-Mack,grocery,23.55,14,1.12,0,0,0,0
Brandon Perkins,4041877863078188,Merchant: Morales-Lopez,grocery,79.72,6,36.75,0,0,1,0
Beth Brown,4659733814359735,Merchant: Reyes-Lloyd,travel,47.14,23,347.32,1,1,5,1
Kim Vincent,4511552415779259,Merchant: Williams-Lowe,grocery,26.66,17,5.7,0,0,0,0
Jennifer Banks,4309226658238143,"Merchant: Owen, Hester and Morrison",grocery,10.03,19,27.15,1,0,1,0
Ruth Brown,4932895579180538,Merchant: Evans-Miller,grocery,8.32,15,19.05,0,0,1,0
Shawn Lindsey,4785122295935642,Merchant: Hopkins Group,online_shopping,33.1,12,4.21,0,0,0,0
Anthony Garrison,4005614104886895,"Merchant: Adkins, Brown and Villanueva",gas_station,19.61,13,3.17,0,0,1,0
Angela Ryan,4571468472896307,Merchant: Adams LLC,electronics,30.7,14,21.68,0,0,0,0
Joseph Davis,4219673971263770,Merchant: Mccullough LLC,electronics,22.83,12,23.74,0,0,2,0
Joshua Clayton,4730140850708515,Merchant: Knapp Inc,gas_station,40.09,5,7.62,1,0,1,0
John Massey,4675161027798855,Merchant: Perez PLC,online_shopping,10.9,19,13.15,1,0,2,0
Richard Hale,4396193810782836,"Merchant: Alexander, Ferguson and Yu",dining,112.54,14,1.23,0,0,0,0
Charles Ramos,4796120795970934,Merchant: Davis-Rich,grocery,7.51,11,11.08,0,0,1,0
Mark Miller,4141818439790178,Merchant: Johnson LLC,grocery,53.21,17,7.23,1,0,2,0
Julia Maldonado,4039722342154388,Merchant: Webb-Carter,online_shopping,16.55,8,14.89,0,0,1,0
Gail Johnson MD,4072923657989149,Merchant: Allen-Osborne,dining,34.6,13,1.5,0,0,1,0
Maurice Johnson,4856492260421728,Merchant: Torres Ltd,electronics,25.35,5,2.39,1,0,1,0
Amanda Morris,4401486127139051,Merchant: Kelly LLC,dining,23.52,7,9.28,0,0,1,0
Rhonda Willis,4626177135389908,Merchant: Aguilar-Carlson,electronics,35.63,23,0.1,0,0,2,0
Connor Benton,4959469629240581,Merchant: Henderson-Cole,grocery,13.19,9,25.22,1,0,1,0
Richard Ryan,4736561187407493,Merchant: Joseph PLC,online_shopping,36.99,17,9.01,0,0,0,0
Richard Goodman,4155390159973643,Merchant: Nichols-Lawson,grocery,34.03,7,36.19,0,0,2,0
Michelle Mcneil,4507019295050868,Merchant: Cantrell-Durham,online_shopping,35.23,15,34.36,0,1,0,0
Michael Norton,4109165049398053,"Merchant: Harris, Charles and Singleton",grocery,55.77,10,8.23,0,0,0,0
Donna Carter,4442185120362659,Merchant: Parks LLC,electronics,44.29,8,1.1,0,0,1,0
Joshua Hernandez,4365643694207547,Merchant: Aguirre-Le,dining,90.69,23,5.02,0,0,3,0
Kimberly Mitchell,4552349324156889,"Merchant: Cook, Espinoza and Mann",grocery,25.73,7,11.69,0,0,3,0
Patricia Hernandez,4728560073889509,Merchant: Gray-Nicholson,gas_station,65.99,10,2.85,0,0,0,0
Donna Howell,4805105119314504,"Merchant: Macdonald, Miller and Collins",dining,18.38,11,6.87,1,0,0,0
James Williams,4115822825857700,"Merchant: Roberts, Ortiz and Calderon",grocery,22.65,21,5.29,0,0,2,0
Alexander Greene,4980719560528565,Merchant: Middleton-Jenkins,grocery,47.97,12,6.3,1,1,2,0
Dean Sanchez,4558136661880096,"Merchant: Rodriguez, May and Shaw",gas_station,16.46,15,2.3,0,0,1,0
Glenn Ward,4245955212215562,Merchant: Rice-Hart,online_shopping,15.04,5,47.14,0,0,2,0
Kendra Sullivan,4144045684775624,"Merchant: Valencia, Palmer and Mclean",electronics,13.19,11,0.15,0,0,0,0
Cynthia Hernandez,4914229271069769,Merchant: Fritz-Carr,grocery,62.47,7,3.88,1,0,0,0
Darren Morris,4558311081234899,Merchant: Porter-Rose,grocery,139.13,11,25.23,0,0,2,0
Holly Underwood,4236451186598176,Merchant: Turner Ltd,online_shopping,87.65,13,13.51,0,0,2,0
Jaime Williams,4080794661303035,Merchant: Jones-Davis,online_shopping,30.96,17,24.54,0,0,2,0
Lori Brown,4622135064720950,Merchant: Love LLC,electronics,17.33,11,8.23,0,0,1,0
Jason Chase,4601213305715199,"Merchant: Brown, Howell and Hanson",grocery,45.2,10,2.72,1,0,3,0
Lisa Buchanan,4933725133863999,Merchant: Kim-Stewart,travel,9.77,9,16.6,0,0,1,0
Marcus Fields,4546823857312571,Merchant: Trevino-Hall,online_shopping,11.12,13,34.39,1,0,2,0
Tammy Lopez,4340533990265929,Merchant: Davis-Davidson,grocery,17.38,14,41.7,0,0,2,0
Derek Williams,4650937300163886,Merchant: Rodriguez Group,online_shopping,10.51,13,19.21,0,1,0,0
James Davenport,4772201032831119,Merchant: Ortega Inc,dining,34.49,7,5.37,0,1,2,0
Justin Moreno,4397472956469476,"Merchant: Stanton, Lara and Torres",grocery,32.07,9,8.56,0,0,1,0
Mario Green,4307206102834962,Merchant: Randall Group,travel,40.97,10,9.68,1,0,3,0
Cassandra Fry,4616483123068120,"Merchant: Harris, Robinson and Leon",online_shopping,42.27,0,2.46,0,0,1,0
Dr. Jose Gray DDS,4878110252706120,Merchant: Miller LLC,gas_station,92.94,11,34.3,0,0,1,0
Amy Adams,4606142458641453,Merchant: Wolfe-Harris,grocery,42.84,14,4.68,0,0,3,0
Austin Horton,4313842873330772,"Merchant: Rodriguez, Young and Ward",grocery,14.94,8,8.33,1,0,1,0
Elizabeth Jackson,4753474746402302,Merchant: Harris PLC,travel,25.52,14,10.45,0,0,1,0
Maureen Cross,4541212428359466,Merchant: Webb-Murphy,online_shopping,111.02,15,10.07,1,0,3,0
Christopher Sanchez,4060140336769123,Merchant: Salazar-Jackson,grocery,28.98,18,9.13,0,0,0,0
Mitchell Richardson,4579100331675901,"Merchant: Coffey, Rice and Williams",grocery,120.13,12,11.03,0,1,2,0
Kelsey Lewis,4207098679514312,Merchant: Scott Ltd,gas_station,75.37,21,16.0,1,1,5,1
Richard Miller,4585577544816079,Merchant: Cunningham and Sons,online_shopping,35.75,8,0.76,0,0,0,0
Samantha Carter,4721566396279549,"Merchant: Miller, Vasquez and Herrera",grocery,49.69,20,5.85,0,0,0,0
Mrs. Heather Christensen,4040648710270497,Merchant: Higgins Group,online_shopping,50.15,9,8.71,1,0,1,0
Sharon Williams,4964117744940139,Merchant: Clark Ltd,dining,21.7,8,12.57,0,0,0,0
Daryl Lowe,4160759911000122,Merchant: Taylor-Reid,dining,26.71,1,8.45,0,0,1,0
Michael Carter,4702562028356204,Merchant: Jones PLC,dining,6.05,7,0.65,0,0,1,0
Susan Johnson,4389500541316586,Merchant: Christensen-Baker,grocery,10.64,7,0.55,0,0,0,0
James Jenkins,4120501223271325,"Merchant: Howell, Morgan and Cox",online_shopping,27.44,10,13.11,0,0,2,0
Dylan Johnston,4904661296311564,"Merchant: Clark, Gardner and Fox",online_shopping,24.07,10,3.1,0,0,4,0
Kathy Hull,4171626782145673,Merchant: Johnson PLC,dining,18.57,12,10.8,1,0,0,0
Monica Richardson,4750261586186134,Merchant: Ramirez and Sons,electronics,35.68,16,3.57,1,0,1,0
Kathryn White,4717613798867442,Merchant: Mcguire-Mcgee,online_shopping,21.64,14,1.58,0,0,3,0
Mrs. Valerie Owens,4973786265911791,Merchant: Oconnor-Thompson,grocery,32.21,9,2.68,1,0,0,0
Amy Watts,4391179238883400,Merchant: Crane Ltd,online_shopping,71.18,9,15.1,0,0,0,0
Michael Brown,4586263808692733,Merchant: Strickland PLC,grocery,32.13,18,0.37,0,0,2,0
Cynthia Hendricks,4108737742443567,Merchant: Moore Group,electronics,41.95,7,1.32,0,0,1,0
Phillip Kelly,4807894062793057,Merchant: Cooper-Lopez,gas_station,27.54,16,3.72,1,0,2,0
Deanna Edwards,4964388733462241,Merchant: Lindsey-Smith,online_shopping,11.12,8,0.18,0,0,2,0
Jennifer Walker,4442872231304007,Merchant: Poole PLC,gas_station,13.12,11,18.59,0,0,1,0
Brian Davis,4129486935049535,"Merchant: Castro, Harmon and Chase",online_shopping,44.22,8,8.25,0,0,0,0
Kelsey Griffith,4403527032036136,Merchant: Jordan Group,grocery,34.64,9,1.66,0,0,0,0
Kimberly Obrien,4263983842481203,Merchant: Smith-Bryant,grocery,48.5,6,4.2,1,0,0,0
Kevin Mccoy,4895413526228981,Merchant: Martinez LLC,grocery,61.43,10,0.38,0,0,0,0
Daniel Sullivan,4085000919765792,Merchant: Bailey-Richardson,dining,21.66,10,19.57,0,0,0,0
Darius Khan,4105031971117081,Merchant: Martinez-Smith,electronics,15.06,12,21.86,0,0,1,0
Miranda Huber,4822385547684764,Merchant: Bush PLC,online_shopping,64.45,13,0.1,0,0,0,0
Lisa Wagner,4506344709444270,"Merchant: Carlson, Brown and Waters",electronics,15.34,5,15.41,0,0,1,0
Erin Price,4076644410619205,"Merchant: Cobb, Farmer and Griffin",electronics,41.9,13,7.18,0,0,1,0
Jonathan Russell,4122203876738423,"Merchant: Bell, Brewer and Jones",grocery,58.16,10,5.93,1,0,0,0
Sharon Snow,4846122391824515,Merchant: Christensen Inc,electronics,278.53,4,325.25,1,1,4,1
Cody Hoover,4065340292667312,Merchant: Fisher-Lee,grocery,139.4,11,2.36,1,1,1,0
Alyssa Rodriguez PhD,4785043744319750,"Merchant: Ramirez, Jacobson and Garner",dining,37.87,5,6.24,0,0,1,0
Carl Harper,4239728018705286,Merchant: Fisher and Sons,gas_station,36.43,21,5.23,0,0,2,0
Dana Bennett,4531158707914814,"Merchant: Maldonado, Stewart and Yu",grocery,15.98,13,7.93,1,0,2,0
Michael Baker,4982981086044158,"Merchant: Arroyo, Vaughn and Barker",online_shopping,79.81,16,1.82,0,0,1,0
William Wilson,4850981814969642,Merchant: Roberts Inc,online_shopping,69.27,16,2.87,1,0,1,0
Jennifer Smith,4337159743334344,Merchant: Watson-Mccall,grocery,120.03,13,25.37,0,0,0,0
Cindy Richardson,4182514864022944,Merchant: Miller-Cisneros,dining,24.01,7,22.31,1,0,1,0
Brandi Brown,4022048728743944,"Merchant: Montgomery, Brown and Elliott",dining,41.53,18,6.91,0,0,2,0
Benjamin Martinez,4586213184180712,Merchant: Mejia Ltd,dining,44.75,16,8.08,0,0,1,0
Patricia Mitchell,4809886598541735,"Merchant: Williams, Alvarez and Nelson",electronics,69.43,9,14.13,1,0,0,0
Courtney Sanders,4342513861755651,Merchant: Salazar-Sanchez,travel,41.29,6,1.86,0,0,4,0
Ryan Willis,4739426206194349,"Merchant: Ballard, Hart and Skinner",grocery,42.0,10,10.19,0,0,2,0
Jennifer Jackson,4205847085412442,Merchant: Price PLC,travel,17.04,9,4.4,0,0,4,0
Teresa Obrien,4884300507353537,"Merchant: Graham, Thomas and Butler",online_shopping,43.24,1,0.17,0,0,0,0
Angel Hayes,4444929579786126,Merchant: Tapia LLC,grocery,29.57,10,9.87,0,0,3,0
Jason Davis,4003422256246773,Merchant: Reeves Group,grocery,34.11,12,0.1,1,0,1,0
Melissa Mathews,4166630317211627,Merchant: Johnson Group,grocery,16.14,15,3.63,1,0,0,0
Joseph Russell,4421696176000402,Merchant: Le and Sons,dining,129.51,9,30.98,0,0,3,0
Sandra Mccoy,4936666626089550,Merchant: Kim-Tran,dining,12.67,9,15.94,0,0,2,0
Gail Vasquez,4710355845377978,Merchant: Sanders Group,grocery,62.52,23,0.67,0,0,3,0
Jeffrey Gibbs,4417404715929124,"Merchant: Johnson, Graves and Fernandez",grocery,13.95,5,2.98,1,0,2,0
Michael Wilson,4358870432080469,Merchant: Lopez-Kent,gas_station,24.89,6,11.36,0,0,1,0
Richard Smith,4098865673345980,"Merchant: Johnson, Garrett and Miller",dining,24.41,23,78.86,1,0,3,0
Corey Mooney,4071752476938958,Merchant: Gaines Ltd,gas_station,36.59,6,25.98,0,0,1,0
Christina Myers,4200529564262457,Merchant: Lucas-Vazquez,dining,27.42,17,11.21,0,0,1,0
Anita Pitts,4134761540012885,Merchant: Mcgrath and Sons,grocery,7.38,15,6.09,0,0,0,0
Christian Bryant,4143418245388065,"Merchant: Fuller, Parker and Grant",electronics,149.43,20,273.94,1,0,1,1
Patrick Garcia,4722433906954229,Merchant: Watson-Simpson,gas_station,53.7,7,3.39,1,0,0,0
Daniel Merritt,4101251283370798,"Merchant: Moore, Thompson and Rodriguez",online_shopping,10.73,17,2.63,1,0,1,0
Robert Hicks,4030224279316634,Merchant: Lewis-Rodriguez,dining,75.19,13,1.36,0,0,0,0
Kenneth Washington,4418081478415233,Merchant: Wood and Sons,gas_station,25.37,2,24.28,1,0,1,0
Jessica Hoffman,4882803124387012,Merchant: Guerrero-Lopez,online_shopping,17.01,10,16.79,1,0,1,0
Lisa Riggs,4693140278491921,Merchant: White-Baker,electronics,14.64,8,18.98,0,0,0,0
Donna Mccarty,4372974593550625,Merchant: Baxter PLC,online_shopping,24.49,16,6.54,0,0,2,0
Eric Spencer,4204763301120514,"Merchant: Hernandez, Bonilla and Martin",electronics,6.19,11,5.44,0,0,0,0
Victoria Deleon,4498427788571012,"Merchant: Jones, Jones and Norris",grocery,273.26,9,16.89,0,0,1,0
David Roy,4739786451678852,"Merchant: Riddle, Carpenter and Turner",grocery,2.27,14,16.69,1,0,1,0
Nancy Rice,4518097013150803,Merchant: Delgado Inc,electronics,31.79,9,28.48,0,0,1,0
Daniel Brewer,4272974127822236,"Merchant: Ortiz, Adams and Moore",grocery,106.05,23,7.9,0,0,1,0
Becky Garcia,4232230970126822,Merchant: Carey PLC,online_shopping,39.53,15,0.15,1,0,0,0
Michael Smith,4334237436223983,"Merchant: Hernandez, Duke and Patel",dining,62.66,13,6.79,0,0,1,0
Katie Kaiser,4700662943972424,Merchant: Brown-Lopez,online_shopping,171.49,12,15.62,1,0,0,0
Amy Roberts,4793462907522770,"Merchant: Jones, Lawrence and Clark",grocery,26.55,8,12.58,0,0,3,0
Taylor Espinoza,4888714365393474,"Merchant: Hester, Aguilar and White",dining,67.64,8,19.33,0,0,1,0
David Aguirre,4032884044656594,Merchant: Kelley-Clark,dining,20.76,3,1.42,1,0,3,0
Kyle Armstrong,4836792089456127,Merchant: Jones Group,grocery,39.21,7,26.69,0,0,0,0
Jennifer Weber,4075791882661701,Merchant: Henderson-Nunez,grocery,91.1,15,22.71,0,0,0,0
Sheila Douglas,4363530046522974,Merchant: Pittman Group,electronics,158.73,12,14.8,1,0,2,0
Maria Malone,4807535948271681,Merchant: Ramirez Group,electronics,53.54,13,8.67,0,0,0,0
Megan Juarez,4133851663184982,Merchant: Garcia Inc,dining,61.63,17,14.74,1,0,2,0
Ann Boyd,4413457081775343,"Merchant: Conrad, Bauer and Crawford",gas_station,5.43,10,35.13,0,0,2,0
Richard Riley,4374799455309523,Merchant: Mcdonald-Vargas,online_shopping,22.58,10,2.74,0,0,0,0
Laura Thomas,4613800563474380,Merchant: Brooks-Farley,grocery,41.59,8,13.84,1,0,0,0
Elizabeth Barton,4882599785455508,Merchant: Austin-Stone,grocery,18.97,21,31.52,0,0,2,0
Laura Sparks,4158790480606795,Merchant: Mathews Group,grocery,70.4,12,23.23,0,0,1,0
Tiffany Zamora,4449392318205905,Merchant: Smith-Guerra,travel,8.27,12,3.57,0,0,2,0
Ryan Roman,4684089409434741,"Merchant: Mclaughlin, Miller and Hatfield",grocery,36.79,8,6.18,0,0,0,0
Richard Parsons,4979782686245830,Merchant: Stanley-Jones,electronics,6.35,15,16.5,0,0,3,0
Justin Yu,4409171472703931,Merchant: Snyder Inc,travel,12.58,11,3.16,0,0,1,0
Marcus Johnson,4498353362296778,"Merchant: Pitts, Brown and Barnett",grocery,19.83,15,3.92,0,0,1,0
Brittney Bowman,4063793255490415,"Merchant: Harrison, Miller and Sanders",online_shopping,55.35,16,5.42,1,0,1,0
Jason Snow,4586239139677437,Merchant: Wagner LLC,grocery,29.16,8,3.08,0,0,0,0
Carrie Lewis,4146717016452738,Merchant: Cantu-Beck,gas_station,13.12,8,27.23,0,0,0,0
Wendy Perez,4290133436946453,Merchant: Bradley-Morgan,grocery,19.8,15,23.78,0,0,0,0
Erika Bates,4450040177675207,"Merchant: Sanchez, Bishop and Dean",grocery,48.38,17,11.42,1,0,1,0
Marie Roach,4349941152992647,Merchant: Mclean-Fields,grocery,67.19,11,1.15,0,0,4,0
Mary Hoffman,4084108672403054,Merchant: Gates-Savage,grocery,19.99,19,0.54,0,0,1,0
Robert Mitchell,4658787476851935,Merchant: Reeves Ltd,electronics,24.93,4,4.42,0,0,0,0
Gregory Russell,4986327311298290,Merchant: Moran-Shepherd,electronics,34.22,5,2.91,0,0,0,0
Vicki Barrera,4804169937697087,Merchant: Mathis PLC,electronics,39.88,12,19.61,1,0,1,0
Jessica Johnson,4329567584931970,Merchant: Jones and Sons,electronics,39.36,17,8.46,1,0,2,0
Rachel Sullivan,4362714172228306,Merchant: Stanley LLC,grocery,14.51,5,21.87,0,0,0,0
Kimberly Thomas,4867828853783817,Merchant: Padilla-Gordon,grocery,15.84,20,1.32,1,0,0,0
Anna Pierce,4962340216466712,"Merchant: Wu, White and Martinez",travel,45.52,8,8.73,0,0,2,0
Haley Mccoy,4429862482922943,"Merchant: Richardson, Jackson and Perry",grocery,20.63,14,30.33,0,0,1,0
Claire Hoffman,4227115235781486,Merchant: Harris-Mcdonald,electronics,14.84,16,11.81,0,0,0,0
Annette Rivas,4802054058279919,Merchant: Church-Lawson,electronics,12.85,13,6.9,1,0,1,0
Pamela Aguirre,4041869056380406,"Merchant: Reed, Jenkins and Robbins",electronics,14.61,7,14.21,0,0,1,0
George Bradshaw,4455252654606796,"Merchant: Espinoza, Bishop and Jackson",gas_station,58.25,10,3.71,1,1,2,0
Ryan Waters,4688833458096968,"Merchant: Porter, Watson and Sanchez",online_shopping,45.18,10,9.34,0,0,0,0
Chase Matthews,4095675503764786,Merchant: Wilson-Martin,grocery,37.34,12,4.7,0,0,0,0
Sarah Nelson,4339007462869115,Merchant: Harris Ltd,dining,23.32,7,0.18,0,0,0,0
Sarah Wall,4506835877663161,Merchant: Flores-Terry,grocery,102.8,10,59.01,0,0,0,0
Paul Smith,4986405376704152,"Merchant: Taylor, Bailey and Brown",grocery,26.6,21,0.5,0,0,2,0
Kayla Burke,4061252060579930,Merchant: Prince Group,grocery,36.13,18,39.02,1,0,2,0
Jean Murillo,4121488514579567,"Merchant: King, Jones and Harvey",grocery,20.16,13,2.7,0,1,1,0
William Hughes,4560737711882424,Merchant: Nunez-Thompson,online_shopping,91.13,7,13.34,0,0,1,0
Brad Lee,4512532206194172,Merchant: Kennedy-English,online_shopping,22.45,8,20.75,1,0,2,0
Samantha Morrow,4714421402092107,Merchant: Smith Inc,grocery,61.6,13,12.14,1,0,3,0
Tony Brooks,4834863557754376,Merchant: Gonzales-Hernandez,online_shopping,21.51,12,31.84,0,0,0,0
Matthew Miller,4954125211169738,Merchant: Hart Group,dining,15.94,14,17.75,0,0,3,0
Angel Rojas,4654080043865263,"Merchant: Price, Fritz and Blair",grocery,19.72,8,9.21,0,0,0,0
Jason Thompson,4186053900905842,"Merchant: Thomas, Villarreal and Anthony",online_shopping,77.6,14,7.98,0,0,0,0
Christina Aguilar,4369565656663308,Merchant: Lee and Sons,dining,59.06,8,8.7,0,0,1,0
Jason Thomas,4254373167698758,Merchant: Ramirez Group,online_shopping,19.84,7,8.59,0,0,1,0
Connie Ramirez,4464606251048281,Merchant: Hahn PLC,electronics,14.68,16,4.89,0,0,1,0
Jon Ramos,4174546966264891,Merchant: Dixon Inc,dining,84.55,7,11.39,0,0,1,0
Christopher Klein,4301231995662698,"Merchant: Hall, Erickson and Wright",travel,40.46,23,14.58,0,0,0,0
Charles Powell,4955360649621971,Merchant: Turner-French,gas_station,67.85,17,12.63,1,0,1,0
Megan Carlson,4588608125113391,"Merchant: Cameron, Barrett and Crane",grocery,9.73,16,2.03,1,0,0,0
Justin Davis,4727094168406152,Merchant: Kelley-Horton,gas_station,59.14,17,4.65,0,0,2,0
Molly Mckenzie,4363561906283605,Merchant: Mason-Tanner,grocery,15.69,12,30.73,0,0,0,0
Tammy Hendrix,4651168031413759,Merchant: Riley Inc,online_shopping,68.98,7,4.16,0,1,1,0
Tara Jones,4612640407982060,Merchant: Moyer-Brown,grocery,125.56,3,5.54,0,0,0,0
Alison Zuniga,4315067926420713,"Merchant: Campbell, Lynch and Short",dining,28.78,14,10.47,0,0,1,0
Deborah Waller,4113871270839715,Merchant: Leonard and Sons,electronics,27.22,8,6.48,1,0,4,0
Jesse Davis,4348713408397579,"Merchant: Watson, Moss and Hall",gas_station,26.23,23,29.05,1,0,1,0
Timothy Howard,4349552257650079,Merchant: Bradley Ltd,grocery,85.74,13,13.5,1,0,2,0
Christina Moon,4491422347190575,Merchant: Jones-Galloway,online_shopping,26.47,12,6.79,1,0,1,0
John Ho,4179321544098749,Merchant: Hill-Griffin,travel,6.75,8,1.46,0,0,2,0
Daniel Ferrell,4826199890526985,"Merchant: Cole, Carlson and Peterson",online_shopping,35.68,11,32.88,1,0,5,0
Megan Miller,4488710695625142,Merchant: Williams-Wang,online_shopping,9.05,7,12.27,0,0,1,0
James Robinson,4589269631777184,"Merchant: Miller, Fisher and Fisher",gas_station,8.64,13,8.16,1,0,1,0
Roger Petty,4306121268342315,"Merchant: Martinez, Cross and Johnson",online_shopping,366.1,18,31.89,1,1,5,1
John Payne,4600587499453118,Merchant: Long-Smith,online_shopping,45.09,11,4.57,1,0,3,0
Jamie Lee,4290366840741983,"Merchant: Sullivan, Campos and Turner",online_shopping,72.0,13,2.06,0,0,3,0
Steven Gardner,4877318798781116,Merchant: Fowler Inc,dining,24.98,9,3.14,0,0,1,0
Kevin Barber,4278582106261260,Merchant: Martin-Ramirez,dining,5.6,12,14.71,0,0,2,0
Kenneth Williams,4408926026249876,Merchant: Ball Inc,dining,70.44,8,2.56,0,0,1,0
Elizabeth Williams,4495806953020330,"Merchant: Key, Moore and Caldwell",gas_station,33.21,19,16.75,0,0,0,0
Jessica Mitchell,4541393850379709,Merchant: Warren-Lin,dining,35.48,7,3.03,1,0,2,0
Jesse Fleming,4549157514044450,Merchant: Castaneda-Olson,grocery,68.98,12,20.07,0,0,3,0
Jennifer Ferguson,4760067733066550,Merchant: Robinson-Patterson,dining,12.04,7,9.32,0,0,1,0
Susan Figueroa,4212613716403247,Merchant: Avery Inc,online_shopping,74.73,7,11.05,1,0,1,0
Mr. Thomas Jones PhD,4357000711691742,Merchant: Smith Inc,travel,30.41,16,0.87,1,0,0,0
Sherry Shannon,4878614873146012,Merchant: Rivera-Gamble,grocery,52.15,10,19.6,0,0,2,0
Samantha Garcia,4475753143017111,"Merchant: Johnson, Singh and Contreras",grocery,4.12,10,13.16,1,0,0,0
Joseph Beltran,4658385277282895,Merchant: Thomas-Wilson,electronics,32.37,13,1.4,0,0,1,0
Joshua Navarro,4585512244948872,Merchant: Dalton-Walker,gas_station,22.46,13,0.19,0,0,1,0
Nicholas Obrien II,4934674484690933,"Merchant: Peterson, Meza and Carroll",electronics,16.81,10,0.57,1,0,3,0
Ronald Baxter,4366205704278774,Merchant: Thompson-Powell,electronics,44.2,10,450.0,1,1,5,1
Sherri Charles,4127816131688813,"Merchant: Kelley, Moran and Cox",online_shopping,122.82,9,14.05,0,0,2,0
Michael Flores,4990178556657201,"Merchant: Smith, Hanson and Gomez",electronics,10.74,9,16.74,0,0,2,0
Darryl Christensen,4712081332412544,Merchant: Lee Group,grocery,11.04,11,8.31,0,0,0,0
Allison Floyd,4013348536819097,Merchant: Ford Inc,travel,34.34,10,2.61,0,0,0,0
Michelle Patterson,4767496719471257,"Merchant: Mccoy, Jefferson and Klein",dining,16.81,14,17.55,0,0,1,0
Wendy Chavez,4937009111653771,Merchant: Flowers Ltd,gas_station,35.77,7,35.26,0,0,2,0
Jennifer Hurley,4462840616328391,"Merchant: Joseph, Russell and Farmer",electronics,78.3,21,7.75,1,0,1,0
Jared Chan,4775729854071494,Merchant: Savage and Sons,grocery,41.41,13,2.89,0,0,1,0
Ricky Diaz,4891621529382316,"Merchant: Jordan, Norman and Daniel",online_shopping,15.3,9,16.03,0,0,0,0
Joshua Miller,4104687156122062,"Merchant: Valdez, Arias and Ross",online_shopping,19.58,11,21.29,1,0,0,0
Catherine Soto,4715556504676551,"Merchant: Nelson, Archer and Roberts",electronics,20.17,17,5.09,0,0,1,0
Christopher Gay,4560572364748303,"Merchant: Hooper, Duarte and Hudson",grocery,6.86,18,30.23,0,0,0,0
Mary Smith,4907671462351184,Merchant: Hunter-West,electronics,16.32,9,0.61,0,0,1,0
William Giles,4224884581952776,Merchant: Burgess Ltd,grocery,27.68,11,19.82,1,0,1,0
Jennifer Hernandez,4131517678823557,Merchant: Thomas-Buckley,gas_station,20.4,13,24.12,1,0,1,0
Matthew Giles,4353275923519949,"Merchant: Williams, Garcia and Rose",dining,23.89,13,17.16,0,0,1,0
Kenneth Murphy,4380978785145383,Merchant: Caldwell Inc,dining,16.81,3,10.08,0,0,3,0
Jesus Wheeler,4283866470986369,Merchant: Benjamin PLC,electronics,81.6,10,29.88,0,0,1,0
Kevin Barton,4943395956422311,"Merchant: Gilbert, Brown and Frazier",electronics,53.97,6,0.51,0,0,2,0
Jeffrey Lynch,4490817225803978,Merchant: Gentry-Olson,dining,19.8,10,4.06,0,0,0,0
Joshua Smith,4781962364956910,Merchant: Garcia-Miller,grocery,45.16,13,60.52,0,0,1,0
Steven Johnson,4578401366220634,Merchant: Jacobs LLC,travel,18.12,9,1.58,0,0,1,0
Andrew Jacobs,4606602759454252,Merchant: Morris-Walter,online_shopping,90.53,9,15.01,0,0,2,0
Mary Daniels,4379805308169579,Merchant: Lopez Ltd,grocery,75.63,13,3.92,0,0,2,0
Linda Holt,4230744598305123,Merchant: Robinson and Sons,grocery,16.58,7,16.03,1,0,1,0
Dorothy Anderson,4063870781592185,"Merchant: Frank, Edwards and Jacobson",online_shopping,19.57,19,12.24,0,0,1,0
Gail Moss,4697752574641573,Merchant: Hodges-Roberts,dining,33.96,11,22.85,0,0,3,0
Lori Holland,4808663164895931,Merchant: Webb Group,online_shopping,9.66,10,14.99,0,0,0,0
Jesse Gardner,4361038748716441,Merchant: Chang LLC,electronics,38.83,8,0.58,1,1,2,0
Robert Durham,4690200533164003,Merchant: Moreno-Phillips,travel,24.23,7,7.91,0,0,0,0
Jessica Kelly,4965891497651908,"Merchant: Kelly, Medina and Chandler",online_shopping,87.94,9,10.91,0,0,1,0
Steven Morales,4749938379785701,Merchant: Smith-Kerr,online_shopping,5.09,7,9.73,1,0,1,0
Craig Hammond,4707977004252760,Merchant: Hodges Inc,dining,22.14,6,21.28,1,0,1,0
Allison Gilbert,4953410744303207,Merchant: Sloan-Harper,grocery,101.64,12,31.5,1,0,2,0
Richard Stuart,4401841864223593,"Merchant: Freeman, Cook and Williams",grocery,20.47,13,13.7,0,0,2,0
Mark Mcpherson,4053962489754829,"Merchant: Edwards, Allen and Wells",dining,14.89,14,20.73,0,0,1,0
Joseph Cruz Jr.,4871263426724375,Merchant: Richardson-Randolph,grocery,33.23,18,0.1,0,0,1,0
Suzanne Wagner,4408286631892903,"Merchant: Miller, King and Morrison",gas_station,68.98,8,0.8,0,0,0,0
Brittany Flowers,4544014015250307,"Merchant: Ross, Christensen and Pearson",dining,12.33,15,18.03,1,0,0,0
Kenneth Snyder,4646417313580993,Merchant: Hendrix-Thomas,online_shopping,18.99,3,0.62,0,0,0,0
Rachel Patel,4567268111041455,Merchant: Winters Group,electronics,40.09,16,9.79,1,0,0,0
April Schneider,4749064635114014,Merchant: Zhang and Sons,grocery,24.68,8,8.51,0,0,1,0
Rebecca Wood,4848539313895570,"Merchant: Crosby, Tran and Lee",dining,116.43,13,10.02,1,0,0,0
Sonya Alvarado,4794365532327334,Merchant: Vang PLC,electronics,51.3,10,2.19,0,0,1,0
Nicole Price,4918025022665285,Merchant: Shaw Ltd,grocery,41.53,9,12.21,1,0,0,0
Evelyn Bryant,4648131224304967,"Merchant: Walton, Thompson and Patel",dining,73.35,16,0.69,1,0,0,0
Michael Jackson,4644132207108429,Merchant: Higgins-Stewart,grocery,54.21,9,0.9,1,0,1,0
Casey Francis,4658928488159061,"Merchant: Schwartz, Ray and Watkins",electronics,42.07,11,3.99,0,0,1,0
Debra White,4929221426484764,"Merchant: Lopez, Holden and Sexton",grocery,32.18,9,5.17,0,0,1,0
Julia Long,4173141088783464,Merchant: Anderson-Mathews,travel,92.84,20,20.38,0,0,0,0
Ronald Carr,4884524345243689,Merchant: Andrews-Todd,online_shopping,76.7,17,3.27,0,0,1,0
David Lynn,4170838797004081,Merchant: Thompson-Wright,dining,45.58,10,37.99,0,0,1,0
Nancy Bradford,4321757514695468,"Merchant: Reilly, Jarvis and Welch",grocery,19.17,9,9.95,0,0,2,0
Sandra Walker,4768231457611023,"Merchant: Johnson, Ball and Skinner",travel,47.37,14,40.76,0,0,4,1
Kimberly Valenzuela,4514464841326977,Merchant: Perry Inc,grocery,29.48,9,3.05,0,0,0,0
Ashley Sullivan,4793285864271572,Merchant: Arellano LLC,online_shopping,22.86,12,1.5,1,0,0,0
Michael Moon,4163943665112278,Merchant: Walker-Murray,grocery,18.78,6,28.21,0,0,1,0
Philip Bowen,4731987406215273,Merchant: Glover-Lynch,dining,41.73,14,5.84,1,0,1,0
Cassandra Landry,4818556954571753,Merchant: Thomas-Ruiz,gas_station,28.21,13,2.95,0,0,4,0
Wayne Jackson,4614220798273078,Merchant: Gordon-Ward,dining,49.19,8,14.95,1,0,0,0
Connie Neal,4207053420263495,Merchant: Campbell Group,grocery,95.97,16,0.9,1,0,0,0
Lawrence Parks,4070851941210315,Merchant: Navarro Inc,gas_station,28.62,10,4.2,0,0,2,0
Scott Ayers,4538316153908309,"Merchant: Smith, Carter and Johnson",grocery,56.52,19,13.55,0,0,1,0
Michael Wood,4237796443912092,Merchant: Thompson-Thompson,dining,17.07,20,0.79,0,0,2,0
Matthew Stone,4371703548071994,Merchant: Mccall Group,grocery,34.35,0,15.38,0,0,0,0
Tiffany Hansen,4196407601500435,"Merchant: Joseph, Reyes and Guzman",online_shopping,28.1,11,4.72,0,0,0,0
Frank Freeman,4286914132704395,Merchant: Mitchell-Robbins,grocery,38.73,16,0.9,0,0,1,0
Samantha Walker,4798303231109386,"Merchant: Jacobson, Johnson and Taylor",grocery,33.67,12,10.37,1,0,1,0
Mark Wilson,4881295656359728,Merchant: Lawrence-Mccall,travel,10.46,16,2.48,0,0,3,0
Kayla Ray,4123689297569885,Merchant: Ford and Sons,grocery,43.56,16,2.25,0,0,1,0
Ashley Olson,4471494974692375,"Merchant: Galvan, Daniels and Moreno",travel,101.97,6,17.42,0,0,1,0
Mr. Joseph Bush,4017943433780487,"Merchant: Warren, Collins and Jenkins",electronics,63.4,8,5.76,0,0,0,0
Debra Johnson,4729312286835120,Merchant: Wu LLC,grocery,44.25,15,55.92,0,0,3,0
Christine Parker,4425634431216907,Merchant: Cook-Gates,grocery,21.81,11,17.09,0,0,0,0
Jesse Murphy,4793969068287001,"Merchant: Bailey, Martinez and Zhang",online_shopping,26.49,4,6.28,1,0,2,0
Brian Daniel,4625996214926145,Merchant: Hebert-Harris,travel,31.73,9,8.41,0,0,0,0
Stephen Roth,4519486756836331,Merchant: Hudson-Coleman,dining,84.32,16,0.87,0,0,1,0
Ryan Warren,4193338246609377,Merchant: Hartman LLC,dining,9.11,2,5.78,1,0,1,0
Jeffery York,4282015506752012,"Merchant: Rogers, Tran and Cummings",dining,92.32,12,12.55,1,0,0,0
Tyler Baker,4032144654499862,"Merchant: Gray, Davis and Chavez",grocery,33.07,8,0.96,0,0,1,0
Melissa Schneider,4652272043814126,Merchant: Taylor-Jones,grocery,41.17,1,2.81,1,0,1,0
Trevor Sparks,4455664457720089,"Merchant: White, Kemp and Terry",grocery,25.58,12,4.14,1,0,1,0
Hector Bryant,4508045895428526,"Merchant: Caldwell, Castillo and Harris",gas_station,63.05,15,6.35,0,0,2,0
Theresa Martinez,4158998322428498,"Merchant: Ruiz, Schultz and Lucero",online_shopping,18.01,21,45.82,1,0,1,0
Kaitlyn Brown,4386661601079457,Merchant: Knight Inc,gas_station,35.92,17,2.41,0,0,2,0
Bonnie Woods,4985499157956199,Merchant: Cabrera PLC,online_shopping,35.22,18,0.2,0,0,1,0
Carlos Kirk,4721789402667651,"Merchant: Good, Mcguire and Brown",travel,96.03,8,18.93,1,0,1,0
Selena Bailey,4388538053343268,Merchant: Bates-Martin,electronics,29.01,14,13.24,1,0,0,0
Chad Rivera,4882768815088502,Merchant: Moore-Perry,grocery,27.1,10,4.68,1,0,0,0
Rhonda Patterson,4299907765828072,Merchant: Clark Ltd,grocery,45.69,21,7.96,0,0,1,0
Frederick Mejia,4735867428058867,Merchant: Lewis-Fox,grocery,60.61,13,5.43,1,0,0,0
Rebecca Cole,4503091371283790,Merchant: Landry and Sons,online_shopping,19.19,8,9.04,0,0,1,0
Edwin Jackson,4002736379358947,Merchant: Graves-Johnson,online_shopping,23.77,19,13.99,0,0,1,0
George Rogers DDS,4143725984941924,Merchant: Rose-Cole,grocery,55.87,7,0.1,0,0,1,0
Kimberly Morgan,4892850274940601,Merchant: Pollard and Sons,grocery,40.7,6,5.62,0,0,0,0
Tracey Hogan,4783703939687673,Merchant: Alvarez-Gonzalez,electronics,38.8,9,8.96,0,0,1,0
Micheal Austin,4223739220307504,Merchant: Sparks Group,gas_station,6.64,9,12.96,1,0,0,0
Carl Rubio,4702660790298073,Merchant: Proctor-Blanchard,online_shopping,15.04,15,3.41,0,1,0,0
Tracy Burnett,4216049018926500,"Merchant: Sanchez, Hicks and Gregory",online_shopping,18.7,16,1.5,0,0,0,0
Gary Taylor,4399156834347115,"Merchant: Griffin, Hanson and Ross",grocery,28.96,1,1.43,0,0,1,0
Sonya Williams,4513959274681625,Merchant: Gaines-Ramirez,electronics,17.88,6,1.23,1,0,0,0
Jacqueline Hall,4268837157140694,Merchant: Lee Group,electronics,296.14,16,5.0,1,1,4,1
Crystal Mullen,4471123517359578,"Merchant: Smith, Jenkins and Sanchez",dining,24.39,23,13.45,0,0,1,0
Shawn Ware,4449376313108552,Merchant: Castro-Mullins,electronics,16.18,4,5.69,1,0,3,0
Rebecca Oneill,4049917654941772,Merchant: Hoffman-Jones,grocery,82.9,11,14.81,0,0,1,0
Aaron Morgan,4582316586470260,Merchant: Hernandez-Kelly,dining,37.25,11,5.34,0,0,1,0
Damon Schultz,4168047436946801,Merchant: Stone and Sons,dining,17.05,7,9.23,0,0,1,0
Catherine Garcia,4463541530538631,"Merchant: Shaw, Morse and Smith",grocery,43.59,9,7.83,0,0,1,0
Samuel Warren,4725392914696858,Merchant: Tran PLC,online_shopping,14.24,10,3.93,1,0,0,0
Kevin Carney,4267390869438379,Merchant: Nichols Inc,dining,13.22,13,21.3,0,0,1,0
Jonathan Jefferson DVM,4025528400353242,Merchant: Pham PLC,dining,15.76,15,3.27,0,0,2,0
Jerry Walsh,4576883351660779,Merchant: Keller-Long,grocery,22.75,9,9.63,1,0,0,0
Travis Day,4866737886867193,Merchant: Rodriguez PLC,grocery,17.99,0,40.17,1,0,2,0
Aaron Diaz,4132092326772274,"Merchant: Ibarra, Phillips and Robinson",grocery,15.04,9,0.16,1,0,1,0
Nancy Jackson,4723232907568189,Merchant: Cook-Short,dining,30.01,11,29.2,0,0,1,0
Daniel Benjamin,4955774476961906,Merchant: Webster-Bray,dining,12.7,10,5.29,0,0,2,0
Renee Thompson,4692109830924506,Merchant: Hines-Johnson,dining,53.32,9,24.41,0,0,1,0
Rose Mclaughlin,4496870893616226,Merchant: Chaney Ltd,electronics,16.29,13,4.94,1,0,1,0
Arthur Gonzalez,4700261669534326,"Merchant: Hill, Oneill and Leblanc",electronics,27.73,7,3.01,0,0,0,0
Ryan Smith,4064600155166079,Merchant: Taylor-Tran,grocery,23.5,21,9.54,0,0,0,0
Brandon Bennett,4898658309836643,Merchant: Fowler-Ramirez,dining,128.22,14,2.19,0,0,0,0
Brandon Sanchez,4650765673857515,"Merchant: Anderson, White and Washington",electronics,10.37,11,4.58,0,0,0,0
Christopher Robbins,4145224149109054,Merchant: Martin-Krause,grocery,73.33,13,12.54,1,0,0,0
Alexander Martin,4904004441817690,Merchant: Garza-Cox,grocery,54.57,11,27.91,1,0,0,0
Joseph Miller,4508370065868925,"Merchant: Santos, Sullivan and Evans",grocery,28.44,16,5.52,0,0,1,0
Richard Yoder,4379206380769693,"Merchant: Gordon, Cantrell and James",gas_station,36.68,9,5.29,0,0,0,0
Frank Francis,4290064384282395,Merchant: Carey-Tucker,electronics,36.18,12,8.36,1,0,2,0
Mark Webb,4391638888705270,Merchant: Cisneros LLC,grocery,6.32,14,7.37,0,0,1,0
Scott Mcmahon,4837354866914254,"Merchant: Hart, Vaughn and Ortiz",grocery,13.36,14,14.79,1,0,0,0
Luke Dixon,4425559928533870,Merchant: Dixon Ltd,grocery,11.55,6,4.05,1,0,0,0
Mckenzie Chavez,4575824083415851,"Merchant: Willis, Perry and Steele",online_shopping,18.42,5,10.72,0,0,1,0
Kristen Blair,4936605537829159,"Merchant: Harris, Morton and Donovan",dining,49.76,5,12.44,0,0,1,0
Joshua White,4071627854742901,Merchant: Schultz PLC,online_shopping,71.55,13,13.16,0,0,2,0
Bryan Harrison,4789584295249678,Merchant: Mata-Bowman,grocery,15.52,16,12.64,0,0,2,0
Michael Gonzalez,4696191238050833,"Merchant: Taylor, Sims and Erickson",dining,17.09,12,8.58,1,0,0,0
Monica Frost,4504258538683514,Merchant: Smith-Stephens,online_shopping,7.67,12,0.1,1,0,0,0
Tracy Frye,4903593756388561,"Merchant: Smith, Potter and Willis",gas_station,24.55,13,6.77,0,0,4,0
Erika Thompson,4319355642927780,Merchant: Bowen-Barnes,dining,4.75,23,15.18,1,0,0,0
Latasha Mendez,4368131434204245,Merchant: Nelson-Benton,dining,96.75,16,25.46,0,0,1,0
Sierra Moses,4976848490006032,Merchant: Nixon-Kane,grocery,179.84,11,13.2,0,0,2,0
Rebecca Sandoval,4296989314566257,Merchant: Miller and Sons,grocery,31.73,10,8.17,0,0,1,0
Margaret Young,4825164653019389,Merchant: Alvarez-Montgomery,online_shopping,87.93,15,7.84,0,0,2,0
Cynthia Jackson,4404775152566288,Merchant: Norris-Holmes,grocery,50.04,8,5.39,0,0,2,0
Michaela Sanchez,4253021673804763,"Merchant: Murray, Anderson and Sanchez",grocery,11.89,12,15.05,0,0,2,0
Stephanie Harris,4783901838440398,Merchant: Lamb and Sons,grocery,12.3,12,15.25,1,0,1,0
Elizabeth Butler,4103490225590612,Merchant: Daniel Group,gas_station,14.87,12,0.83,0,0,0,0
Matthew Mclaughlin PhD,4223530336798326,"Merchant: Cuevas, Miller and Brown",grocery,40.86,17,2.84,1,0,2,0
Robert Roberts,4661268118249320,Merchant: Alexander Group,grocery,19.17,10,0.29,0,0,1,0
Laura Green,4255744456935839,"Merchant: Clark, Wilcox and Gordon",gas_station,42.49,19,19.53,1,0,1,0
Robert Hampton,4410326788796618,Merchant: Gomez and Sons,gas_station,42.93,13,11.96,0,0,1,0
Molly White,4301444410486896,"Merchant: Torres, Dunlap and Jacobson",dining,48.29,12,4.61,0,0,3,0
Roger Valencia,4637661448906596,"Merchant: Sellers, Smith and Manning",grocery,18.91,14,4.02,0,0,0,0
Cody Thompson,4793013105716993,Merchant: Harmon PLC,grocery,33.55,12,9.23,0,0,0,0
Anthony Wright,4391856867484754,Merchant: Blackburn PLC,grocery,67.83,14,8.66,0,0,1,0
Julie Rose,4218754065702245,"Merchant: Meyers, Crawford and Wells",online_shopping,35.33,3,22.73,0,0,5,0
Mr. John Woodard MD,4852771305976182,Merchant: Hurley Group,dining,10.0,11,32.82,1,0,3,0
Kristin Herman,4155133412315032,Merchant: Harris LLC,dining,64.79,12,5.45,0,1,3,0
Chase Burnett,4777474673896007,Merchant: Green Inc,online_shopping,15.4,15,44.47,1,1,1,0
Annette Mcguire,4320663177122801,"Merchant: White, Ortiz and Meyer",grocery,77.28,10,15.07,1,0,0,0
Richard Roy,4424166072998957,"Merchant: Nunez, Delacruz and Wallace",dining,8.02,16,11.59,0,0,0,0
Carrie Ware,4345756834822770,"Merchant: Grant, Martinez and Parker",grocery,49.59,7,7.06,0,0,1,0
Julian Obrien,4484333362489009,Merchant: Buchanan Group,grocery,16.4,12,2.99,0,0,1,0
Stacey Stone,4190938761473324,Merchant: Leon Group,online_shopping,84.19,6,13.48,0,1,1,0
Laura Bailey,4063399534103454,Merchant: Castro-Hess,grocery,43.69,20,10.38,0,0,1,0
Patrick Bush,4501453073002294,"Merchant: Merritt, Griffin and Price",dining,35.22,18,6.67,1,0,0,0
Jose Lopez,4077376555044621,Merchant: Phelps Ltd,grocery,7.98,16,9.65,0,0,1,0
Jennifer Brown,4036999575380293,Merchant: Wallace-Snyder,grocery,27.56,11,0.57,0,0,0,0
Nicole Bright,4202802132640118,Merchant: Singh-Michael,grocery,21.1,11,1.39,0,0,3,0
Christina Ramirez,4628927930815558,"Merchant: White, Rivers and Curtis",electronics,55.19,11,6.69,0,0,2,0
Thomas Brewer,4786130858500173,"Merchant: Hammond, Molina and Blair",electronics,24.23,8,8.75,0,0,1,0
Sarah Berry,4920990727809080,"Merchant: Torres, Stafford and Yang",online_shopping,15.69,10,4.86,1,0,1,0
Austin Conley,4259463089646962,"Merchant: Martinez, Andrews and Walls",grocery,21.68,8,27.77,0,0,2,0
Daniel Luna,4434134999255495,"Merchant: Mitchell, Silva and Flores",grocery,17.91,7,27.27,0,0,0,0
Sharon Johnson,4952892167223403,Merchant: Smith-Brooks,dining,53.19,20,3.23,0,0,1,0
Kenneth Maxwell,4879573637599537,"Merchant: Elliott, Hughes and Cooper",online_shopping,50.53,4,0.54,1,0,0,0
Laurie Bailey,4466896761361732,Merchant: Holmes-Ayala,online_shopping,50.92,15,0.62,1,0,0,0
Eric Woods,4965403568742911,"Merchant: Morrison, Moody and Flynn",electronics,8.24,10,21.8,0,0,1,0
Nancy Lee,4930431130121555,"Merchant: Spears, Hood and Hancock",dining,53.45,12,0.67,0,0,1,0
Christina Smith,4017922566418743,"Merchant: Potter, Dixon and Fletcher",grocery,18.95,6,9.08,0,0,1,0
John Clark,4948806406858065,Merchant: Armstrong Ltd,grocery,47.09,5,27.52,0,0,0,0
Anna Ponce,4349597958232479,"Merchant: Adams, Johnson and Pennington",gas_station,34.02,12,7.59,0,0,0,0
Anthony Hernandez,4146277208079484,Merchant: Morgan-Arnold,travel,109.14,14,11.85,0,0,0,0
Daniel Wilson,4553810666128165,"Merchant: Warren, Kent and Gallegos",dining,44.49,12,14.32,0,0,1,0
Melody Stevens,4132096358792126,Merchant: Phelps Group,grocery,25.15,6,25.2,0,0,1,0
Matthew Brown,4916039989890523,Merchant: Hall and Sons,grocery,27.79,17,11.35,1,0,3,0
Nichole Davis,4525741922915340,Merchant: Evans and Sons,travel,26.04,9,41.31,0,0,0,0
James Anderson,4191987875827353,Merchant: Gallegos Ltd,grocery,41.92,10,4.76,1,0,2,0
Bryan Griffith,4232610027031440,Merchant: Colon Group,gas_station,33.24,15,7.87,0,0,0,0
Nathan Stanley,4510110900537095,"Merchant: Smith, Walsh and Carter",dining,14.71,20,4.19,0,0,0,0
Olivia Randolph,4172928832298372,"Merchant: Camacho, Andrade and Smith",dining,59.47,14,7.67,1,0,2,0
Marcus Blair,4612207073197173,Merchant: Jimenez-Patel,grocery,35.25,7,1.49,0,0,0,0
Kenneth Reynolds,4762837967566378,"Merchant: Vargas, Brown and Austin",dining,26.29,1,8.85,0,0,1,0
Joshua Guerrero,4373354724018918,"Merchant: Romero, Owen and Rogers",grocery,59.55,9,22.29,0,0,0,0
Shawn Shepherd,4991085688615552,"Merchant: Torres, Warren and Dixon",online_shopping,58.9,3,77.37,0,0,6,1
Ashley Duran,4513592076679883,"Merchant: Bauer, Wright and Murphy",grocery,28.1,11,13.35,1,0,0,0
Brian Mitchell,4842758466234496,Merchant: Weber-Burns,online_shopping,77.75,11,0.51,1,1,0,0
Melanie Garrett,4227876187057080,Merchant: Lopez Ltd,online_shopping,11.33,8,13.79,1,0,3,0
George Smith,4091343429664317,Merchant: Marsh and Sons,grocery,21.93,13,15.06,0,0,2,0
Vicki Hernandez,4188518216420007,Merchant: Bryan-Reed,online_shopping,73.33,21,19.42,0,0,0,0
Carl Larsen,4987869728099570,Merchant: Garrison-Wagner,gas_station,12.19,7,14.67,0,1,1,0
Mercedes Richardson,4010353048476975,Merchant: Reyes-Diaz,grocery,11.46,11,6.03,0,0,0,0
Mikayla Franco,4971647990974227,Merchant: Ramirez-Cabrera,grocery,32.09,7,28.72,0,0,2,0
Patrick Rios,4502913930239297,Merchant: Bean-David,gas_station,82.87,15,25.22,0,0,1,0
Cindy Estrada,4496733106009623,Merchant: Edwards and Sons,dining,34.69,13,9.41,1,0,0,0
Bethany Neal,4594805869195632,Merchant: Fields-Davis,online_shopping,29.93,6,6.42,0,0,0,0
Alan Davis DVM,4865160486912908,Merchant: Jones Group,gas_station,39.65,7,4.84,0,0,0,0
Donald Coleman,4582821135916135,Merchant: Lewis Inc,electronics,14.48,12,2.4,0,0,3,0
Gabriel Richardson,4570594829298474,"Merchant: Yates, Moore and Williams",grocery,23.79,8,0.52,1,0,2,0
Thomas Lewis,4501693933615906,"Merchant: Gilmore, Daniels and Schroeder",electronics,51.27,23,33.28,1,0,2,1
Todd Beasley,4266716256266570,Merchant: Carroll-Singh,gas_station,33.59,11,2.44,0,0,2,0
Allison Branch,4657458028240214,"Merchant: Gonzalez, Knight and George",online_shopping,74.98,13,16.67,0,0,2,0
Jenny Cox,4192370266919155,Merchant: Hill-Larsen,online_shopping,15.66,9,3.36,1,0,1,0
David Simpson,4265213652439432,"Merchant: Burns, Oconnell and Lopez",dining,73.96,7,0.15,0,0,2,0
Kyle Brown,4684006586158430,"Merchant: Marshall, Duran and Harrison",electronics,55.84,14,1.62,1,0,0,0
Tracey Reynolds,4814918824367586,"Merchant: Neal, Norman and Miller",grocery,10.36,17,0.61,0,0,1,0
Alison Perez,4066227712102070,Merchant: Cole-Nicholson,grocery,30.35,11,68.24,0,0,1,0
Douglas Santos,4321056901716452,Merchant: Sellers LLC,dining,71.29,17,22.68,0,0,1,0
Grace Green,4411251738417504,Merchant: Thomas-Smith,dining,78.07,13,33.52,0,0,2,0
Samantha Cohen,4278311695235935,Merchant: Munoz Ltd,grocery,76.16,4,3.82,0,0,2,0
Courtney Page,4209032400721217,Merchant: Martinez-Hoffman,grocery,73.03,16,11.17,0,0,2,0
David Martinez,4854270209455748,Merchant: Allen Ltd,online_shopping,216.36,15,17.35,0,0,0,0
Susan Sullivan,4399043316820779,Merchant: Buckley-Thomas,grocery,32.46,14,5.65,0,0,2,0
Thomas Bowman MD,4275320613419276,Merchant: Rodgers PLC,electronics,16.56,8,0.22,0,0,1,0
Elizabeth Brown,4339745021453117,Merchant: Sandoval Group,grocery,44.73,10,13.04,0,0,4,0
Michael Bolton,4974978664391324,"Merchant: Ayala, Ellis and Davis",grocery,44.6,10,4.45,0,0,1,0
Jeffery Thompson,4145509254083452,Merchant: Roberson Inc,grocery,34.42,14,2.27,0,0,1,0
John Rodriguez,4291958709526361,Merchant: Navarro LLC,dining,12.88,7,41.32,0,0,0,0
Danielle Hamilton,4742258539635028,Merchant: Adams-Melton,dining,26.78,0,4.87,0,0,0,0
Justin Hammond,4557087476528688,"Merchant: Norton, Norton and Simpson",grocery,14.81,5,6.51,0,0,2,0
Kayla Williams,4843247611434382,Merchant: Young LLC,electronics,28.69,23,11.56,0,0,1,0
Thomas Sparks,4350689744468719,Merchant: Johnson-Simpson,grocery,51.0,14,2.49,0,0,0,0
Ashlee Ross,4490955298071790,"Merchant: Wall, Robertson and Rodriguez",online_shopping,49.3,5,1.23,0,0,2,0
Ann Martin,4532170911778645,Merchant: Thomas Group,dining,22.83,18,3.39,1,0,1,0
Kimberly Black,4465889492147588,Merchant: Murray LLC,grocery,15.91,19,44.57,0,0,1,0
Meagan West,4704099264369029,Merchant: Aguilar-Taylor,gas_station,29.46,22,1.18,0,0,1,0
Andre Cortez,4855251612954013,Merchant: Waller and Sons,gas_station,59.41,12,20.78,0,0,2,0
Michele Ford,4955989834370240,Merchant: Atkins Ltd,grocery,109.32,6,1.35,1,0,0,0
Andrew Chavez,4052835963300379,"Merchant: Brown, Golden and Thomas",dining,20.11,17,5.3,0,0,1,0
Joel Perez,4172714778096024,Merchant: Simpson Group,grocery,4.84,13,13.27,1,0,0,0
Anthony Berg,4158128704793208,Merchant: Perez-Baldwin,grocery,27.75,15,36.93,0,0,0,0
Joseph Hill,4242636326184760,Merchant: Randall Inc,grocery,5.23,14,11.82,1,0,2,0
Robert Thompson,4693712183538416,Merchant: Ruiz LLC,dining,70.92,9,6.82,1,0,2,0
Allison Cunningham,4731063815180498,Merchant: Miller-Middleton,online_shopping,27.39,6,9.94,1,0,0,0
Joseph Rice,4377027002100584,Merchant: Solis Group,grocery,11.29,15,46.62,0,0,0,0
Jeffery Jordan,4998262665680429,"Merchant: Alexander, Burch and Deleon",dining,46.22,10,1.65,0,0,0,0
Allen Martinez,4038853671765345,"Merchant: Martinez, Fuentes and Barnett",dining,22.9,19,32.53,0,0,1,0
Cristian Lambert,4383521418047183,Merchant: Robinson Inc,gas_station,64.56,7,4.09,0,0,1,0
Christina Powell,4031011274705401,Merchant: Church-Bernard,grocery,19.24,2,10.39,1,0,1,0
Tamara Gonzales,4670621544647971,Merchant: Lewis-Shaw,electronics,49.35,8,0.18,0,0,0,0
Jeffrey Long,4185743866250289,"Merchant: Moore, White and Walls",grocery,14.71,6,12.48,0,0,3,0
Angela Richards,4518185381243837,Merchant: Stone-Graham,electronics,25.78,14,3.72,0,0,3,0
Sandra Lyons,4141009578294194,"Merchant: Williams, Gordon and Baker",grocery,181.34,16,7.39,0,0,2,0
Andrew Whitney,4653048272155038,"Merchant: Mullins, Griffin and Lane",online_shopping,18.29,11,2.63,1,0,2,0
Jeffery Collins,4801168218740643,"Merchant: Lynch, Noble and Moreno",online_shopping,12.38,9,11.47,1,0,0,0
Kevin Fischer,4207355620229493,Merchant: Reese-Thompson,grocery,7.18,7,63.54,1,0,2,0
Amber Chapman,4513198948470715,Merchant: Chen and Sons,online_shopping,21.09,12,0.21,0,0,1,0
Becky King,4302156013994766,Merchant: Hernandez Ltd,grocery,168.05,10,2.69,0,0,1,0
Matthew Richards,4984576210520681,Merchant: Miles-Thompson,grocery,34.32,7,0.92,0,0,0,0
Teresa Jones,4069613873435713,Merchant: Huerta PLC,gas_station,11.87,12,13.95,0,0,2,0
Nicole Hodge,4023477047290239,Merchant: Cobb-Watts,grocery,46.36,12,2.31,0,0,2,0
Debra Smith,4393729981876320,"Merchant: Thompson, Mcguire and White",gas_station,40.0,18,15.06,0,0,2,0
Zachary Jones,4108144093069481,Merchant: Aguilar Inc,grocery,40.13,19,10.52,0,0,3,0
Amanda Bishop,4721484634627711,"Merchant: Williams, Hughes and Lopez",grocery,75.05,12,0.94,0,0,3,0
Rhonda Evans,4254633072731253,"Merchant: Stanley, Fleming and Valdez",electronics,35.53,8,2.27,0,0,1,0
Samantha Noble,4966146956142660,Merchant: Russo Ltd,grocery,29.79,11,24.43,0,0,2,0
Larry Fritz,4533920330098986,Merchant: Patterson-Taylor,grocery,25.5,18,10.94,1,0,0,0
Maria Gonzalez,4961574434288117,Merchant: Peterson LLC,dining,60.42,15,47.69,0,0,0,0
Melinda Cervantes,4629820107228714,Merchant: Ward-Carpenter,dining,236.13,10,6.49,0,0,1,0
Justin Carter,4648878983373209,Merchant: Murray-Newman,electronics,30.95,16,23.78,0,0,2,0
James Garcia,4535396540278650,Merchant: Terry-Romero,dining,20.41,7,6.46,1,0,1,0
Dustin Williams,4074168811346988,"Merchant: Thomas, Burke and Sandoval",grocery,172.24,15,4.37,1,0,0,0
Derek Hall,4198553893175002,Merchant: Larson-Pearson,grocery,31.29,7,13.47,0,0,1,0
Frank White,4614880193943490,Merchant: Rivers PLC,dining,31.94,6,3.3,1,0,3,0
Tracy Santiago,4871344391593670,Merchant: Cox-Clark,electronics,16.2,18,30.42,1,0,1,0
Lauren Barr,4359464575262131,"Merchant: Bridges, Blackburn and Hubbard",grocery,68.86,15,36.31,0,0,1,0
Jill Smith DDS,4879602041558308,Merchant: Foster-Hood,dining,25.16,18,2.0,1,0,0,0
Carmen Jordan,4916463121283316,"Merchant: Sutton, Kerr and Guerra",gas_station,16.81,9,9.59,0,0,3,0
Mary Johnson DDS,4906929512490928,Merchant: Molina-Williams,dining,33.29,9,5.15,0,0,3,0
Sally Fernandez,4890009132531126,"Merchant: Martin, Dodson and Castaneda",online_shopping,33.72,14,15.8,0,0,0,0
Brandon Brown,4472700318513252,Merchant: Gillespie and Sons,travel,52.93,7,12.78,1,0,1,0
Maurice Johnson,4530346585550245,Merchant: Goodwin Group,grocery,23.91,5,7.37,0,0,1,0
Lori Davis,4604110374086006,"Merchant: Lopez, Hammond and Graham",grocery,91.23,8,6.57,1,0,2,0
Taylor Acevedo,4512664978443766,"Merchant: Gross, Mccarthy and Love",gas_station,20.66,18,9.81,0,0,1,0
Cynthia Cohen,4092594452879144,Merchant: Alvarado-Orozco,grocery,35.3,18,7.53,0,1,2,0
Laura Larson,4341579192912684,Merchant: Stanley and Sons,online_shopping,34.29,22,23.69,1,0,1,0
Penny West,4716711007985194,Merchant: Price-Harper,online_shopping,123.3,21,103.83,1,0,7,1
Brian Daugherty,4180439969271760,Merchant: Castaneda-Bond,grocery,33.9,15,16.47,1,0,2,0
Monica Medina,4431752303526021,Merchant: Williams Ltd,grocery,61.89,13,8.06,0,0,2,0
Tracey Reilly,4869663573462329,"Merchant: Jacobs, Thomas and Cook",online_shopping,54.7,9,6.42,1,0,1,0
Robin York,4682419753328409,Merchant: Duffy PLC,online_shopping,46.55,7,5.53,0,0,0,0
Tanya Shannon,4942350333656413,"Merchant: Allen, Johnson and Thompson",gas_station,79.46,13,3.17,0,0,3,0
Charles Chang,4623092707868911,Merchant: Phillips Ltd,grocery,39.94,9,2.33,1,0,0,0
Spencer Kelly,4087292429990634,"Merchant: Potter, Mills and Crawford",travel,31.46,17,7.51,0,0,3,0
Tammy Duncan,4773923251126835,"Merchant: Edwards, Rich and Daniels",grocery,65.88,7,7.26,0,0,0,0
Jonathon Kim,4174301719910659,Merchant: Smith-Martinez,dining,16.62,14,7.06,0,0,1,0
Christopher Cain,4745809974164929,"Merchant: Gonzalez, Benton and Patel",electronics,14.98,13,8.43,1,0,0,0
Anthony Wells,4305593194260210,Merchant: Green-Peterson,gas_station,61.26,17,4.53,0,0,2,0
Brandon Kirby,4299578589001673,Merchant: Turner-Higgins,gas_station,32.33,14,2.94,1,0,2,0
Jamie Miller,4739562381277846,"Merchant: Graham, Rich and Abbott",dining,39.34,7,2.02,0,0,0,0
Anna Wong,4168897274856136,"Merchant: Smith, Moses and Hess",gas_station,16.82,18,7.49,0,0,1,0
Christopher Macdonald,4626287344876213,"Merchant: Davis, Fletcher and Quinn",dining,37.49,7,2.29,0,0,0,0
Leslie Moody,4112178590126026,Merchant: Walker Group,dining,12.54,14,1.61,0,0,1,0
Jessica Mckee,4324840599147097,Merchant: Campbell Inc,grocery,26.34,9,21.59,0,1,1,0
Nicholas Myers,4650648237961355,"Merchant: Rowe, King and Moore",grocery,31.07,10,29.96,0,0,1,0
Meagan Charles,4826183294111685,"Merchant: Clarke, Wilson and Jackson",grocery,11.07,14,3.88,0,0,1,0
Amber Williams,4698909495168040,"Merchant: Fox, Luna and Wilkinson",gas_station,25.01,8,4.86,1,0,1,0
Micheal Green,4509227728663458,Merchant: Cunningham-Perez,online_shopping,47.8,9,10.74,1,1,2,0
Rachel Henderson,4004703194164445,Merchant: Schaefer-Sutton,electronics,19.99,10,32.29,0,0,3,0
Andrew Lam,4358424670845041,Merchant: Vaughan-George,electronics,15.15,19,36.26,0,0,2,0
Cassandra Mitchell,4737125698110472,"Merchant: Kelley, Knapp and Wright",online_shopping,62.66,10,11.68,0,0,2,0
Melissa Grant,4853182467017881,"Merchant: Livingston, Humphrey and Walters",electronics,51.24,13,45.03,0,0,3,0
James Rodriguez,4354321812641508,Merchant: Patrick-White,electronics,10.34,13,18.29,0,0,2,0
Lauren Trevino,4956757691201355,Merchant: Brown Inc,grocery,65.74,22,10.86,0,0,0,0
Margaret White,4422982696195255,Merchant: Gonzalez-Kline,travel,55.33,10,2.83,0,0,0,0
Stacey Howe,4587281362276791,Merchant: Torres-Harris,grocery,21.78,12,5.57,1,0,0,0
Diane Bishop,4790541331794627,Merchant: Brooks Group,online_shopping,23.13,7,5.55,0,0,2,0
David Baker,4836369050731448,Merchant: Boyd LLC,gas_station,20.28,15,13.45,0,0,0,0
Allison Chavez,4204746395246634,Merchant: Anderson-Robinson,electronics,56.34,13,17.02,0,0,2,0
Austin Smith,4160380807365113,"Merchant: Elliott, Bullock and Brown",dining,67.45,11,11.63,0,0,3,0
Ashley Thomas,4327449750148212,"Merchant: Schmidt, Villegas and Morales",dining,40.21,18,32.03,0,0,3,0
Mrs. Olivia Petersen,4979014373574003,"Merchant: Johnson, Meza and Dudley",grocery,20.97,13,7.3,1,0,0,0
Joshua Martinez,4226330019298802,"Merchant: Harris, Moore and Stone",grocery,14.57,9,1.08,0,0,2,0
Laura Clarke,4882005508569187,Merchant: Anderson-Taylor,online_shopping,37.13,11,4.91,0,0,1,0
Joseph Patel,4594626132216827,"Merchant: Malone, Klein and Copeland",electronics,34.73,19,24.85,1,0,2,0
Lisa Beard,4816217300271349,"Merchant: Avila, Jordan and Hammond",gas_station,34.31,14,46.19,0,0,0,0
David Mendoza,4253844366520416,Merchant: Simpson-Taylor,gas_station,37.96,17,17.51,0,0,1,0
Nicole Wallace DDS,4268033076950088,Merchant: Ruiz Group,grocery,17.0,9,3.06,0,0,1,0
Marcus Brown,4233951788014319,Merchant: Martin LLC,online_shopping,8.76,19,66.65,1,0,0,0
Daniel Gallegos,4228819826425820,"Merchant: Brock, Avila and Wade",grocery,42.78,8,3.79,0,0,1,0
Nicole Hardy,4244863987715652,"Merchant: Mccall, Case and Allen",online_shopping,41.73,7,2.89,1,0,1,0
Pedro Greene,4001803567215247,Merchant: Reese-Gomez,grocery,17.16,11,0.51,1,0,1,0
Yvette Marks,4938352756171397,"Merchant: Price, Lewis and Thompson",electronics,35.52,10,11.2,0,0,1,0
Ashley Lewis,4967277041256246,"Merchant: Harris, Lee and Joyce",dining,17.46,10,10.56,1,0,1,0
Stephanie Peterson,4819935725637003,Merchant: Barron PLC,online_shopping,22.54,10,1.7,1,1,1,0
Mrs. Dawn Hawkins,4512381962633654,Merchant: Wilkerson Inc,grocery,17.46,13,8.75,0,0,0,0
Gary Greer,4847773362342520,Merchant: Robinson-Evans,dining,41.68,13,8.97,0,0,0,0
Christopher Knox,4606475325573826,Merchant: Padilla-Miller,electronics,19.98,10,7.88,1,0,3,0
Eric Thomas,4079365289988557,Merchant: Adams Inc,grocery,25.94,10,44.16,0,0,1,0
Brent Stewart,4592063370679106,"Merchant: Flynn, Hernandez and Bates",dining,31.82,15,1.95,0,0,1,0
Corey Roberts,4285579873216288,Merchant: Mata and Sons,gas_station,9.77,13,0.56,0,0,0,0
Keith Morales,4308803559887144,Merchant: Cooper-Sexton,grocery,106.33,7,1.3,0,0,1,0
Perry Washington,4192364666045893,Merchant: Wallace Ltd,electronics,35.13,6,3.67,0,0,0,0
Nicole Barton,4532843578847156,Merchant: Jones Group,online_shopping,39.52,14,15.13,0,0,2,0
David Medina,4159705413453049,Merchant: Howell-Jackson,online_shopping,16.38,21,4.09,0,0,0,0
Lydia Payne,4335665726256264,Merchant: Salazar-Rocha,dining,48.78,12,12.77,0,0,1,0
Monica Cline,4859625608108575,Merchant: Boyd PLC,grocery,19.01,20,30.21,1,0,1,0
Juan Davis,4045988934199618,"Merchant: Francis, Ryan and Clark",grocery,27.34,8,5.4,1,0,4,0
Devin Black,4644329076582441,Merchant: Mays-Nixon,grocery,29.77,12,29.66,0,0,0,0
Rachel Franco DDS,4749854850678143,Merchant: Martinez Inc,grocery,40.93,2,5.87,1,0,1,0
Lori Valentine,4649459924859108,Merchant: Brown-Jarvis,travel,11.73,14,0.18,0,0,0,0
Lisa Ryan,4153433667128813,Merchant: Hughes-Yoder,gas_station,32.8,14,5.08,1,0,1,0
Danielle Hester,4791084824179468,Merchant: Hughes-Camacho,grocery,17.28,14,1.09,1,0,2,0
Luke Alexander,4225662952305306,Merchant: Crosby PLC,gas_station,13.76,11,12.07,0,0,1,0
Jane Edwards,4132708725466222,Merchant: Smith-Taylor,grocery,45.98,11,5.84,0,0,0,0
Ann Peterson,4088615892507130,Merchant: Brown Group,electronics,49.12,13,44.18,0,0,2,0
Erik Keller,4395975235796594,Merchant: Rodriguez Group,dining,15.6,14,3.46,0,0,2,0
Louis Bowen,4149170775740934,Merchant: Jones PLC,electronics,25.31,17,6.29,0,0,2,0
Amy Mcdaniel,4024201197025628,"Merchant: Peterson, Cowan and Harris",online_shopping,27.9,8,8.57,0,0,0,0
Isaiah Terry,4640638636057478,Merchant: Wood-Hall,grocery,14.8,13,22.56,0,0,0,0
Michael Bell,4767031005111273,Merchant: Fisher-Kelly,gas_station,34.1,14,7.74,1,0,2,0
Blake Vega,4613867293835867,Merchant: Randall Group,travel,95.43,21,253.31,0,0,4,1
Ronnie Medina,4581284855056353,Merchant: Richards Ltd,gas_station,33.31,12,1.98,0,0,0,0
Rhonda Clark,4067873841107347,"Merchant: Ward, Rodriguez and Carter",grocery,21.68,20,7.36,1,0,2,0
Jason Fletcher,4946411713938635,Merchant: Anderson Group,dining,59.07,19,9.73,0,0,1,0
Jose Green,4858259298281228,Merchant: Ortega PLC,electronics,29.76,13,26.19,0,0,1,0
Anthony Washington,4618233294194603,Merchant: Carter LLC,electronics,46.68,10,0.11,1,0,1,0
Kristopher Curtis,4785181577504112,"Merchant: Marsh, Rodriguez and Taylor",gas_station,34.67,18,7.21,1,0,1,0
Chad Moreno,4507831269223960,Merchant: Nguyen-Soto,electronics,21.25,10,8.29,0,0,2,0
Cassidy Carter,4872936317868083,"Merchant: Pineda, Baker and Clark",dining,58.19,8,7.39,0,0,0,0
James Grimes,4390052238924121,"Merchant: Silva, Henderson and Rogers",grocery,25.52,10,0.61,0,0,1,0
Natalie Hawkins,4637476266184071,Merchant: Brown-Osborne,electronics,8.82,17,19.78,1,0,1,0
Jonathan Williams,4873711617413529,Merchant: Lopez Inc,dining,21.38,14,1.07,0,0,2,0
Deborah Smith,4008780324097162,"Merchant: Archer, Howard and Andrews",grocery,35.29,11,13.19,0,0,1,0
Emily Henderson,4834754800291466,Merchant: Crane-Rios,electronics,31.73,15,15.39,0,0,0,0
Peter Morgan,4260886016072232,Merchant: Fletcher PLC,grocery,53.44,6,0.86,0,0,2,0
Laura Patton,4089520981149001,"Merchant: Ross, Sullivan and Rollins",grocery,13.84,6,25.37,0,0,1,0
Francis Walker,4871091267618186,Merchant: Patterson-Rogers,grocery,18.43,9,13.58,1,0,1,0
Renee Johnson,4831031939810356,Merchant: Bean Group,online_shopping,54.76,14,1.05,0,0,0,0
Scott Wood,4412315770733018,"Merchant: Jones, Porter and Love",dining,41.27,14,5.43,1,0,0,0
Sherri Logan,4872913103163094,Merchant: Houston-Cordova,dining,26.43,17,20.11,0,0,1,0
Cathy Barnes,4086309364588560,Merchant: Hines-Wilson,gas_station,24.27,22,8.31,1,0,1,0
Amy Sanders,4440788586189318,"Merchant: Welch, Hill and Rogers",grocery,30.86,10,9.36,0,0,1,0
Lee Perez,4931982630359946,Merchant: Tanner LLC,dining,35.68,8,10.43,1,0,2,0
Michael Leonard,4123616603339794,Merchant: Kramer-Allen,online_shopping,35.87,5,5.39,0,1,0,0
Cody Thompson,4588615653123411,Merchant: Perez Ltd,grocery,75.07,11,10.2,0,0,1,0
Victor Yates,4775014416993075,"Merchant: Owens, Walsh and Watson",online_shopping,152.57,23,68.93,1,1,8,1
Stanley Benson,4123212750924487,"Merchant: Mooney, Walker and Perez",online_shopping,29.89,15,27.47,1,0,2,0
James Gallagher,4372277015590058,Merchant: Acosta and Sons,online_shopping,31.59,9,9.94,1,0,0,0
Jeanette Garcia,4761308167720802,Merchant: Martinez-Garcia,online_shopping,609.05,4,147.32,1,0,6,1
Michael Garcia,4492716729691368,"Merchant: Davis, Brown and Brown",dining,36.78,8,0.46,0,0,2,0
William Gordon,4953934923067945,Merchant: Ewing-Yoder,electronics,22.08,6,21.02,0,0,2,0
Kim Holmes,4733167198846613,Merchant: Lyons-Villegas,grocery,9.68,12,17.24,1,0,0,0
Anthony Hodges,4392628918378957,Merchant: Donaldson-Freeman,dining,13.55,9,6.67,1,0,2,0
Alexis Wells,4649254525241610,Merchant: Cooper-Thompson,online_shopping,78.42,13,2.04,0,0,1,0
Jennifer Dawson,4638723951745180,Merchant: Kim-Mckenzie,online_shopping,26.97,17,1.07,0,0,2,0
Bethany Baxter MD,4813267334416835,Merchant: Martinez PLC,dining,37.16,12,10.03,1,0,0,0
Teresa Wallace,4892654952797139,Merchant: Webb-Reyes,dining,19.68,3,0.1,0,0,2,0
Alexis Pham,4031331033733613,Merchant: Cowan-Barber,electronics,21.82,19,0.53,0,0,3,0
Zachary Ortiz,4343169173398836,Merchant: Stephens-Craig,dining,71.68,13,1.53,0,0,1,0
Christopher Burnett,4550118528776384,"Merchant: Brady, Bishop and Peterson",online_shopping,10.21,9,0.86,0,0,2,0
Nicholas Calhoun,4530776013268434,Merchant: Walker-Johnson,dining,8.95,1,4.6,0,0,0,0
Joseph Perez,4149060467932362,Merchant: Collins-Klein,travel,33.2,9,7.01,0,0,0,0
Karen Perez,4053610515134900,"Merchant: Wood, Swanson and Perez",dining,91.28,17,22.42,0,0,3,0
Kevin Cruz,4282551469061538,"Merchant: Brooks, Potts and Evans",dining,54.26,17,18.36,0,0,0,0
Amber Spencer,4996133172533975,Merchant: Miller-Henderson,gas_station,19.45,8,5.61,0,0,0,0
Madison Richardson,4902233348460062,"Merchant: Garner, Page and Waters",online_shopping,33.08,14,31.46,0,0,1,0
Jose Collins,4300863864999271,Merchant: Waters PLC,grocery,40.89,1,15.75,0,0,0,0
Justin Potter,4428981856091894,"Merchant: Wright, Steele and Ochoa",grocery,52.06,7,9.24,1,0,2,0
Sherry Cox,4420692565291935,Merchant: Chang Inc,dining,66.56,12,9.85,0,0,1,0
Tiffany Williams,4567514726789040,Merchant: Taylor-Jones,dining,27.49,14,0.64,0,0,0,0
Jessica Torres,4220976884819035,Merchant: Walker Ltd,grocery,47.15,9,7.59,1,0,2,0
Matthew Morgan,4171803516454651,Merchant: Martinez-Adams,dining,26.87,16,1.34,1,0,0,0
Craig Beard,4399160373102519,"Merchant: Oconnell, Jones and Jones",dining,23.65,13,21.25,0,0,0,0
Tony Moore,4735377712492087,"Merchant: Allen, Herrera and Kirk",online_shopping,44.08,14,9.54,0,0,0,0
Jillian Carrillo,4554595041810756,Merchant: Gilbert LLC,electronics,62.41,13,23.31,0,0,1,0
Nancy Rowland,4387098378321987,"Merchant: Mcclure, Gibson and Turner",dining,32.51,9,19.33,1,0,1,0
Lisa Ochoa,4093738033837134,"Merchant: Oliver, Hudson and White",online_shopping,9.36,6,10.95,0,0,1,0
Jeffrey Ayala,4790332253049103,Merchant: Davis PLC,grocery,27.2,12,17.48,0,0,0,0
Dana Carter,4891458230860649,Merchant: Walker-Baker,grocery,13.63,1,0.62,1,0,2,0
Natalie Burns,4772594721412708,"Merchant: Rivas, Patterson and Ferrell",gas_station,15.94,10,16.83,0,0,0,0
Sean Peters,4295728655902767,Merchant: Freeman-Patterson,grocery,24.25,19,7.83,0,0,1,0
Christopher Jones,4168580848917283,Merchant: Taylor Group,online_shopping,21.36,8,19.7,1,1,0,0
Miguel Pena,4455188143133283,Merchant: Archer-Levy,gas_station,14.51,18,4.4,0,0,2,0
Ryan Lawson,4911710730555418,Merchant: Rivera-Wagner,grocery,15.11,13,34.47,1,0,0,0
David Williams,4981714642139746,Merchant: White and Sons,dining,48.3,17,7.13,0,0,1,0
Mark Johnson,4458882270734338,Merchant: Cole PLC,gas_station,18.87,16,23.99,0,0,0,0
Rebecca Perez,4722203908767253,Merchant: Kim-Lee,grocery,70.58,7,27.89,0,0,0,0
Kathryn Thomas,4491792280351453,"Merchant: Jimenez, Lang and Morris",dining,24.49,7,2.16,0,0,1,0
Crystal Abbott,4247574096168629,"Merchant: Young, Coleman and Lee",grocery,22.52,14,3.22,0,0,1,0
Alexandra Hodge,4756434682072516,Merchant: Proctor-Schneider,dining,12.18,14,13.75,0,0,2,0
Rachel Yang,4434684568600422,Merchant: Brady-Jones,dining,45.57,13,24.5,1,0,1,0
Michelle Sanders,4499861337088046,"Merchant: Luna, Perez and Maldonado",dining,36.57,10,21.87,0,0,0,0
Dustin Stein,4450673632420361,Merchant: Marquez-Rush,electronics,24.32,2,2.72,0,0,0,0
Haley Jackson,4714820165762857,Merchant: Smith-Johnson,dining,74.44,16,4.59,0,0,2,0
Thomas Moses,4773813416427162,Merchant: Norris-Hudson,online_shopping,31.55,6,28.93,0,0,2,0
Jeffrey Petersen,4719328443827851,Merchant: Tucker-Reeves,electronics,15.81,16,7.79,1,0,1,0
Joseph Ward,4831748276810141,Merchant: Wilson-Cook,gas_station,12.85,16,4.6,0,0,1,0
Lance Robinson,4022507895651859,Merchant: Moore-Schneider,grocery,13.03,22,21.05,0,0,0,0
Kristen Smith,4663425543941701,Merchant: Williams LLC,online_shopping,46.08,7,13.27,0,0,3,0
Nicole Mcbride,4287301468212434,Merchant: Gonzalez and Sons,grocery,53.83,16,21.84,0,0,0,0
Daisy Larson,4093173880222786,Merchant: Williams-King,grocery,43.14,15,11.47,0,0,1,0
Jesus Shaw,4922923003191020,Merchant: Ross-Martin,online_shopping,47.51,6,4.04,0,0,1,0
Shelly Moss,4542146761647294,Merchant: Mcdonald-Chapman,grocery,18.91,20,23.34,1,0,3,0
Laura Coleman,4393842640088797,Merchant: Watkins Group,dining,85.21,18,16.07,0,0,1,0
Kayla Moore,4742075256363802,"Merchant: Lynch, Cline and Welch",gas_station,25.01,15,8.33,1,0,2,0
Melissa Brown,4106213099662292,Merchant: Gardner-Young,dining,30.38,11,6.75,0,0,1,0
Emily Riley MD,4634701363527762,Merchant: Davidson-Wallace,grocery,232.55,11,8.53,1,0,2,0
Donald Cole,4264939071329751,Merchant: Clark-Lawson,travel,20.35,6,29.24,0,0,2,0
James Johnson,4357361050844064,"Merchant: Moore, Ingram and Osborne",online_shopping,14.77,8,2.27,0,0,0,0
Nicholas George,4435108683858516,Merchant: Medina Inc,gas_station,39.44,7,2.47,1,0,3,0
Jane King,4990650015958925,Merchant: Stewart PLC,online_shopping,26.16,6,1.71,1,0,1,0
Tanner Decker,4609562598349955,Merchant: Snyder-Foster,dining,22.92,7,16.8,0,0,2,0
Leslie Martin,4663724380580378,Merchant: Pugh-Gibson,online_shopping,28.88,14,3.97,1,0,1,0
Keith Garcia,4650783434838344,Merchant: Schwartz Inc,online_shopping,33.52,9,4.4,0,0,3,0
Victoria Keller,4037125845431372,"Merchant: Neal, Cooper and Gibson",gas_station,28.67,14,1.87,0,0,0,0
Mr. Robert Acevedo MD,4202828108843832,"Merchant: Anderson, Johnston and Turner",travel,146.66,16,23.05,0,0,7,1
Ms. Kayla Williams,4132131910752787,Merchant: Coleman Inc,grocery,10.95,8,13.47,0,0,2,0
Tammy Jackson,4288478158968597,"Merchant: Martinez, Bruce and Smith",electronics,32.47,11,24.92,0,0,1,0
Robert Smith,4217260821359123,Merchant: Benson LLC,online_shopping,54.59,17,5.18,0,0,3,0
Stephen Smith,4310784669561710,Merchant: Ramsey-Rojas,grocery,60.14,23,26.95,0,0,1,0
Jasmin Hamilton,4327388279741398,Merchant: Morales-Ramirez,dining,15.13,11,42.54,0,0,1,0
Thomas Romero,4317706756149045,"Merchant: Kim, Harris and Atkins",travel,31.66,6,5.4,0,0,3,0
Megan Grant,4845211294435403,Merchant: Camacho-Jackson,dining,24.49,12,3.55,0,0,2,0
Karen Hughes,4621748819096079,Merchant: Williams-Rice,grocery,22.09,10,52.09,0,0,1,0
Bradley Phillips,4045650163857312,Merchant: Ellis and Sons,online_shopping,12.6,9,1.49,0,0,2,0
Robert Roberts,4847081450823785,Merchant: Harper-Alvarado,gas_station,7.89,12,4.93,1,0,1,0
Cynthia Tran,4852635325658999,Merchant: Hopkins and Sons,online_shopping,37.47,6,35.18,0,0,0,0
Marie Davidson,4173090191346802,Merchant: Anderson-Walters,travel,12.4,14,52.37,0,0,1,0
Jordan Williams,4369155426026760,Merchant: Griffith Group,online_shopping,540.66,21,5.0,1,1,4,1
Mr. Paul Chase,4518193310434741,Merchant: Heath-Webster,grocery,14.11,16,0.69,0,0,0,0
Chloe Parker,4591316381288619,Merchant: Morris PLC,grocery,65.79,11,7.63,1,0,0,0
Leah Collier,4980924898545741,"Merchant: Cook, Bowen and Benson",dining,34.81,9,0.1,0,0,1,0
Amanda Gonzalez,4738802544408693,Merchant: Moreno Inc,online_shopping,20.86,13,18.25,0,0,0,0
Alice Conley,4977555677942041,"Merchant: Hill, Watts and Frazier",gas_station,160.95,12,5.74,0,0,2,0
Clarence Wood,4909594444056556,Merchant: Mooney-Brennan,electronics,39.5,9,4.6,0,0,0,0
Terri Cisneros,4197171823130079,Merchant: Lee PLC,online_shopping,36.91,17,6.27,0,0,1,0
Jessica Jones,4527787022685406,"Merchant: Hunt, Nelson and Vasquez",gas_station,22.24,10,27.45,0,0,0,0
Michael Graham,4772348902621813,Merchant: Ashley-Ferguson,online_shopping,42.14,9,40.02,0,0,0,0
Mary Henderson,4407786538636452,Merchant: Joseph LLC,electronics,18.71,15,22.76,0,0,2,0
Adam Holland,4496716089064723,"Merchant: Murphy, Martin and Macias",grocery,11.8,15,12.21,1,0,1,0
Elizabeth Miller,4221315509023070,Merchant: Baldwin-Cameron,grocery,24.33,13,5.21,0,0,2,0
Ryan Kaiser,4049168426040895,Merchant: Clarke-Parks,gas_station,72.04,8,17.02,0,0,1,0
Douglas Morton,4533659896432243,"Merchant: Gonzalez, Stokes and Bray",travel,10.23,7,1.16,1,0,0,0
Ashlee Mendez,4179363547040807,"Merchant: Johnson, Sims and Powers",grocery,42.97,14,4.8,0,0,2,0
Leslie Barton,4392823826646211,Merchant: Gonzalez and Sons,grocery,71.55,16,6.26,0,0,1,0
Joseph Smith,4999445078490291,"Merchant: Johnson, Mason and Pruitt",grocery,93.34,8,3.05,0,0,0,0
Paige Jordan,4591761214300281,Merchant: Lee-Davis,gas_station,35.41,8,1.76,0,0,1,0
Elizabeth Taylor,4066862381277587,"Merchant: Alvarez, Calderon and Guzman",dining,42.81,9,0.37,0,0,0,0
Latoya Howell,4308824141369987,Merchant: Cole-Lee,grocery,6.4,20,1.09,0,0,0,0
Lawrence Glover,4904546437381677,Merchant: Ortiz-Stewart,grocery,23.9,18,9.76,1,0,4,0
Kimberly Grant,4742768551461244,Merchant: Calhoun PLC,grocery,18.85,11,34.64,1,0,0,0
Madison Wilson,4658086821613524,"Merchant: Martinez, Simpson and Holmes",gas_station,19.98,9,23.2,0,0,0,0
Melanie Davidson,4425915433974803,Merchant: Miller-Vasquez,electronics,45.96,10,7.79,0,0,0,0
Angel Johnson,4700691843451791,"Merchant: Herman, Phillips and Bell",dining,16.57,2,2.1,0,0,1,0
Jessica Cox,4968772918844370,Merchant: Becker LLC,grocery,54.58,18,29.39,1,0,2,0
Laura Mosley,4627728640932233,"Merchant: Nixon, Hale and White",electronics,408.07,22,41.94,1,1,4,1
Kurt Martinez,4926813224118835,"Merchant: Singleton, Ford and Stone",dining,21.11,16,4.22,1,1,0,0
Brandi Ibarra,4452656284088766,Merchant: Baker and Sons,online_shopping,14.17,18,11.34,1,0,3,0
Heather Sweeney,4749465959300693,Merchant: Delgado Ltd,grocery,14.31,12,2.73,0,0,1,0
Laura Guerra,4887138111844922,Merchant: Strickland-Pittman,gas_station,17.05,14,3.63,1,0,0,0
Adrian Levine,4365508153413011,Merchant: Mcbride-Jordan,grocery,13.66,20,9.22,1,1,0,0
Abigail Acevedo,4725073931836517,"Merchant: Carpenter, Small and Edwards",dining,27.42,15,2.52,0,0,0,0
Isabella Taylor,4623870703369228,Merchant: Nguyen and Sons,dining,107.04,16,26.33,0,0,2,0
Joel Rogers,4947286501885050,Merchant: Garner PLC,dining,38.19,8,2.46,0,0,4,0
Tyler Murray,4545255362280939,Merchant: Rosales-Bass,electronics,30.0,22,149.54,0,0,5,1
Michael Lambert,4514105872542905,"Merchant: Collins, Ross and Nguyen",grocery,13.37,16,10.82,0,0,0,0
Edward Guzman,4433892656231932,"Merchant: Burke, Anderson and Page",dining,48.11,8,10.96,0,0,1,0
Anne Chambers,4015041215068494,Merchant: Blankenship-Moss,online_shopping,53.15,10,2.29,0,0,1,0
Kristen Ramirez,4149512942266915,Merchant: Gamble LLC,grocery,36.09,11,14.47,0,1,1,0
Leslie Case,4264059282655090,Merchant: Braun-Carpenter,dining,41.3,19,1.93,0,0,2,0
Christopher Thomas,4488271846707271,Merchant: Austin Inc,travel,272.17,6,9.62,0,0,0,0
Felicia Matthews,4974401216106066,Merchant: Russell-Riley,grocery,12.61,17,11.14,1,0,2,0
Robert Keith,4589884069422184,"Merchant: Mcbride, Knight and Baker",grocery,65.0,12,0.96,0,0,2,0
Deborah Simon,4341059708812363,"Merchant: Lopez, Clarke and Jones",grocery,16.75,12,6.55,0,0,1,0
Carlos Morrow,4452761065087282,Merchant: Briggs-Henry,online_shopping,29.71,7,10.33,0,0,0,0
Edward Tucker,4088399344729994,Merchant: Gonzales and Sons,grocery,32.39,17,14.65,0,0,4,0
Emma Chan,4335364386103228,Merchant: Ellis Inc,grocery,67.6,7,10.11,0,0,0,0
Ryan Thomas,4648368437164065,Merchant: Fuentes-Carr,grocery,14.33,15,4.59,0,0,0,0
Holly Rivas,4294510551775757,Merchant: Morton LLC,online_shopping,30.01,17,34.35,0,0,2,0
Alicia Navarro,4515656182228105,"Merchant: Carpenter, Banks and Collins",grocery,16.65,20,5.12,1,0,2,0
James Schaefer,4336733391222463,Merchant: Morgan-Patton,dining,26.19,3,1.38,1,0,0,0
Jennifer Sampson,4718110071791703,"Merchant: Burton, Boyd and Reed",travel,36.86,10,5.24,0,0,2,0
Daniel Taylor,4953687028897778,Merchant: Little-Santana,dining,57.8,6,3.67,1,0,0,0
Julie Thompson,4675056753952744,Merchant: Mitchell PLC,grocery,273.98,7,49.3,1,1,5,1
Justin Murphy,4036353243845719,Merchant: Sanchez Ltd,online_shopping,16.23,0,4.09,0,0,0,0
Rachel Smith,4637039548324921,Merchant: Adkins-Chen,dining,21.2,8,2.45,0,0,1,0
Joseph Dougherty,4679082112729397,"Merchant: Terry, Williams and Cooke",grocery,37.17,6,15.48,0,0,1,0
Catherine Barker,4146276028043068,"Merchant: Williams, Jones and Meza",grocery,19.9,12,5.23,0,0,1,0
Cynthia Taylor,4381778170314514,Merchant: Watson-Harris,online_shopping,24.51,16,4.21,0,0,2,0
James Peck,4686796713256291,"Merchant: Harrison, Levy and Smith",electronics,27.07,8,10.35,0,0,0,0
Rebecca Brooks,4892371060394929,Merchant: West-Sanders,online_shopping,33.13,9,24.67,0,0,1,0
Mr. Gregory Hart,4839180732099808,"Merchant: Jones, Lopez and Henry",online_shopping,28.78,17,14.74,1,0,0,0
Tiffany Davis,4148846606124056,"Merchant: Booth, Moore and Vega",online_shopping,61.26,15,1.6,0,0,1,0
Vanessa Bishop,4876094742306547,Merchant: Smith-King,electronics,12.73,12,0.1,1,0,0,0
Stacey Rodriguez,4396097952552149,Merchant: Sanchez-Vasquez,online_shopping,24.81,16,1.25,0,0,3,0
Angelica Lopez,4785125900710979,Merchant: Harris LLC,electronics,13.34,11,5.92,0,0,3,0
Spencer Manning,4841736280532437,"Merchant: Wood, Hernandez and Wong",grocery,50.24,13,4.11,0,0,1,0
Robert Bauer,4046075719686172,"Merchant: Harris, Summers and Johnson",electronics,54.49,10,10.65,0,0,1,0
Keith Gonzalez,4704391324676588,"Merchant: Pearson, Diaz and Carter",dining,52.26,14,26.57,0,0,1,0
Benjamin Jordan,4799489954548790,Merchant: Cross-Schultz,grocery,59.74,6,4.11,1,0,0,0
Adrian Krueger,4531411247887499,Merchant: Valenzuela-Kelly,online_shopping,49.69,20,34.94,0,0,2,0
Michael Travis,4867237811411158,Merchant: Edwards Inc,online_shopping,35.88,18,10.39,0,0,0,0
Jonathan Glover,4840635087868781,Merchant: Herrera Group,gas_station,39.28,11,9.28,1,0,0,0
Erin Carter,4895355570593390,"Merchant: Gentry, Molina and Garcia",grocery,17.1,17,21.3,0,0,0,0
Brenda Bradley,4093676078368294,"Merchant: Hopkins, Gonzalez and Johnson",grocery,38.3,14,13.43,0,0,1,0
Kevin Berry,4036834691627303,"Merchant: Weaver, Fletcher and Conner",grocery,38.21,21,5.6,0,0,1,0
Jennifer Anderson,4120967145273261,Merchant: Morales LLC,gas_station,16.51,6,0.63,1,0,0,0
Tyler Miranda,4941123634834521,Merchant: Collins-Baker,grocery,8.87,8,12.3,0,0,0,0
Nicholas Chung,4062433653339028,Merchant: Boone-Simmons,online_shopping,50.77,7,31.82,0,0,0,0
Kayla Thomas,4514621393621697,Merchant: Scott PLC,gas_station,46.91,19,1.22,0,0,0,0
Robert Shepherd,4855639033482640,"Merchant: Price, Yu and Williams",online_shopping,10.93,9,1.59,0,0,1,0
Steven Swanson,4240057357379520,Merchant: Ross LLC,online_shopping,56.87,14,0.73,0,0,1,0
David Williams,4079515270982387,Merchant: Miller-Patterson,dining,43.56,17,0.74,1,0,1,0
Justin Bishop,4773584677576019,Merchant: Diaz Group,grocery,10.02,16,1.62,0,0,1,0
Clifford Mcdonald,4782651505893509,Merchant: Fuentes LLC,dining,84.76,10,9.0,0,0,1,0
Wesley Bowers,4971147766845420,Merchant: Ward PLC,electronics,33.67,13,7.36,0,0,2,0
Jessica Warren,4722144438747516,"Merchant: Brown, Sanchez and Bell",grocery,54.27,7,7.57,0,0,0,0
Dana Savage,4254712993289995,Merchant: Paul-Hale,online_shopping,10.64,15,7.75,1,0,1,0
Joseph Sullivan,4495292471960416,Merchant: Warren-Baker,electronics,14.64,7,1.79,0,0,0,0
Joshua Williams,4684151700069624,Merchant: Holmes-Clark,travel,17.32,12,5.13,0,0,0,0
Cory Kelley,4855084410167227,"Merchant: Obrien, Rodgers and Aguilar",gas_station,17.72,16,1.45,0,0,0,0
Whitney Macdonald DVM,4166548786465815,Merchant: Smith Ltd,grocery,32.53,9,17.83,0,0,2,0
Kimberly Ponce,4966849270562253,Merchant: Mullins-Fuentes,grocery,70.29,2,24.53,0,0,1,0
Darren Morse,4707598352578901,Merchant: Bass Group,grocery,55.33,18,2.33,0,0,0,0
Lydia Horn,4625958214308666,Merchant: Kennedy-Gibson,gas_station,32.71,13,0.49,1,0,1,0
Chad Williams,4417427979251984,Merchant: Moore Inc,dining,68.65,17,14.07,1,0,1,0
Jeremy Wallace,4278629158147457,Merchant: Thompson-Myers,dining,68.95,7,8.48,0,1,0,0
Anthony Ward,4374427513101019,Merchant: Nunez and Sons,gas_station,8.26,14,8.63,1,0,1,0
Heather Diaz,4071631311356776,"Merchant: Graham, Hurley and Williams",grocery,7.19,7,6.1,1,0,0,0
Daniel White,4113320428703969,Merchant: Brown-Bowers,electronics,11.44,7,1.05,0,0,1,0
Linda Fernandez,4332662052562293,Merchant: Hinton Group,electronics,18.54,19,14.85,0,0,1,0
Ralph Rodriguez,4515397280615915,"Merchant: Johnson, Jordan and Gould",online_shopping,41.42,1,16.45,0,0,0,0
Michael Cross DDS,4866128550294064,"Merchant: Vasquez, Wilson and Phillips",gas_station,85.64,10,11.81,0,0,0,0
Stacy Garcia,4898240425149746,"Merchant: Torres, Holt and Hernandez",gas_station,33.74,15,4.77,0,0,2,0
Brett Maxwell,4349753537495257,"Merchant: Peterson, Henry and Carpenter",dining,21.45,6,2.54,0,0,1,0
Anna Andersen,4560884707117637,Merchant: Fuentes Ltd,dining,134.3,9,3.24,0,0,0,0
Gary Phillips,4661815159472847,Merchant: Johnson-Stewart,gas_station,53.21,8,7.03,0,0,0,0
Melanie Brown,4295855300198366,Merchant: Perry Group,online_shopping,36.5,13,16.81,0,0,2,0
Carol Johnson,4760058945516094,"Merchant: Roberts, Kirk and Taylor",grocery,39.04,3,12.98,1,0,2,0
Jacqueline Hall,4179493823287150,Merchant: Chaney Inc,grocery,24.39,13,9.8,0,0,1,0
Tara Hale,4547175847019785,Merchant: Medina-Fisher,grocery,41.8,17,0.1,0,0,2,0
Christopher Smith,4109090433706192,Merchant: Brewer Group,electronics,24.86,12,6.61,0,0,2,0
Chad Kim,4872821747793368,"Merchant: Herman, Hood and Lopez",online_shopping,39.24,0,7.26,1,0,1,0
Riley Knight,4611796167667159,Merchant: Clay Ltd,online_shopping,47.19,8,4.47,0,0,2,0
Amy Moore,4187182017883755,"Merchant: Franco, Munoz and Clark",electronics,48.7,11,5.78,0,0,1,0
Robert Ellison,4545961902279345,Merchant: Kramer and Sons,dining,22.27,13,10.25,0,0,0,0
Brian Lewis,4748851885136361,Merchant: Mosley and Sons,grocery,32.05,13,1.97,0,0,1,0
Catherine Johns,4137969311773554,Merchant: Kim-Cross,grocery,21.12,12,7.62,0,0,3,0
Mary Parks,4636934794403331,Merchant: Wright Group,online_shopping,87.34,13,10.64,1,0,4,1
Mark Williamson,4702613761035230,"Merchant: Nichols, Mendez and Buchanan",online_shopping,81.12,12,12.69,0,0,1,0
Douglas Blanchard,4190729701033892,Merchant: Campos-Sullivan,grocery,27.14,18,26.48,1,0,0,0
Phillip Padilla PhD,4803736101801967,Merchant: Richardson-Murphy,dining,125.95,14,7.99,0,0,1,0
Juan Galvan,4260819598518678,"Merchant: Flores, Rivera and Wheeler",grocery,25.23,10,46.49,1,0,2,0
Leslie Diaz,4674951349859828,Merchant: Edwards-Acosta,dining,17.0,14,3.19,0,0,2,0
David Potter,4323776832688623,Merchant: Simmons LLC,electronics,31.65,13,26.85,0,0,0,0
Adam Long,4946110650825728,"Merchant: Clarke, Pollard and Dodson",online_shopping,29.21,12,4.02,1,0,3,0
Lisa Booker,4967745658996031,Merchant: Williamson LLC,online_shopping,40.31,18,21.1,0,0,0,0
Alexandria Vaughn,4563483795233690,Merchant: Mccarty Group,online_shopping,52.13,15,0.65,1,0,1,0
April Bailey,4174503357177265,Merchant: Ellis Ltd,dining,73.01,13,4.88,1,0,0,0
Sherry Patterson,4916462205615997,Merchant: Joseph LLC,grocery,36.69,10,2.24,0,1,1,0
Melissa Wolf,4375230393110269,Merchant: Potter-Jackson,gas_station,17.94,9,11.52,0,0,3,0
Joshua Sims,4317958252229918,"Merchant: Anderson, Hawkins and Fuller",grocery,24.29,8,35.29,0,0,2,0
Tina Mooney,4840025207434641,Merchant: Curtis and Sons,dining,31.68,10,0.52,1,0,2,0
Luis Mcclain,4868425637997380,"Merchant: Haney, Martinez and Hanna",online_shopping,20.06,22,5.6,1,0,1,0
Heather Wolf,4528509656865180,"Merchant: Shepherd, Warren and Dawson",gas_station,108.77,12,0.46,0,0,0,0
James Bradley,4247232388776936,Merchant: Ramirez-Bush,online_shopping,87.37,13,5.32,0,0,2,0
Isaiah Jones,4682132551709155,Merchant: Morris Group,travel,26.99,15,9.13,1,0,2,0
Victor Hudson,4164937808507906,"Merchant: Steele, Martin and Wright",dining,15.74,14,16.11,1,0,0,0
Maria Sanders,4894157221969388,"Merchant: Quinn, Mcclain and Merritt",dining,35.53,14,3.92,0,0,0,0
Thomas Holloway,4021025185823790,Merchant: Velazquez-Taylor,grocery,34.43,6,19.21,0,0,2,0
Joshua Love,4858467842721793,"Merchant: Weaver, Barnes and Maxwell",grocery,9.11,7,21.95,0,0,2,0
Andrew Dominguez,4507532081593735,"Merchant: Haney, Carter and Cruz",dining,33.13,11,1.02,1,0,1,0
John Adams,4013357465365204,Merchant: Bailey-Garcia,gas_station,57.22,17,1.05,1,0,2,0
Michelle Huber,4390504580470921,Merchant: Mclaughlin-Greene,online_shopping,13.81,1,13.32,1,0,2,0
Laura Roberts,4059975595121281,"Merchant: Rodriguez, Salazar and Edwards",online_shopping,10.64,7,12.9,0,1,1,0
Tracey Brooks,4982025420031503,Merchant: Owens Group,dining,69.27,13,0.59,0,0,0,0
Aaron Henry,4801561641318484,Merchant: Miller Ltd,gas_station,30.77,11,2.66,1,0,3,0
Ryan Moore,4328214277810846,Merchant: Stewart Group,online_shopping,72.97,9,7.53,0,0,2,0
Daniel Chen,4842516831084651,Merchant: Gomez-Rogers,travel,90.08,7,2.28,1,0,1,0
Angel Lewis,4423245454191356,Merchant: Peters LLC,electronics,12.23,16,1.73,0,0,1,0
David Nolan,4542272618328480,Merchant: Mills-Nielsen,electronics,16.51,16,9.84,0,0,0,0
Brian Medina,4599851017711461,Merchant: Stevens PLC,grocery,42.28,12,5.11,0,0,3,0
Antonio Lopez,4265793721877357,Merchant: Weiss-Odom,dining,26.37,1,14.41,0,0,2,0
Michaela Hernandez,4084936466960172,Merchant: Martinez-Franco,dining,12.02,13,3.94,0,0,0,0
Elizabeth Chase,4096662234629792,Merchant: Rogers-Robinson,grocery,19.28,21,19.66,1,0,0,0
Omar Johnson,4514309177886005,Merchant: Fleming-Adams,grocery,68.77,10,23.1,0,0,1,0
Steven Fisher,4916178610649542,Merchant: Stanley-Hall,online_shopping,21.54,13,2.6,0,0,0,0
Heather Smith,4169238129042144,"Merchant: Hart, Sanchez and Perez",grocery,51.72,20,17.95,1,0,1,0
Kimberly Mcintyre,4801748383612816,"Merchant: Hurley, Colon and Clark",grocery,25.22,18,13.16,0,0,0,0
Dana Hernandez,4274807304637472,Merchant: Copeland-Shaw,gas_station,19.6,8,5.78,0,0,0,0
Anita Long,4343576054015034,Merchant: Sanchez-Lynn,grocery,34.24,8,23.92,0,0,1,0
Chad Pennington,4394338419495635,Merchant: Lawrence LLC,dining,17.96,4,19.71,0,0,3,0
Michael Rosario,4807451598657312,Merchant: Stuart-Reyes,grocery,13.23,6,36.67,0,0,0,0
Joyce Webster,4998514762122865,Merchant: Campbell PLC,online_shopping,24.98,9,3.72,0,0,2,0
Kristie Hendrix MD,4516166019306362,"Merchant: Gates, Ramirez and Brown",dining,18.21,15,8.77,0,0,0,0
Shannon Miller,4304821023689916,Merchant: West-Rivers,gas_station,13.75,16,52.96,0,1,1,0
Linda Henderson,4775790603209918,Merchant: Sullivan Inc,grocery,11.22,9,8.53,1,0,0,0
Anthony Ashley,4215956460923853,Merchant: Vaughn-Russo,dining,31.44,8,4.66,0,0,1,0
Michael Khan,4328228644141834,Merchant: Evans Group,grocery,55.54,17,13.48,0,0,0,0
Stacey Thomas,4669508418436065,Merchant: Morse Inc,grocery,16.4,14,22.3,1,0,2,0
Joseph Jones,4380932743508349,Merchant: Walker-Alvarez,gas_station,23.27,0,11.34,1,0,1,0
John Johnson,4030830040989564,Merchant: Wilkins Ltd,online_shopping,36.18,11,3.27,0,0,0,0
April Wallace,4589444553190555,"Merchant: Burns, Jones and Valenzuela",online_shopping,55.08,10,6.77,1,0,1,0
Gregory Martin,4885344485900728,Merchant: Cox-Brown,online_shopping,142.87,12,0.12,1,0,1,0
Krista White,4495916960841113,Merchant: Schroeder-Ballard,gas_station,101.01,6,6.24,0,0,1,0
Tyler Garcia,4407405225725912,"Merchant: Moore, Chavez and Kirk",travel,26.82,10,15.53,0,0,0,0
Molly Jackson,4000375299455822,Merchant: Greene PLC,electronics,49.2,10,7.92,1,0,1,0
Thomas Floyd,4532623712751997,Merchant: Russo-Bauer,grocery,9.62,13,1.41,1,0,1,0
Susan Sharp,4695841635967952,"Merchant: Johnson, Riley and Alvarez",dining,125.14,16,31.36,0,0,2,0
Krystal Hamilton,4151090102284874,Merchant: Cox-Lynn,grocery,20.59,13,2.03,0,0,2,0
Kathy Lewis,4074837768103242,Merchant: Holloway-Hall,grocery,45.59,4,10.77,0,0,0,0
Joshua Miller,4173565860882237,Merchant: Murphy-Cooper,dining,8.85,13,27.1,0,0,1,0
Emily Brady,4167092577347584,"Merchant: Perez, Mason and Miller",electronics,26.25,14,5.91,1,0,2,0
Julie Padilla,4619723718335286,Merchant: Lucas Inc,travel,30.65,10,11.31,0,0,0,0
Justin Williams,4987691749706524,"Merchant: Holt, Warren and West",dining,44.95,10,2.67,0,0,2,0
Willie Morgan,4961242203921017,Merchant: Smith-Jones,dining,6.6,9,6.21,0,0,1,0
Joseph Stokes,4148117694527638,Merchant: Montoya LLC,dining,112.08,7,17.98,0,0,0,0
Cindy Kelley,4965004011645816,Merchant: Webb PLC,online_shopping,27.09,14,53.38,0,0,0,0
Tommy Romero,4978229414061239,Merchant: Brandt-Leach,online_shopping,16.66,12,21.39,0,0,0,0
Stephanie Lara,4424130389773123,"Merchant: Howell, Griffin and Daugherty",grocery,25.34,20,31.24,0,0,3,0
Tyrone Collins,4500754063122559,"Merchant: Allen, Torres and Larsen",online_shopping,25.98,15,1.27,0,1,1,0
Brendan Palmer,4119726317272060,Merchant: Bell-Whitaker,grocery,67.8,9,0.14,0,0,0,0
Paul Martin,4519497386362028,Merchant: Smith-Davis,electronics,110.19,0,145.02,0,1,7,1
Juan Gilbert,4138672528318705,Merchant: Reed-Macdonald,dining,24.25,16,1.78,0,0,0,0
Lori Roberson,4503740347633476,"Merchant: Mckay, Mcdaniel and Bryant",online_shopping,27.36,10,2.26,0,1,1,0
Matthew Moore,4949333169650380,Merchant: Chase-Hendrix,online_shopping,28.06,13,10.71,0,0,3,0
Donald Freeman,4052700086764366,"Merchant: Henderson, Graham and Hernandez",gas_station,9.17,6,5.19,0,0,2,0
Daniel Anderson,4882595191106891,Merchant: Miller Group,online_shopping,11.52,10,0.94,0,0,0,0
Kelly Rodriguez,4105930783016292,"Merchant: Robles, Johnson and Smith",grocery,27.4,12,3.59,0,0,4,0
Troy Ward,4774483075584858,Merchant: Salas Group,dining,72.15,5,15.21,0,0,3,0
Christina Smith,4313870425158706,Merchant: Shields and Sons,dining,39.18,9,6.68,0,0,3,0
Mark Smith,4872235891409269,Merchant: Martin Group,online_shopping,21.43,14,3.98,1,0,3,0
Daniel Williams,4119204531570339,Merchant: Calderon Inc,gas_station,16.6,9,14.8,0,0,1,0
Melissa Robinson,4046456789754647,Merchant: Martinez-Key,online_shopping,50.48,13,1.71,0,0,3,0
Mitchell Jimenez,4303727663975997,Merchant: Malone PLC,gas_station,21.31,16,19.96,0,0,1,0
Bethany Liu,4320689479084050,"Merchant: Baker, Miller and Orr",grocery,53.08,10,1.61,0,0,1,0
Mitchell Williams,4737459120210919,Merchant: Park Group,dining,38.07,7,3.08,0,0,1,0
Bianca Davis,4916875749222006,"Merchant: Davis, Fisher and Mckinney",grocery,10.85,18,9.92,0,0,0,0
Anthony King,4416864574667290,"Merchant: Hubbard, Cruz and Brandt",online_shopping,41.32,18,6.64,1,0,1,0
Michael Summers,4554872892467378,Merchant: Barker-Stone,online_shopping,63.5,15,12.83,0,0,1,0
Ricky Hall,4679847508824626,Merchant: Decker-George,grocery,35.71,8,41.24,0,0,0,0
Joyce Kelly,4657008311832720,Merchant: Morales-Clark,travel,28.03,7,3.24,0,0,0,0
Anne Medina,4317551348276769,Merchant: White Ltd,dining,72.95,15,13.22,0,0,0,0
Benjamin Johnson,4170709639764077,Merchant: Salazar-Martin,grocery,21.0,13,3.84,1,0,1,0
Kyle Perry,4993667134095022,"Merchant: Gomez, Newton and Lewis",dining,37.73,11,5.01,0,0,1,0
Melissa Newton,4418723896968612,Merchant: Rodriguez Ltd,grocery,61.99,5,19.45,1,0,1,0
James Franklin,4920642321808113,Merchant: Marquez Inc,online_shopping,34.44,6,2.72,0,0,0,0
Caitlin Curry,4680964860393228,Merchant: Roberts Group,dining,48.78,12,2.42,0,0,0,0
Barbara Glover,4497279083470809,Merchant: Martin Group,grocery,16.26,14,0.58,0,0,1,0
Ryan Harmon,4298602034934238,Merchant: Jones-Lopez,gas_station,190.45,6,14.61,0,0,0,0
Andrea Hughes,4056821102310384,Merchant: Schultz Group,electronics,10.26,11,14.09,0,0,0,0
Keith Solis,4869193649133647,Merchant: Bailey PLC,dining,23.84,10,25.02,0,0,1,0
Bryan Tucker,4220825791002625,"Merchant: Warren, Lynch and Jones",grocery,11.28,8,34.43,0,0,0,0
Holly Grant,4126753624878489,Merchant: Wright Ltd,electronics,46.67,9,0.72,0,0,0,0
Ryan Skinner,4612874991760661,Merchant: Richards-May,grocery,20.48,17,7.78,0,0,1,0
Julia Mullins,4554201173899218,Merchant: Turner Group,gas_station,45.86,11,26.68,0,0,1,0
Janet Graves,4611919839134230,Merchant: Dominguez-Collins,gas_station,67.61,7,11.76,1,0,0,0
Angela Hunt,4530610843231207,"Merchant: Poole, Sherman and Krueger",dining,46.75,9,17.24,0,0,0,0
Isaiah Turner,4487354462597407,Merchant: Costa-Ramsey,travel,34.67,16,4.1,0,0,0,0
Phillip Scott,4517143562825154,Merchant: Benjamin Group,grocery,48.96,15,1.07,1,0,1,0
Jessica Reynolds,4083563014516495,"Merchant: Peterson, Bennett and May",online_shopping,28.02,20,3.08,0,0,2,0
Melinda Jacobs,4674684799062516,Merchant: Baker Inc,dining,54.06,11,23.91,1,0,2,0
Danny Butler,4593091848824219,"Merchant: Parker, Wilson and Edwards",online_shopping,26.43,9,3.82,0,0,0,0
Matthew Bennett,4070288361956335,Merchant: Porter-Parker,grocery,69.24,11,21.83,1,0,1,0
Carl Jackson,4454950924314817,Merchant: Johnson-Mckee,grocery,18.45,18,14.26,1,0,0,0
Stephen Wilson,4451625104122775,Merchant: Ortega Ltd,dining,26.26,1,3.96,1,0,3,0
Charles Robinson,4144022110811190,"Merchant: Holmes, Wright and Carlson",grocery,24.19,16,11.19,0,0,0,0
Chad Poole,4152000919656858,"Merchant: Flowers, Sosa and Parker",dining,27.66,14,10.19,0,0,1,0
Matthew Dominguez,4683447897127766,Merchant: Morgan PLC,online_shopping,25.85,18,6.61,1,0,0,0
Christian Shelton,4271067885376833,Merchant: Herrera PLC,dining,8.3,17,11.61,0,0,1,0
Makayla Friedman,4168846220769372,Merchant: Howell-Johnson,gas_station,70.88,21,1.31,1,0,3,0
Katherine Downs,4454209972365878,"Merchant: Gregory, Crawford and Burnett",online_shopping,35.68,5,27.68,0,0,1,0
Lisa Singh,4678691340822419,"Merchant: Fields, Brown and Little",grocery,40.09,8,19.02,0,0,0,0
Brittany Allen,4902113600578837,Merchant: Finley PLC,gas_station,53.47,16,7.2,1,0,0,0
Robert Miller,4027409408720476,Merchant: Nelson PLC,travel,36.85,16,1.73,0,0,2,0
Melanie Baker,4590888250660962,Merchant: White LLC,online_shopping,13.5,10,15.57,1,0,1,0
Gerald Allen,4678268037941743,"Merchant: Vargas, Sexton and Long",gas_station,55.52,14,27.06,1,0,0,0
Vincent Hays,4539345891433741,Merchant: Smith Inc,gas_station,25.81,9,1.28,1,0,0,0
Valerie Lopez,4572812264787480,"Merchant: Douglas, Pacheco and Williams",online_shopping,7.5,9,21.58,1,0,0,0
Anthony Schmidt,4632942474938827,Merchant: Armstrong PLC,online_shopping,84.31,8,3.0,1,0,1,0
Dean Harris,4963101234354242,Merchant: Smith Inc,online_shopping,36.12,11,36.44,0,0,1,0
Rhonda Allen,4592694694683398,Merchant: Duran and Sons,travel,17.58,10,10.25,0,1,0,0
Ruben Charles,4131169135881669,Merchant: Hodge-Griffin,grocery,75.02,16,0.45,0,0,2,0
Jennifer Brooks,4981847071085558,Merchant: Norman Inc,travel,15.95,16,2.74,1,0,3,0
Jacqueline Owens,4074348679183968,Merchant: Williams-Silva,online_shopping,22.83,12,14.24,0,0,1,0
Sydney Elliott,4416276226799118,"Merchant: Simpson, Kennedy and Nicholson",grocery,36.28,12,21.75,1,0,1,0
Gary Chavez,4618983117410434,"Merchant: Padilla, Stark and Floyd",grocery,12.6,8,49.55,0,0,1,0
Stephanie Salinas,4926086226788703,Merchant: Nichols PLC,gas_station,19.58,14,26.02,0,0,0,0
Raymond Valenzuela,4108163600524937,Merchant: Zavala-Bell,electronics,25.59,21,18.22,0,0,1,0
Theresa Ward,4509038215862515,Merchant: Hinton PLC,dining,85.39,17,13.6,0,0,0,0
Jacob Kennedy,4132155732790709,Merchant: Dixon PLC,grocery,109.29,15,8.06,0,0,3,0
Jenna Velazquez,4145822337039098,Merchant: Burgess-Calhoun,online_shopping,56.14,8,4.24,1,0,1,0
Kathryn Rivers,4080710159559193,Merchant: Mack-Lopez,gas_station,45.9,16,2.23,0,0,1,0
Daniel Ramirez,4970372140829590,"Merchant: Reed, Brown and Page",grocery,8.79,12,26.05,0,0,1,0
Greg Wood,4606419337552154,Merchant: Dudley LLC,grocery,21.85,19,21.71,0,0,0,0
Susan Armstrong,4027713697198496,Merchant: Adams and Sons,online_shopping,15.39,17,11.44,0,1,1,0
Taylor Stark,4134130633688391,Merchant: Mcintosh-Rich,dining,38.38,21,16.48,0,0,1,0
Brandon Peterson,4963044615563702,Merchant: Pacheco and Sons,online_shopping,26.66,2,15.47,1,0,0,0
Linda Morris,4770253815289769,Merchant: Morales-Velez,travel,37.13,10,12.87,0,0,1,0
Laura Sanders,4847461275050360,Merchant: Kelly-Wallace,grocery,16.55,17,1.21,1,0,1,0
Catherine Castaneda,4936123017650129,"Merchant: Thompson, Reynolds and Moore",travel,17.76,9,3.23,0,0,1,0
Jesse Pollard,4772121227642511,Merchant: Powell-Bean,online_shopping,47.49,9,1.11,1,0,0,0
Jacob Love,4426739041312241,Merchant: Harmon-Smith,online_shopping,264.26,22,16.75,1,0,0,0
Mrs. Janice Fitzpatrick,4174696716035693,Merchant: Powell Group,dining,40.73,10,0.37,0,0,1,0
Zachary Mckay,4615462288514129,"Merchant: Smith, Rodriguez and Boyd",grocery,80.76,22,4.68,1,0,1,0
Lauren Wright,4756571199587906,Merchant: Garrison-Torres,electronics,21.18,0,3.17,1,0,1,0
Teresa Velasquez,4335067864235913,Merchant: Harris-Williams,gas_station,19.35,14,0.23,0,0,0,0
Eugene Parker,4567877142797305,Merchant: Evans Group,online_shopping,17.04,5,2.83,0,0,2,0
Amy Knight,4157426969344530,Merchant: Smith and Sons,grocery,135.43,9,21.3,0,1,0,0
Randy Perez,4105138101551632,Merchant: Bryant PLC,grocery,96.09,14,2.1,1,0,3,0
Melanie Smith,4155512342296422,Merchant: Sanchez LLC,travel,59.77,7,2.31,1,0,0,0
Melissa Martinez,4165160507415078,"Merchant: Giles, Hunt and Suarez",grocery,10.99,18,45.69,0,1,1,0
Samantha Gillespie,4389542875829305,"Merchant: Harris, Gray and Evans",gas_station,122.58,11,8.19,1,0,2,1
Bryan Richardson,4207103142106538,"Merchant: Jones, Jackson and Lambert",dining,67.73,20,0.29,1,0,1,0
Anna Cantu,4391595960384459,Merchant: Jackson-Garcia,grocery,10.61,10,20.61,0,0,0,0
Christopher Cox,4055893516750043,Merchant: Stewart PLC,grocery,33.09,10,3.54,0,0,2,0
Diana Kemp,4616648734324928,"Merchant: Knight, Anderson and Taylor",online_shopping,34.72,13,39.82,0,0,0,0
Taylor Salinas,4889250000463678,Merchant: Allen PLC,online_shopping,61.09,2,1.27,0,0,0,0
Ryan Santos,4457896320677157,"Merchant: Medina, Graves and Vaughan",dining,8.26,22,5.14,1,0,0,0
Amber Crawford,4416269222553985,"Merchant: Barrett, Aguirre and White",dining,35.52,13,29.13,0,0,1,0
Carla Wong,4150077631204268,"Merchant: Sanchez, Moyer and Rivera",online_shopping,6.56,13,3.64,0,0,0,0
Allison Rice,4857375684696257,"Merchant: Lopez, Miller and Moore",online_shopping,18.85,14,1.28,1,0,0,0
Sheri Hoover,4218024051624328,"Merchant: Hernandez, Bryant and Wagner",grocery,63.42,14,5.15,0,0,1,0
Jeremy Chavez,4195932819046609,"Merchant: Brown, Duffy and Lowe",grocery,8.06,6,11.71,0,0,2,0
Jennifer Nguyen,4879023149951776,Merchant: Taylor-Montgomery,electronics,14.63,7,2.24,0,0,1,0
John Rodriguez,4657023162832984,Merchant: Jordan LLC,grocery,14.94,13,12.17,0,0,1,0
Maria Williams,4123585208119796,Merchant: Hooper-Hernandez,dining,22.5,14,10.63,0,0,1,0
Melody Ochoa,4507580859973589,"Merchant: Perez, Salazar and Kennedy",grocery,20.74,8,42.27,1,0,1,0
Tara Brown,4441672981394054,"Merchant: Wagner, Curry and Mullins",grocery,24.75,8,15.43,0,0,1,0
Holly Banks,4572257423675806,"Merchant: Hobbs, Sweeney and Mcclure",online_shopping,24.8,12,8.62,1,0,3,0
Amber Johnson,4520419797576019,Merchant: Cooper Group,dining,37.26,12,12.85,0,0,0,0
Scott Thompson,4085281946594021,Merchant: Barber-Davis,online_shopping,8.88,10,21.52,0,0,1,0
Eric Flores,4614370912569529,Merchant: Stokes-Suarez,grocery,36.93,12,2.44,0,0,0,0
Theresa Wilson,4963176167414833,"Merchant: Green, Smith and Kennedy",grocery,36.26,17,15.7,0,0,1,0
Eric Ponce,4578152606449000,"Merchant: Campos, Mitchell and Franklin",dining,18.23,0,33.07,1,0,0,0
Becky Sellers,4891079446795963,"Merchant: Clark, Roth and Harris",dining,35.08,12,4.79,0,0,0,0
Kendra Burton,4477814690233051,Merchant: Shah-Smith,online_shopping,51.78,8,11.7,1,0,1,0
Wyatt Kerr,4179583220777488,Merchant: Mcguire Inc,grocery,127.1,8,1.36,0,0,0,0
Craig Dean,4125702658017481,Merchant: Williams-Benson,grocery,58.78,11,11.96,0,0,0,0
Christian Rowe,4387853980679242,"Merchant: Shelton, Smith and Olson",online_shopping,21.3,20,16.58,0,0,1,0
Nathan Burke,4966842923912231,"Merchant: Simmons, Gonzalez and Pierce",dining,4.4,19,10.87,0,0,1,0
Nicholas Chase,4630975597906380,Merchant: Fleming-Blackburn,electronics,37.31,5,5.8,0,0,2,0
Hailey Ball,4617339119833241,"Merchant: Adams, Johnston and Johnston",grocery,32.72,10,11.2,1,0,0,0
Heather Barry,4368831288298322,"Merchant: Rivera, Sullivan and Gillespie",grocery,14.9,17,28.57,0,0,1,0
Cindy Young,4440834474486893,Merchant: Hall LLC,electronics,7.32,14,3.98,0,0,1,0
Mark Townsend,4839292671348813,Merchant: Johnson-Martinez,online_shopping,17.74,12,8.96,0,0,0,0
Michael Lee,4844234223893675,"Merchant: Short, Martinez and Munoz",grocery,50.85,10,40.44,0,0,1,0
Lisa Smith,4036904260505725,"Merchant: Camacho, Bryant and Bates",online_shopping,15.12,15,27.33,0,0,0,0
John Steele,4168447314682579,Merchant: Barrett-Lee,grocery,62.1,7,4.71,0,0,1,0
Sandra Casey,4656320037452092,"Merchant: Hill, Rice and Parrish",grocery,29.72,1,0.1,0,0,2,0
Darrell Simmons,4479081589392095,Merchant: Carroll-Oconnor,dining,19.27,13,18.84,0,0,0,0
Valerie Harrison,4271724422323591,Merchant: Montgomery Inc,gas_station,57.37,10,2.94,0,0,2,0
Anthony Cherry,4791600533005569,"Merchant: Espinoza, Harris and Love",dining,49.55,7,6.55,0,0,1,0
Cody Lawson,4023850992901051,Merchant: Ramos PLC,grocery,13.33,20,6.25,0,0,0,0
Barbara Wagner,4788062529187734,"Merchant: Gray, Henderson and Thomas",grocery,17.06,20,15.71,0,0,0,0
Scott James,4220377032951707,Merchant: Jones-Davis,dining,154.56,13,0.41,0,0,3,0
John Moore,4677595770483215,Merchant: Thomas-Dawson,dining,20.16,14,4.55,0,0,0,0
Matthew Farley,4632373912662698,Merchant: Davis PLC,grocery,18.14,10,5.38,0,0,2,0
Mrs. Tonya Byrd,4726310681544449,Merchant: Ortiz-Garcia,electronics,66.22,10,7.45,0,0,0,0
Catherine Davis,4523764683189717,Merchant: Bridges Group,gas_station,30.91,14,6.43,1,0,2,0
Mary Wilkinson,4516565344409231,Merchant: Martin Group,dining,22.07,7,16.48,0,0,1,0
Michael Baker,4132708930071429,"Merchant: Mejia, Sims and Lindsey",grocery,30.34,18,16.7,1,0,3,0
Peggy Mendoza,4476177045865923,Merchant: Steele-Mendez,grocery,44.07,13,5.51,0,0,1,0
Paul Anderson,4460260930482133,Merchant: Barnett-Lyons,dining,9.98,7,0.35,0,0,2,0
Wayne Robinson,4470847483491889,Merchant: Payne-Cooper,travel,38.51,7,26.22,0,0,1,0
Brittany Farley,4474749267132901,Merchant: Clark Inc,dining,28.53,6,9.32,0,0,1,0
Katie Walters,4157183424110580,Merchant: Carpenter Group,dining,2.0,7,11.2,0,1,0,0
Dorothy Osborn,4887248065667680,"Merchant: Lewis, Reynolds and Chang",dining,30.27,7,10.03,0,0,1,0
William Hodge,4093801266018341,Merchant: Lopez-Lee,dining,26.35,16,1.33,0,0,0,0
Michelle Ortega,4093251450209050,"Merchant: Jones, Braun and Cole",dining,12.18,13,1.02,0,0,2,0
Shannon White,4243107014127809,Merchant: White-Mcguire,dining,35.27,6,5.02,1,0,0,0
Jennifer Bennett,4281090620327307,"Merchant: Woods, Wells and Watson",online_shopping,16.71,16,11.07,0,0,1,0
Lisa Kaiser,4344362990394810,"Merchant: Wilkinson, Murray and Arellano",electronics,8.72,22,4.84,1,0,0,0
Matthew Mccullough,4129764072051583,"Merchant: Carter, Carpenter and Chandler",electronics,68.63,10,11.49,0,0,0,0
Steven Tyler,4331541944688139,Merchant: Kidd-Garcia,online_shopping,394.22,6,124.77,0,1,1,1
Robert Jones,4100830868990368,Merchant: Contreras Ltd,travel,23.3,12,1.41,0,0,0,0
Kim Nelson,4703616223593661,Merchant: Robbins-Torres,travel,17.92,6,10.37,1,0,0,0
Katherine Garcia,4939987408020853,"Merchant: Mcdaniel, Sullivan and Williams",grocery,42.55,7,12.59,1,0,1,0
John Stewart,4545684799172783,"Merchant: Freeman, Thomas and Lucas",online_shopping,28.0,11,0.44,0,1,0,0
Tiffany Barton,4272419875622560,Merchant: Dixon-Collins,gas_station,9.57,12,7.71,0,0,2,0
Erica Smith,4342142677487117,Merchant: Tran and Sons,online_shopping,14.42,14,11.04,1,0,2,0
Colleen Cruz,4577308582430551,Merchant: Valdez Ltd,dining,12.66,11,1.47,1,0,0,0
Anthony Mueller,4863825436597510,"Merchant: Humphrey, Hardy and Bailey",dining,127.98,16,9.62,0,0,2,0
Crystal Clayton,4756269226842093,Merchant: Hill LLC,grocery,22.43,8,4.22,0,0,0,0
Jacob Brown,4213605797927028,Merchant: Olson-Cervantes,dining,8.02,10,0.36,1,0,2,0
Rachel Williams,4729534322047630,Merchant: Foster-Williams,dining,54.09,7,22.74,1,0,3,0
Keith Lloyd,4457282618679678,Merchant: Hart Group,grocery,31.25,13,2.76,0,0,1,0
Mary Richardson,4725998498601773,Merchant: Jones-Archer,grocery,47.41,9,1.85,0,0,0,0
Nathan Jones,4562217146741881,Merchant: Burke Group,dining,33.47,19,41.4,1,0,1,0
Tamara Peterson,4505838914621896,Merchant: Moore Ltd,online_shopping,16.7,11,38.09,1,0,1,0
Alan Mahoney,4179575811863693,"Merchant: Adams, French and Martin",dining,45.71,6,11.66,1,0,0,0
Nathan Vargas,4766993617327145,"Merchant: Miller, Robles and Washington",grocery,28.28,23,16.96,0,0,1,0
Frank Payne,4839187325145468,Merchant: Rivera-Brown,grocery,26.79,14,29.04,1,0,2,0
Cody Woods,4607649037918946,"Merchant: Heath, Curtis and Jones",online_shopping,8.96,22,1.47,1,0,1,0
Chad King,4997070454821356,Merchant: Parker-Martin,online_shopping,27.93,19,24.36,0,0,2,0
Christopher Smith,4975993538496125,Merchant: Adams-Martin,grocery,24.14,13,0.55,0,0,1,0
Marissa Davis,4559221463287812,"Merchant: Hernandez, Mitchell and Pierce",online_shopping,32.92,11,29.81,0,0,1,0
Ann Parker,4625983913508325,Merchant: Oliver-Weaver,electronics,52.27,11,3.42,0,0,0,0
Laura Walton,4235916610746444,"Merchant: Ballard, Williams and Walton",grocery,19.38,23,19.47,0,0,1,0
Travis Powell,4992061104865781,Merchant: Lin Group,electronics,13.03,15,3.96,0,1,2,0
Maria Sullivan,4957877550718106,"Merchant: Allen, Wyatt and Rodriguez",grocery,43.76,14,8.76,0,0,2,0
Kelly Lewis,4550843234497278,"Merchant: Obrien, Hernandez and Stone",grocery,35.75,14,11.46,0,0,0,0
John Webb,4556707091617084,Merchant: Mcclure-Oconnell,travel,18.36,12,4.5,0,0,0,0
Lance Townsend,4609456758094834,"Merchant: Collier, Love and Wong",grocery,25.17,7,12.92,0,0,1,0
Matthew Leonard,4133959075411834,Merchant: Davis-Brown,grocery,78.21,15,4.71,0,0,1,0
Tyler Dominguez,4410246406349899,Merchant: Martin Ltd,grocery,46.34,13,50.5,0,0,0,0
Kimberly Alvarez,4419025119024416,"Merchant: Benton, Murphy and Rodriguez",dining,58.48,7,5.66,0,0,0,0
Heather Pittman,4616726877207835,Merchant: Fletcher PLC,grocery,16.78,13,43.95,0,0,0,0
Teresa Cohen,4483561161733877,"Merchant: Marshall, Rich and Kennedy",dining,20.44,10,5.62,1,0,0,0
Melissa Parker,4918387833268760,Merchant: Garcia PLC,gas_station,25.67,9,29.52,0,0,0,0
Brandon Carrillo,4773060361792865,"Merchant: Campbell, Gillespie and King",grocery,37.29,12,0.86,1,0,0,0
Colin Mckay,4477327528820957,Merchant: Perez-Tyler,grocery,19.26,5,17.63,1,0,0,0
Rachel Walsh,4974990580987077,Merchant: Klein LLC,electronics,34.42,14,7.49,0,0,0,0
Caleb Williams,4915883452454676,"Merchant: Hancock, Cunningham and Becker",electronics,18.34,16,14.02,0,0,1,0
Benjamin Wilkinson,4521082191438027,Merchant: Chandler Inc,grocery,25.79,16,23.26,0,0,0,0
Katelyn Gray,4896719191609126,Merchant: Warren-Gallegos,dining,21.81,6,0.4,0,0,1,0
Kristine Bryant DVM,4897539532270860,Merchant: Garcia Inc,grocery,44.74,7,32.24,0,0,0,0
Michael Smith,4827133676951942,"Merchant: Brown, Dominguez and Peterson",grocery,20.01,10,0.26,1,0,0,0
Justin Foster,4999648191597781,Merchant: Torres-Young,online_shopping,32.73,10,3.63,0,0,4,0
Maurice Graham,4465897375070074,Merchant: Rodriguez-Chavez,online_shopping,27.53,11,11.05,0,0,0,0
Kenneth Watkins,4819759923046589,Merchant: Rodriguez-Barker,travel,32.27,12,0.85,0,0,4,0
Stacey Davis,4393124870972069,Merchant: Brown and Sons,online_shopping,25.5,13,19.39,1,0,0,0
Janice Bailey,4479843126473864,"Merchant: Shaffer, Jackson and Flores",travel,52.32,17,21.75,0,0,0,0
Amanda Hodge,4812618079007745,Merchant: Fischer and Sons,gas_station,25.2,11,4.37,1,0,1,0
Jason Gomez,4101751676834268,Merchant: Carter-Walsh,grocery,264.82,10,4.69,0,0,1,0
Julie Johnson,4359110141520383,"Merchant: Smith, Summers and Gallegos",online_shopping,23.51,17,2.04,0,0,1,0
Vanessa Cunningham,4926571621304404,Merchant: Neal-Middleton,online_shopping,11.5,11,15.33,1,0,0,0
Tonya Alexander,4887469610599125,Merchant: Smith Ltd,online_shopping,16.92,7,1.34,0,0,2,0
Mark Santos,4767727057865522,Merchant: Kelly-Padilla,dining,41.79,6,7.3,1,0,2,0
Michael Walker,4548374690647649,Merchant: Henderson LLC,dining,31.8,14,13.76,0,0,2,0
Michael Watkins,4590440833692151,"Merchant: Clark, Stephens and May",online_shopping,52.34,13,0.1,0,0,2,0
Cassidy Bailey,4606441622034680,Merchant: Hartman LLC,grocery,53.89,13,4.7,1,0,2,0
Christopher Gutierrez,4389547716048056,Merchant: Smith-Taylor,grocery,33.72,6,3.61,0,0,0,0
Elijah Archer,4358844548124610,Merchant: Livingston-Willis,online_shopping,19.9,17,6.84,1,0,2,0
Lisa Hendricks,4709827290892902,Merchant: Torres-Jimenez,grocery,15.24,12,34.87,0,0,1,0
Kristin Hudson,4188135581039096,Merchant: Hughes-Ellis,grocery,24.37,5,22.08,1,0,3,0
James Livingston,4325428644494760,Merchant: Summers PLC,travel,35.55,14,18.62,0,0,0,0
Jeffrey Evans,4142585793470973,Merchant: Parks-Mccoy,gas_station,13.62,16,24.99,0,0,1,0
Dennis Santana,4124179424509201,Merchant: Howard-Schaefer,gas_station,27.63,10,36.59,0,0,1,0
Nichole Parker,4019522850247150,Merchant: Perez-Perkins,grocery,29.03,18,1.54,0,0,0,0
Benjamin Mosley,4763668709890456,Merchant: Daniel-Long,gas_station,32.08,10,18.04,0,0,1,0
Jennifer Reilly,4839472076953686,Merchant: Walsh Inc,online_shopping,6.64,7,17.14,1,0,0,0
Nicole Sanchez,4228987832697037,Merchant: Silva-Vance,grocery,52.83,17,1.34,0,0,0,0
Shannon Hill,4758813528590765,Merchant: Wilkinson LLC,dining,7.48,20,2.59,1,0,1,0
Darrell Ibarra,4955900953984976,Merchant: Allen PLC,grocery,72.26,8,10.28,0,0,2,0
Deborah Fox,4470340529419148,"Merchant: Davis, Gomez and Smith",travel,42.27,11,7.11,0,0,0,0
Mary Hoffman,4892970820680863,Merchant: Mckinney Group,electronics,17.23,16,10.83,0,0,1,0
Anthony Murphy,4662131307169528,Merchant: Nguyen-Aguirre,gas_station,30.23,11,0.16,0,1,0,0
Larry Woods,4560569873526907,"Merchant: Andersen, Baker and Miller",travel,34.12,7,20.28,0,0,2,0
Virginia Caldwell,4148975484119944,Merchant: Bryant-Barber,grocery,45.68,17,7.3,0,0,2,0
Patricia Boyd,4563387933235691,Merchant: Greer Group,travel,7.58,12,7.93,0,0,0,0
Debra Wright,4071072645629218,"Merchant: Jones, Fischer and Rosales",online_shopping,36.37,15,9.74,0,0,0,0
Adam Shannon,4210694379627043,Merchant: Tucker-Rodriguez,electronics,38.81,11,2.0,1,0,1,0
Betty Vazquez,4487827873586580,Merchant: Brown-Mitchell,grocery,38.19,10,19.93,0,0,0,0
John Williams,4363062777892830,Merchant: Watts Inc,grocery,16.08,16,3.28,1,0,3,0
Steven Stone,4298562311656955,Merchant: Jackson and Sons,online_shopping,25.64,9,28.82,1,1,0,0
Mark Mueller,4226796991791644,"Merchant: Adams, Smith and Morales",electronics,13.21,6,5.05,0,0,0,0
John Richards,4948711256738625,Merchant: Bennett Inc,grocery,31.81,11,4.79,1,0,0,0
Beth Sanchez,4743576593962189,"Merchant: Branch, Henry and Martin",online_shopping,40.24,12,1.87,0,0,1,0
Donald Reynolds,4592491616126683,Merchant: Glass Group,online_shopping,15.16,8,7.95,1,0,0,0
Timothy Hernandez,4823924576492290,Merchant: Taylor LLC,grocery,24.58,9,5.11,0,0,0,0
Lacey Morrow,4067938573594051,Merchant: Wang-Rojas,dining,83.0,15,7.12,0,0,1,0
Omar Kelly,4986555106116380,Merchant: Schneider-Koch,online_shopping,72.01,7,7.07,0,0,0,0
Brian Gross,4494130249372616,Merchant: Sparks Ltd,online_shopping,33.95,12,3.31,0,0,1,0
Scott Lin,4882275326261206,"Merchant: Mendoza, Torres and Weaver",online_shopping,29.12,6,14.73,0,0,1,0
Linda Lee,4690764767224544,"Merchant: Dickerson, Glenn and Robinson",grocery,49.66,10,4.25,0,0,0,0
Lori Franco,4663084830132142,"Merchant: Beard, Jones and Smith",electronics,10.22,12,5.61,0,0,1,0
Kristi Jordan,4334537502190325,"Merchant: Brooks, Lucas and Fuentes",online_shopping,32.82,20,10.82,1,0,3,0
Tammy Lynch,4413322457783372,Merchant: Osborne Ltd,grocery,69.06,18,25.36,0,0,1,0
Debbie Ward,4708638298852496,"Merchant: Cortez, Brown and Lopez",grocery,27.59,10,15.85,0,0,0,0
David Murphy,4721113208154261,Merchant: Knox Inc,grocery,31.0,12,10.31,0,0,2,0
Bradley Walker,4001968468737563,Merchant: Peterson-Johnson,dining,53.27,13,7.61,1,0,3,0
Jacqueline Dyer,4681437547401408,"Merchant: Schroeder, Owens and Andrews",travel,18.99,20,14.8,0,0,1,0
Clifford Poole,4254326350926360,"Merchant: Gross, Harding and Jennings",grocery,61.74,6,5.72,1,0,0,0
Michael Taylor,4368077630327183,"Merchant: Santos, Jones and Meyers",grocery,56.07,8,24.67,0,0,1,0
Chloe Ellis,4383275070860447,Merchant: Rollins Ltd,gas_station,39.82,6,2.87,0,0,2,0
Jason Douglas,4976034611738635,Merchant: Russell Inc,grocery,8.49,17,1.16,0,0,1,0
David Hayes,4563155930418614,Merchant: James-Hernandez,grocery,42.86,15,4.43,0,0,4,0
Kathy Steele,4767280950483712,"Merchant: Martinez, Heath and Thomas",dining,18.46,13,1.48,0,0,0,0
Jennifer Underwood,4290631479143946,Merchant: Hancock PLC,dining,21.34,7,0.56,1,0,1,0
Amanda Moody,4577513824442930,Merchant: Miller Ltd,dining,51.88,16,11.62,1,0,1,0
Marilyn Page DVM,4546266575401724,Merchant: Graham LLC,online_shopping,6.89,12,3.62,0,0,1,0
Diana Mullins,4944030205594219,Merchant: Braun-Simmons,gas_station,59.33,14,19.8,1,0,3,0
Brittany Ballard,4106794332031007,"Merchant: Church, Rodriguez and Perez",electronics,65.09,8,5.16,0,0,1,0
Matthew Freeman,4523211323042443,Merchant: Johnson Ltd,grocery,69.02,10,15.57,0,0,3,0
Amy Baker,4491717923393992,"Merchant: Mcdonald, Lynch and Smith",dining,41.09,18,13.67,0,0,2,0
Elizabeth Skinner MD,4535816192036585,Merchant: Harding-Whitaker,electronics,18.96,10,3.84,0,0,1,0
Riley Davenport,4107528911626111,Merchant: Murray-Blankenship,grocery,24.76,9,3.96,1,0,1,0
Carla Briggs,4132233168885119,"Merchant: Ford, Morgan and Smith",electronics,16.82,14,0.32,0,0,1,0
Diana Myers,4327154927651607,Merchant: Macias Ltd,dining,26.5,16,2.06,0,0,1,0
Paul Blair,4500869744625653,"Merchant: Watson, Harris and Freeman",dining,53.1,12,26.63,0,0,3,0
Olivia Gonzalez,4203843540974342,Merchant: Silva-Duran,grocery,26.13,13,0.26,1,0,1,0
Xavier Hanson,4178800719210719,Merchant: Christensen-Davis,gas_station,18.62,18,2.9,0,0,0,0
Chad Taylor,4918238604201904,Merchant: Molina-Lambert,online_shopping,39.92,8,16.34,0,0,2,0
William Lewis,4695473940616486,"Merchant: Little, Young and Moss",online_shopping,21.14,9,4.07,1,0,3,0
Crystal Robinson,4889874315772380,Merchant: Wilson Inc,grocery,11.19,5,9.47,1,0,2,0
John Jones,4213291066994757,"Merchant: White, Sutton and Mcintyre",grocery,20.66,21,21.71,0,0,1,0
Meagan Patterson,4777573059621044,Merchant: Moore PLC,grocery,111.02,17,18.6,1,0,1,0
Timothy Smith,4716726332482725,Merchant: Griffin-Gallegos,grocery,10.13,11,0.1,0,0,0,0
Brenda Mendoza,4058683082601556,Merchant: Gutierrez Inc,grocery,35.27,16,5.24,1,0,0,0
Nicole Edwards,4015538531934861,Merchant: Durham Inc,grocery,10.0,22,16.43,1,0,2,0
Amy Ramirez,4769634172191586,Merchant: Moss PLC,dining,9.52,7,8.35,1,0,0,0
Anthony David,4920086872641947,Merchant: Khan-Carter,grocery,135.63,22,124.08,1,0,8,1
David Perkins,4974362712137148,Merchant: Stewart Ltd,grocery,9.31,6,11.95,1,0,1,0
Rose Jackson,4919322798594164,Merchant: Schneider-Gilbert,gas_station,51.92,20,4.64,0,0,0,0
Devin Hardin,4121569108511973,Merchant: Brown and Sons,online_shopping,25.71,16,3.19,0,0,1,0
Amber Fernandez,4649671196140047,"Merchant: Armstrong, Smith and Robinson",online_shopping,53.35,14,13.43,0,0,0,0
Travis Marsh,4681574367152834,Merchant: Hernandez-Booth,grocery,25.6,11,7.16,0,0,4,0
Rebecca Lowery,4642692266400910,Merchant: Vega-Evans,gas_station,54.69,12,8.28,0,1,1,0
Jesse Martin,4176256320190190,"Merchant: Johnson, Gross and White",online_shopping,10.65,19,30.54,0,0,1,0
Robert Carter,4945967659296677,Merchant: Coleman-Nelson,electronics,32.84,8,3.48,0,0,2,0
Amy Olsen,4496397684574943,Merchant: Hernandez LLC,online_shopping,8.16,15,23.07,0,0,0,0
Sydney Green,4251730717853568,Merchant: Schultz-Brown,dining,27.16,7,2.39,0,0,0,0
Julia Parsons,4309800265018096,Merchant: Hamilton LLC,gas_station,26.01,13,10.72,1,0,3,0
Thomas May,4558959635538726,"Merchant: Martinez, Torres and Conley",gas_station,26.56,18,12.66,0,0,2,0
Erica Green,4477008286390009,"Merchant: Perez, Walker and Hunter",dining,43.87,9,4.11,0,0,1,0
Richard Burke,4664746821227979,"Merchant: Duncan, Jones and Dixon",grocery,23.36,9,19.54,1,1,1,0
Tammy Williams,4530177009345742,"Merchant: Schroeder, Murphy and Dorsey",grocery,25.55,7,23.49,0,0,0,0
Joshua Herrera,4523208025613331,Merchant: Bradley Group,gas_station,7.5,15,0.1,0,0,1,0
Brittany Byrd,4657610405871512,Merchant: Mendez-Barry,electronics,40.21,13,9.64,0,0,1,0
Gina Brennan,4923418686742453,Merchant: Wall and Sons,grocery,21.45,16,0.81,0,0,0,0
Christopher George,4564165057143746,"Merchant: King, Miller and Hardy",grocery,34.38,3,1.52,1,0,1,0
Lauren Watts,4225453800694665,"Merchant: Francis, Liu and Levine",gas_station,15.54,15,0.97,0,0,1,0
Peter Campbell,4704057188668926,Merchant: Small-Smith,gas_station,601.47,22,50.77,0,0,6,1
Jonathon Stevenson,4589517252023662,"Merchant: Simmons, Rose and Ali",dining,58.84,8,5.05,1,0,0,0
Karla Burton,4912286698826439,"Merchant: Romero, Castillo and Ford",electronics,18.06,11,12.97,0,0,2,0
Randy Jones,4237217127336474,"Merchant: Brown, Morales and Harris",dining,25.97,12,2.25,1,0,0,0
Carlos Miller,4235339282883496,Merchant: Robinson Ltd,grocery,39.53,7,5.13,0,0,2,0
Joseph Church,4387603299148904,Merchant: Bell LLC,online_shopping,32.53,19,12.68,1,0,1,0
Michael Haas,4423952896699959,Merchant: Raymond-Mason,gas_station,40.41,10,1.73,0,0,1,0
Renee Newton,4813243365716732,Merchant: Nguyen and Sons,grocery,29.11,5,4.96,1,0,1,0
Thomas Daugherty,4327331784182609,Merchant: Davis-Spencer,grocery,19.12,18,9.54,0,0,4,0
Scott Roy,4859131303889965,Merchant: Long Ltd,electronics,30.23,10,6.96,0,0,1,0
Mr. Robert Cantu,4599767910620361,Merchant: Jones Ltd,dining,23.3,14,4.0,0,0,3,0
Heather Matthews,4600987773564483,Merchant: Griffin Ltd,travel,15.82,18,6.59,0,0,0,0
Darlene Kelly,4878999588603971,Merchant: Duarte Inc,online_shopping,17.84,7,6.39,1,0,1,0
Nancy Merritt,4645466096484742,Merchant: Cervantes-Eaton,online_shopping,19.83,16,25.27,0,1,1,0
Brian Thompson,4156600977537381,"Merchant: Bailey, Garza and Morales",dining,8.09,13,2.08,0,0,1,0
Theresa Goodman,4505786481073787,Merchant: Hodge-Meyer,electronics,11.25,15,12.31,0,0,3,0
Justin White,4386910057964831,Merchant: Bowen-Lowery,dining,25.38,16,7.25,1,0,0,0
Scott Hernandez,4411433766699167,Merchant: Rios and Sons,electronics,43.01,20,20.47,0,0,2,0
Christopher Shelton,4224397623978311,Merchant: Stephens-Hall,grocery,17.42,16,26.32,1,0,3,0
Debbie Koch,4150238184467534,Merchant: Lawrence-Nelson,grocery,41.44,14,0.1,0,0,2,0
Tyler Stout,4404401128507963,Merchant: Flores and Sons,dining,139.44,14,21.09,0,0,1,0
April Ryan,4476049284617887,Merchant: Perez Ltd,travel,20.74,9,4.48,0,0,2,0
William Phillips,4413378014355500,"Merchant: Day, Reyes and Horton",electronics,17.33,3,7.5,0,0,0,0
Taylor Smith,4445499525986492,Merchant: Hanson-Blackburn,electronics,50.02,12,15.5,1,0,2,0
Kelly Romero,4449839229374667,Merchant: Palmer-Stone,electronics,54.77,7,0.58,0,0,1,0
Erin Nelson,4875032594140573,Merchant: Griffith Ltd,grocery,12.6,23,29.48,0,0,0,0
Christopher Dalton,4995596513128013,Merchant: Pena Ltd,electronics,420.95,10,171.82,1,0,4,1
Jamie Romero,4115385360384670,Merchant: Bennett-Moss,online_shopping,76.63,12,16.62,1,0,2,0
Logan Golden,4741924659415183,"Merchant: Spence, Perry and Lynn",grocery,24.48,13,6.78,0,0,1,0
Michael Crawford,4222290957502272,Merchant: Gamble-Blair,grocery,788.72,21,103.96,1,0,5,1
Stephanie Sanders,4975609337732862,Merchant: Young Inc,dining,43.75,16,0.78,0,0,0,0
Christine Meza,4786297128405556,"Merchant: White, Thomas and Case",online_shopping,18.08,10,1.41,0,0,1,0
Emily Hall,4232729702786498,"Merchant: Lewis, Christensen and Rodriguez",grocery,9.15,7,22.83,0,0,2,0
Thomas Wells,4331614538747155,Merchant: Mason-Howard,grocery,61.88,8,23.65,0,0,2,0
Caitlin Howard,4899254026427186,"Merchant: Wright, Terry and Boone",dining,21.0,19,6.76,0,0,1,0
Jason Blackwell,4414537336860203,Merchant: Moore Inc,online_shopping,29.46,16,10.8,1,0,1,0
Bradley Pacheco,4025134579648882,"Merchant: Turner, Hinton and Dorsey",dining,19.71,17,8.58,0,0,1,0
Matthew Armstrong,4199194110145061,"Merchant: Armstrong, Maynard and Woods",online_shopping,61.73,6,4.05,0,0,3,0
Brittany Mitchell,4615072919606143,Merchant: Nelson-Arnold,electronics,20.4,16,5.25,0,0,2,0
Thomas Friedman,4948220277544103,"Merchant: Norton, Garcia and Howard",grocery,55.35,11,2.23,1,0,0,0
Colleen Hernandez,4585227416471997,Merchant: Garza Ltd,gas_station,54.84,21,0.28,0,0,0,0
Peter Haynes,4128185716310303,Merchant: Hays-Bowman,grocery,31.46,14,7.83,0,0,1,0
Jeffrey Ford,4033997035155795,"Merchant: Gray, Jenkins and Patel",grocery,46.86,0,2.93,1,0,1,0
Brittany Ortiz,4364213791156996,Merchant: Sharp Inc,dining,19.61,7,1.35,0,0,1,0
Miranda Beck,4150840766979172,Merchant: Pham Inc,online_shopping,19.38,7,9.43,0,1,0,0
Amanda Bennett,4746438036723008,Merchant: Jordan PLC,dining,24.11,17,11.79,0,0,0,0
David Robertson,4915460601548276,"Merchant: Nicholson, Clark and Hall",grocery,106.98,14,10.96,0,0,1,0
Kristen Davis,4200697878489908,Merchant: Briggs-Taylor,grocery,29.67,18,6.84,0,1,1,0
Brian Pena,4864675280754207,"Merchant: Santos, Singleton and Jones",gas_station,60.1,11,0.1,1,0,1,0
Amanda Nelson,4429699885793830,Merchant: Marks Group,grocery,42.65,7,4.9,0,0,1,0
Sarah Bush,4138139140545685,Merchant: Moore Inc,dining,18.18,6,28.78,0,0,2,0
Robert Miller,4259401898053889,Merchant: Castillo-Wilson,dining,29.15,14,0.25,0,0,4,0
Anna Poole,4972361185777952,Merchant: Bowman-Ward,gas_station,14.21,7,17.53,1,0,1,0
Jacqueline Phillips,4241798433982105,Merchant: Casey and Sons,online_shopping,46.42,7,6.05,0,0,2,0
Sophia Dawson,4192245064423412,Merchant: Mueller-Owen,dining,33.23,16,2.44,0,0,0,0
Sheila Stephens,4870281167502207,Merchant: Martin Ltd,grocery,31.12,15,0.1,0,0,3,0
Wendy Evans,4460762632749255,Merchant: Thomas-Bolton,online_shopping,82.18,13,20.72,0,0,3,0
Phillip Rodriguez,4128539331132007,"Merchant: Dougherty, Reed and Dixon",online_shopping,16.68,17,4.2,0,0,0,0
Justin Brown,4058107693813608,Merchant: Morrison and Sons,grocery,19.74,9,16.39,0,0,1,0
Eric Anderson,4919616185762478,Merchant: Gonzalez LLC,gas_station,92.67,13,2.39,0,0,0,0
April Norton,4758190815485003,Merchant: Kelly Inc,dining,14.72,12,24.87,0,0,2,0
Timothy Sexton,4108277316409751,"Merchant: Martinez, Moore and King",dining,28.56,15,7.81,0,0,1,0
Mr. John Decker MD,4634000340948849,"Merchant: Rivera, Davis and Bailey",electronics,58.57,13,0.79,0,0,1,0
Tina Little,4894731978878537,"Merchant: May, Lewis and David",electronics,31.08,11,1.52,1,0,0,0
Seth Curry,4956823711757634,Merchant: Marshall-Juarez,gas_station,4.06,10,48.34,1,0,1,0
Barbara Graham,4321151302746644,"Merchant: Gutierrez, Hicks and Ray",electronics,17.91,16,0.53,0,0,3,0
Edward White,4956287514342863,Merchant: Robinson Group,grocery,18.65,6,11.28,0,0,3,0
Michelle Graham,4192102995722935,"Merchant: Hall, Pineda and Gardner",dining,34.26,14,7.38,0,0,1,0
Benjamin White,4533605369857044,Merchant: Whitney-Hodges,grocery,13.61,11,2.88,0,0,1,0
Austin Mitchell,4023854514818140,Merchant: Noble-Gaines,grocery,22.96,16,6.96,0,0,3,0
Kim Flynn,4922160090003772,Merchant: Lucas Group,grocery,21.85,13,18.16,0,0,0,0
Nicholas Pace,4087114125383973,Merchant: Carter-Villanueva,dining,71.24,12,16.42,0,0,0,0
Laura Atkins,4695962375582205,"Merchant: Johnson, Torres and Sullivan",online_shopping,20.85,6,22.46,1,0,1,0
Ann Huffman,4343648302439090,Merchant: Snyder-Novak,gas_station,17.96,15,13.05,0,0,1,0
Roger Sullivan,4052734791890224,Merchant: Bautista-Flowers,grocery,87.12,17,3.87,0,0,1,0
Vanessa Ramirez,4849370774420842,Merchant: Cook-Delgado,gas_station,22.37,13,13.06,1,0,1,0
Anne Martin,4440371037957128,Merchant: Hill-Cline,grocery,38.56,15,12.34,0,0,1,0
Ashley Dunn,4173534581166577,"Merchant: Henderson, Briggs and Mcdaniel",grocery,15.32,15,10.56,0,0,1,0
Shaun Henderson,4708106439595127,"Merchant: Jones, Walker and Martin",online_shopping,29.25,16,1.07,1,0,1,0
Michael Jackson,4662374040694572,"Merchant: Mcgrath, Roy and Mendoza",grocery,29.43,15,30.75,0,0,0,0
Aaron Mayer,4715877006935174,Merchant: Robinson and Sons,gas_station,25.49,15,38.06,1,0,1,0
Kimberly Lee,4126831822399514,"Merchant: Miller, Williams and Hayden",online_shopping,16.06,15,7.94,0,0,1,0
Shane Smith,4835318557751541,Merchant: Pearson-Carr,grocery,15.78,15,18.99,0,0,1,0
Erin White,4382484358072318,Merchant: Brown-Tran,online_shopping,19.96,21,3.38,0,1,1,0
Joseph Young,4504012809479346,Merchant: Burton LLC,online_shopping,54.29,10,0.93,0,0,1,0
Taylor Tran,4051778526373023,"Merchant: House, Martin and Lang",electronics,45.78,13,2.97,1,0,1,0
Jason Patrick,4553372315702981,Merchant: Saunders-Bright,grocery,52.38,16,3.45,1,0,0,0
Richard Saunders,4150912611337391,Merchant: Lamb PLC,grocery,26.6,13,0.21,1,0,0,0
Jerry Ferguson,4016014043044572,Merchant: Bryant LLC,grocery,65.21,12,8.71,1,0,0,0
Rodney Avila,4232326091731084,Merchant: Hartman LLC,grocery,33.02,15,1.44,0,0,2,0
Shannon Thompson,4945025482974612,"Merchant: Gomez, Burnett and Martin",grocery,76.32,8,5.45,0,0,0,0
Stacy Macias,4537410301135997,Merchant: Williamson-Warner,grocery,9.86,12,23.02,0,0,1,0
Stephanie Nunez,4271595769635403,Merchant: Davis Group,dining,15.88,14,11.78,1,0,1,0
Christina Olsen,4624089623027142,Merchant: Stewart PLC,grocery,11.96,14,12.32,0,0,0,0
Paul Wagner,4100822450259120,"Merchant: Chavez, Davidson and Watson",grocery,13.67,10,5.56,0,1,3,0
Sophia Richmond,4384451493188562,Merchant: Hull-Williams,grocery,33.91,14,6.46,1,0,1,0
Nicole Tate,4697124443382856,Merchant: Murillo Group,online_shopping,17.78,15,8.29,0,0,1,0
Jesse Wright,4582627158829612,Merchant: Smith LLC,dining,18.7,11,8.03,0,0,0,0
Traci Rodriguez,4850217703054455,Merchant: Nichols LLC,grocery,56.49,14,18.48,0,0,0,0
Cheryl Beck,4064512581445425,Merchant: Mclean Ltd,dining,35.68,18,17.89,0,0,0,0
Christina Perez,4034040113499766,Merchant: Patton-Hayes,gas_station,61.65,12,4.42,0,0,3,0
Annette Fernandez,4245687810540477,Merchant: Gray Inc,grocery,23.25,17,10.41,1,0,1,0
Tricia Bailey,4392839285387030,Merchant: Gibson PLC,dining,37.39,14,43.58,0,0,4,0
Omar Chandler,4507727990881094,Merchant: Juarez Group,dining,18.77,1,0.76,0,0,2,0
John Erickson,4176263789200106,Merchant: Doyle and Sons,electronics,56.2,21,20.75,0,1,1,0
Teresa Smith,4940936851349829,"Merchant: Hines, Shaw and Fox",dining,53.19,15,18.69,0,0,3,0
Karen Cruz,4349294464399444,Merchant: Stokes and Sons,online_shopping,19.49,11,8.45,0,0,2,0
Jenny Soto,4804810905654630,Merchant: Johnson-Harper,online_shopping,67.14,11,4.94,0,0,2,0
Kevin Smith,4419966455436716,Merchant: Walker and Sons,dining,58.0,9,0.75,1,0,0,0
Kimberly Garcia,4770177018123444,Merchant: Cameron and Sons,electronics,6.13,9,6.81,1,0,3,0
Deborah Townsend,4658912387197273,"Merchant: Hart, Robinson and Kelly",electronics,35.61,18,10.57,0,0,2,0
Julie Wallace,4976784123156110,Merchant: Mcgee PLC,dining,63.94,5,23.27,0,0,1,0
Joe Gordon,4348463700446415,Merchant: Smith and Sons,electronics,14.47,11,16.58,1,0,0,0
Wayne Barnes,4815643921192138,Merchant: Jones-Benjamin,dining,20.46,9,18.98,0,0,1,0
Maria Weaver,4091906774680391,Merchant: Stevenson PLC,grocery,14.06,8,20.52,0,0,0,0
Matthew Thompson,4756113890406266,Merchant: Pittman-Yoder,online_shopping,383.1,5,124.36,1,0,4,1
Wanda Short,4491745546815950,Merchant: Church-Miller,electronics,26.13,12,17.03,1,0,2,0
James Richardson,4696258666304964,Merchant: Rios-Flores,grocery,19.58,19,11.95,0,0,1,0
Jennifer Cruz,4180320530649082,"Merchant: Rocha, Davis and Garcia",electronics,23.92,16,8.73,1,0,1,0
Sergio Andrews,4879414800830245,Merchant: Jenkins PLC,grocery,35.03,3,13.66,0,0,2,0
Franklin Harris,4646113298833362,Merchant: Foster-Williams,grocery,53.21,10,11.04,0,0,3,0
Leslie Vance,4679007117758026,Merchant: Bradford Ltd,electronics,33.8,9,10.56,0,0,0,0
Gabriel Guzman,4883429038069519,"Merchant: Gomez, Goodman and Pugh",grocery,22.8,23,3.21,1,0,4,0
Lori Smith,4191176931103104,Merchant: Bruce-Zavala,online_shopping,19.19,15,5.08,0,0,1,0
Edward Taylor,4267993570176319,Merchant: Davis LLC,grocery,72.43,6,10.46,0,0,1,0
Alison Adams,4613869060174298,Merchant: Lewis-Bridges,online_shopping,10.59,13,32.61,1,0,2,0
Phillip Jenkins,4629814510596254,Merchant: Jones-Preston,online_shopping,31.16,8,5.08,1,0,0,0
Yolanda Brown,4490878015884800,"Merchant: Erickson, Sherman and Perez",online_shopping,16.74,13,23.06,0,0,1,0
Malik Washington,4408099125037541,Merchant: Lara-Perez,grocery,38.56,17,2.36,0,0,1,0
Kristen Larson,4058080155551497,"Merchant: Williams, James and Johnson",electronics,55.2,9,1.16,0,0,0,0
Michael Scott,4347947764637720,"Merchant: Guerrero, Lara and Sandoval",grocery,18.74,23,15.53,0,0,0,0
Luke Duncan,4745177630493151,"Merchant: Norman, Stephens and Rodriguez",grocery,28.91,8,9.04,0,0,0,0
Bernard Hicks,4114123317383649,Merchant: Harmon-Owens,electronics,42.84,8,1.68,0,0,1,0
Rebecca Boone,4855153063377316,Merchant: Harris-Riley,gas_station,41.0,17,12.2,0,0,1,0
Joel Roberts,4933281384038360,"Merchant: Davila, Duran and Phelps",online_shopping,33.7,6,3.05,0,0,4,0
Tony Cooper,4251179087577771,Merchant: Thomas-Butler,dining,9.72,14,8.21,0,0,2,0
Kevin Stokes,4462060901009958,Merchant: Brown-Fowler,travel,320.83,2,107.01,1,1,8,1
James Frank,4091153227603486,Merchant: Shields-Moss,dining,17.52,12,31.73,0,0,0,0
Deborah Stewart,4788004724571262,"Merchant: Yates, Johnson and Aguilar",grocery,65.71,6,22.45,1,0,1,0
Carol Bowman,4728072009015464,Merchant: Garcia-Thomas,online_shopping,26.69,16,19.26,0,0,1,0
Sheri Murphy,4807978425539610,"Merchant: Rogers, Colon and Walters",dining,12.09,9,1.27,1,0,1,0
Russell Downs,4684780405724586,Merchant: Lee-Bell,dining,35.52,13,24.5,1,0,1,0
Charles Ellis,4419645375739421,"Merchant: Pennington, Jimenez and Hill",dining,25.41,7,4.57,0,0,3,0
Dylan Guzman,4610995833053981,Merchant: Ward LLC,dining,70.25,14,2.62,0,0,2,0
Ryan White,4937175992711473,Merchant: Mann-Watson,online_shopping,40.44,18,3.0,0,0,0,0
Dawn Meyer,4442366594232368,Merchant: Jones-Russell,gas_station,7.72,10,0.19,0,0,1,0
April Wiley,4789614194466444,Merchant: Moore Group,online_shopping,19.63,12,13.44,0,0,1,0
Cheryl Wade,4370752218509321,Merchant: Campbell-Mendoza,grocery,13.34,10,13.85,0,0,2,0
John Estrada,4656702737614990,Merchant: Williams LLC,dining,184.78,12,0.82,0,0,0,0
Cynthia Larson,4291799989088395,Merchant: David PLC,online_shopping,17.51,9,0.75,0,0,2,0
Roy Paul,4676727062198711,"Merchant: Morse, James and Harrison",grocery,211.57,5,5.29,0,0,0,0
Gregory Joyce,4102014505149922,"Merchant: Bush, Mitchell and Taylor",electronics,19.52,16,1.38,1,0,3,0
Chase Choi,4892141558415316,Merchant: Ramirez-Garcia,travel,114.31,15,5.04,0,0,0,0
Suzanne Williams,4470590856417509,"Merchant: Morales, Davis and Jackson",gas_station,71.17,12,7.77,0,0,2,0
Michael Cortez,4658475142202127,"Merchant: Evans, Cowan and Price",grocery,65.59,9,2.49,0,0,1,0
Jennifer Vargas,4756162657712291,Merchant: Richardson Ltd,dining,10.48,17,17.29,1,0,1,0
Linda Newman,4700285582323855,Merchant: Rocha Ltd,dining,28.61,17,28.15,0,0,3,0
Walter Howard,4601903327176665,Merchant: Kim-Newton,grocery,14.94,9,38.62,0,0,1,0
Justin Saunders,4163423097811946,Merchant: Horn-Roberts,electronics,130.3,12,0.1,0,0,0,0
Jeffrey Weaver,4448808736126127,Merchant: Jordan PLC,travel,29.91,10,10.22,0,0,3,0
Wanda Reynolds,4398335049367776,"Merchant: Miller, Henry and Reid",grocery,18.61,21,9.38,1,0,2,0
Kathryn Castillo,4398572626056147,Merchant: Hill-Collins,grocery,12.73,13,6.18,0,0,0,0
Alicia Wilson,4892341119629922,Merchant: Mcmillan-Diaz,grocery,26.49,16,14.41,1,0,1,0
Jason Day,4250876397191034,"Merchant: Salazar, Foster and Sampson",grocery,56.05,8,11.07,1,0,1,0
Brian Christensen,4892807984197104,Merchant: Villegas and Sons,grocery,28.98,17,4.48,0,0,0,0
Stephen Martinez,4451991739316970,Merchant: Smith-Wilson,travel,10.62,9,9.2,1,0,0,0
Thomas Turner,4627988779091827,"Merchant: Mccoy, Adams and Cervantes",gas_station,35.73,14,2.15,0,0,0,0
Bonnie Larson,4906765336330191,Merchant: Moon-Collins,grocery,21.09,14,3.02,0,0,1,0
John Ortega,4572467468850160,Merchant: Middleton LLC,grocery,6.64,1,1.89,1,0,1,0
Kristin Hickman,4614815213802250,"Merchant: Alexander, Griffin and Hernandez",grocery,197.38,11,1.61,0,0,1,0
Jacqueline Turner,4750942215057446,"Merchant: Miles, Jackson and Brown",grocery,55.18,5,17.75,1,0,3,0
Charles Strickland,4500986191880258,"Merchant: Stokes, Weber and Kennedy",online_shopping,45.3,11,1.69,0,0,1,0
Thomas Carr,4057779055496015,Merchant: Dawson-Monroe,dining,19.81,16,21.42,0,0,0,0
John Stewart,4598927058874334,"Merchant: Sosa, Perez and Jones",grocery,26.34,3,18.61,0,0,1,0
Christopher Mcmillan,4565594884755548,"Merchant: Lee, Mcdonald and Park",online_shopping,12.8,15,4.03,0,0,1,0
Lee Rivera,4326049435292301,Merchant: Fitzpatrick and Sons,dining,19.5,8,6.43,0,0,1,0
Mark Keller,4611527277382029,Merchant: Phillips-Cooper,travel,12.59,12,2.64,0,0,0,0
Allen Porter,4407655803985870,Merchant: Hoffman-Williams,grocery,50.46,18,4.91,0,0,0,0
Mr. Joshua Cohen,4000023414323539,Merchant: Shea-Martinez,grocery,42.01,15,3.77,0,0,0,0
Kyle Burke,4575514203383374,Merchant: Dougherty-Francis,online_shopping,33.32,10,17.65,1,0,2,0
Brent Holloway,4846093675845767,Merchant: Smith-Guerra,travel,62.6,8,10.22,1,0,1,0
Danny Smith,4158676511171182,"Merchant: Martinez, Wagner and Medina",dining,96.26,18,2.83,0,0,0,0
Tracy Roberts,4298716945554818,Merchant: Pineda-Maynard,grocery,50.7,12,0.1,0,0,1,0
Colleen Martin,4443222087754625,Merchant: Murray LLC,gas_station,77.81,10,0.38,0,1,2,0
Stephanie Brown,4934721508421454,Merchant: Hunt-Shah,online_shopping,36.89,9,0.27,0,0,1,0
Jennifer Barrett,4009735200063331,Merchant: Stone-Waller,online_shopping,467.95,19,1.86,1,0,2,0
Tara Jones,4000790131985044,"Merchant: Haynes, Castro and King",grocery,12.93,7,8.17,0,0,1,0
Kaitlyn Leblanc,4205618741851954,Merchant: White PLC,electronics,15.23,8,6.47,0,0,1,0
Madeline Ford,4746847337509876,Merchant: Campbell Inc,gas_station,31.72,11,39.63,0,0,2,0
Raymond Herrera,4042883222747728,"Merchant: Swanson, Anderson and Barrera",gas_station,43.02,21,10.57,1,0,0,0
Danielle Reed,4334828991182760,Merchant: Beard-Levy,electronics,63.1,10,7.1,1,0,1,0
Michael Spencer,4224601930844706,Merchant: Miller Group,grocery,54.45,13,15.64,0,0,0,0
Kevin Torres,4522536147684280,"Merchant: Marshall, Carpenter and Allen",grocery,44.6,18,9.93,1,0,1,0
Hannah Marquez,4888301543347059,Merchant: Sharp LLC,electronics,62.59,10,48.77,0,0,0,0
Jared Madden,4434529278632118,Merchant: Jones PLC,grocery,12.84,17,7.63,0,0,0,0
Jacob Miller,4133939834378458,"Merchant: Reed, Jones and Villegas",online_shopping,37.92,11,7.36,0,0,1,0
George Williams,4748344834599616,Merchant: Henderson-Perez,online_shopping,27.13,13,16.05,0,0,3,0
Amber Parker,4038730721026987,Merchant: Tucker Group,dining,27.08,4,10.07,0,0,2,0
Jerome Parker,4506755057685349,Merchant: Sharp-Murphy,grocery,109.15,8,12.41,0,0,3,0
Phillip Fowler,4346748802225960,Merchant: Anderson and Sons,grocery,122.38,9,18.69,0,0,1,0
Charles Gonzales,4561476862498263,Merchant: Stewart-Lopez,online_shopping,29.59,13,18.88,0,0,3,0
Natalie Oconnor,4753939300344645,"Merchant: Johnston, Mcclure and Mejia",dining,22.12,4,20.91,1,0,1,0
Richard Murray,4911424647400052,Merchant: Parks Inc,dining,29.58,11,14.83,0,0,2,0
Eric Shaffer,4161846487070784,Merchant: Jenkins-Ochoa,travel,847.65,4,117.1,1,0,9,1
Christina Roberts,4085223296234097,Merchant: Thomas and Sons,online_shopping,32.38,19,3.83,0,0,3,0
Christina Cook,4046238850650940,Merchant: Lee Ltd,dining,31.94,16,9.82,0,0,2,0
Joseph Walker Jr.,4106048693572343,"Merchant: Ochoa, Jones and Bailey",online_shopping,42.68,10,5.19,0,0,2,0
Bradley Cobb,4964690094785999,"Merchant: Richards, Gordon and Lane",online_shopping,17.58,11,4.06,1,0,1,0
Cynthia Newman,4136966260933313,"Merchant: Keller, Potts and Mcgee",electronics,33.09,16,3.93,0,0,3,0
Veronica Simmons,4361237787461873,"Merchant: Dunlap, Sharp and Melton",electronics,43.92,9,28.72,0,0,1,0
John Nichols,4249795842382366,"Merchant: Miller, Frost and Baker",grocery,13.67,21,25.57,1,0,1,0
Thomas Jones,4675430053685454,Merchant: Wilcox-Sharp,grocery,34.91,19,6.53,1,0,1,0
Karen Alvarez,4297724830375977,Merchant: Cox-Morris,grocery,55.94,13,4.72,0,0,1,0
Ronald Graham,4534121329140371,Merchant: Baker-Santana,electronics,69.15,12,5.25,0,0,1,0
Arthur White,4291467156586530,Merchant: Howard and Sons,gas_station,116.7,8,2.8,1,0,2,0
Eric Murphy,4693289828136831,Merchant: Arias-Gibson,grocery,28.9,19,4.78,0,0,1,0
Tammy Daniel,4652808475401724,Merchant: Calderon-Johnson,online_shopping,14.9,12,12.73,0,0,1,0
Dr. Jose Garcia,4370273113749599,Merchant: Smith-Price,dining,15.26,8,10.87,1,0,2,0
Ashley Coleman,4624324499596775,Merchant: Lucero-Elliott,grocery,34.05,14,2.27,1,0,1,0
Eduardo Booth,4161503152197240,Merchant: Anderson-Christian,online_shopping,14.16,9,22.79,1,0,2,0
Nicholas Ramos MD,4671068150892179,Merchant: Ashley-Buchanan,electronics,29.18,11,10.62,0,0,0,0
Robert Chapman,4709160444746109,"Merchant: Meadows, Moon and Anderson",grocery,43.48,12,0.88,0,0,0,0
Eric Clark,4808102692669922,"Merchant: Howard, Oconnell and Morales",grocery,31.63,11,18.37,0,0,1,0
Kevin Johnston,4039820028443131,Merchant: Simmons-Long,travel,23.34,16,29.72,1,0,2,0
Lori Jordan,4047132439363647,"Merchant: Patel, Lopez and Baker",online_shopping,18.1,19,28.1,1,0,0,0
Gloria Lynch,4692706042561206,"Merchant: Taylor, Grimes and Greene",grocery,161.16,21,10.81,1,0,1,0
Rachel Norris,4717697033944546,"Merchant: Short, Mercado and Bell",grocery,14.8,1,7.41,0,0,1,0
Joseph Spencer,4237239728218018,"Merchant: Jones, James and Bennett",grocery,81.75,14,49.74,0,0,0,0
Kenneth Schmidt,4289782638152287,Merchant: Long LLC,electronics,31.33,19,8.29,0,0,1,0
Timothy Fletcher,4049776380136846,Merchant: Torres-Gibson,online_shopping,1507.15,5,15.99,1,0,3,1
Michael Fernandez,4584106922764197,"Merchant: Lang, Page and Wilson",online_shopping,11.43,1,41.75,0,0,0,0
Joseph Conway,4190878137160975,"Merchant: Lopez, Smith and White",gas_station,30.65,16,13.85,1,0,3,0
Edward Hill,4051149607836181,Merchant: Bowers PLC,travel,236.07,0,57.46,1,1,5,1
Paula Evans,4959782141274924,Merchant: Grant PLC,electronics,21.71,4,0.39,1,0,0,0
Stephanie Santiago,4714830504456673,"Merchant: Kline, Mcgee and Smith",dining,13.74,16,4.25,0,0,2,0
Lauren Kim,4941977031272712,Merchant: Roberts-Lee,online_shopping,44.68,18,14.69,0,0,0,0
Sherri Colon,4679517871258013,Merchant: Rivera PLC,gas_station,76.83,18,5.33,0,0,0,0
Erin Mckinney,4079145667684535,"Merchant: Miller, Lopez and Garcia",electronics,16.61,16,0.64,1,0,1,0
Joseph Dougherty,4159576721011963,Merchant: Barron-Johnson,online_shopping,4.52,17,3.25,1,0,0,0
Sarah Williams,4065098712884962,"Merchant: Washington, Randolph and Sanders",electronics,14.45,8,2.65,1,0,1,0
Jeremy Silva,4054315068946499,Merchant: Thompson-Becker,electronics,31.97,13,1.71,1,0,0,0
Lisa Prince,4773163062743292,Merchant: Patrick Inc,online_shopping,52.86,15,0.53,1,0,3,0
Sara Wilkins,4201453645125436,Merchant: Wilson Inc,grocery,7.5,20,5.03,0,0,0,0
Joshua Fowler,4444891247853029,"Merchant: Smith, Black and Meyer",dining,15.71,19,0.52,0,0,3,0
Jodi Miller,4926449760110462,Merchant: Cooley-Hess,online_shopping,38.16,11,9.22,0,0,2,0
Garrett Carpenter,4720207955914983,Merchant: Henderson PLC,grocery,14.88,17,5.27,0,0,0,0
Vincent Schaefer,4322916520090499,Merchant: Mata LLC,electronics,10.53,9,6.4,0,0,1,0
Rachel Norton,4766704264705685,Merchant: Boyer Ltd,grocery,39.18,23,0.36,0,0,1,0
Jon Russo,4664002186423641,Merchant: Sanders-Walker,dining,142.89,13,36.09,0,0,0,0
Jeanne Mills,4562542265063043,"Merchant: Nicholson, Bishop and May",dining,18.9,10,2.19,0,0,1,0
Nicholas Little,4167284945352566,Merchant: Smith-Cooper,gas_station,19.53,12,14.63,1,0,2,0
Jonathan Walton,4036916288750869,"Merchant: Lopez, Johnson and Irwin",grocery,24.24,13,13.07,0,0,0,0
Ashley Miller,4062985923297500,Merchant: Jones and Sons,online_shopping,14.73,14,38.78,1,1,3,0
William Vasquez,4910697436496776,Merchant: Grant Inc,dining,36.75,8,21.02,0,0,1,0
Denise Hendricks,4159683240821813,Merchant: Jackson LLC,gas_station,37.81,15,9.49,0,0,0,0
Stacy Johnson,4151519474288105,Merchant: Martinez PLC,grocery,30.15,13,24.25,0,0,1,0
Mary Delacruz,4639399201277602,"Merchant: Miller, Moore and Lee",grocery,40.67,8,8.24,0,0,1,0
Laura Singleton,4343157594511343,Merchant: Miller-Schwartz,grocery,46.1,11,5.85,1,0,0,0
Jill Ray,4606077131314377,"Merchant: Morgan, Vega and Stout",online_shopping,50.97,15,20.66,0,0,3,0
Charles Hensley,4325633725926677,"Merchant: Butler, Walker and Lee",electronics,20.87,22,2.13,1,0,1,0
Lauren Walker,4031510300767202,"Merchant: Hardy, Garcia and Gilmore",grocery,65.71,16,6.59,0,1,2,0
Ann Calderon,4073272342030953,"Merchant: Carey, Boyd and Allen",grocery,29.8,13,2.27,0,0,0,0
Jonathan Potter,4247412754365429,Merchant: Trujillo Ltd,grocery,36.3,18,22.23,1,0,1,0
Julie Curry,4999845083737695,Merchant: Jones Ltd,grocery,28.65,12,4.37,0,0,0,0
Maureen Lee,4609247401004225,Merchant: Turner-George,grocery,35.65,15,2.17,0,0,0,0
Alicia Garner,4215853654435929,Merchant: Hester-Williams,online_shopping,34.8,23,14.71,0,0,1,0
David Silva,4539764223417430,Merchant: Choi LLC,gas_station,76.89,13,10.53,0,0,1,0
Tyler Patel,4116114339314348,Merchant: Washington Inc,grocery,5.25,7,13.46,0,0,0,0
Victoria Parker,4983885342630156,"Merchant: Smith, Bass and Mayer",gas_station,37.82,4,13.06,1,0,1,0
Emily Martinez,4794090596903719,Merchant: Henry-Johnson,grocery,35.91,8,24.99,0,0,0,0
Amanda Brown,4907683841236119,Merchant: Kelly and Sons,electronics,32.38,5,0.25,1,0,1,0
Samantha Salinas,4369793806190150,Merchant: Smith-Rojas,dining,99.33,14,3.54,0,0,0,0
Michelle Williams,4256498767488546,Merchant: Perry-Frazier,gas_station,13.41,11,2.43,0,0,2,0
Shawn Evans,4213170589536644,Merchant: Jackson-Guerrero,grocery,25.77,19,33.79,0,0,5,0
Christine Jones,4776230503051002,Merchant: Dorsey-Hartman,grocery,31.3,14,4.5,1,0,1,0
Michael Buchanan,4102532581396331,Merchant: Lee Ltd,dining,21.83,7,4.74,0,0,1,0
James Morales DVM,4776331071468386,Merchant: Mcclure and Sons,grocery,16.21,9,8.17,1,0,2,0
Michael Hicks,4902544830621734,"Merchant: Green, Clark and Carrillo",grocery,80.63,15,8.32,1,0,1,0
Laura Clark,4230651779241177,"Merchant: Sullivan, Sanchez and Gallegos",online_shopping,48.67,19,3.71,0,0,0,0
Luke Bush,4384868174791457,Merchant: Adams LLC,travel,33.46,19,9.61,0,0,0,0
Kimberly Cantrell,4520319341358189,"Merchant: Garcia, Alexander and Valdez",grocery,34.36,12,9.99,1,0,0,0
Sarah Jordan,4176471794405913,Merchant: Fuller Group,dining,20.38,11,27.49,0,0,4,0
Tyler Cole,4987355522327425,"Merchant: Li, Delacruz and Smith",grocery,51.02,15,4.63,0,0,0,0
Matthew Valencia,4324223206906868,"Merchant: Jones, Walker and Bowers",gas_station,54.5,18,15.32,0,0,2,0
Cynthia Freeman,4085090301862026,Merchant: Shelton Inc,dining,16.34,8,8.86,0,0,0,0
Gregory Wiley,4185428118872698,Merchant: Simon Group,dining,20.26,12,5.61,1,0,1,0
Dylan Long,4767264940883694,Merchant: Cruz-Castaneda,grocery,34.78,10,4.36,0,0,1,0
Amanda Anderson,4633714411895652,"Merchant: Scott, Gonzales and Brown",grocery,41.81,10,5.99,1,0,0,0
Cynthia Tucker,4005233844389639,Merchant: Davis-Daniel,online_shopping,65.7,21,0.27,0,0,0,0
Scott Stephens,4481416764507867,Merchant: Scott and Sons,gas_station,100.03,8,12.07,0,0,1,0
Ralph Gray,4097777747142270,Merchant: Davis Inc,grocery,50.84,3,14.04,1,0,0,0
Thomas Phillips,4449119826230814,Merchant: Bauer-Richardson,electronics,18.44,15,22.58,0,0,1,0
Jamie Scott,4659467573954093,Merchant: Kent-Thompson,online_shopping,39.02,13,7.89,0,0,1,0
Michael Gutierrez,4705141716132495,Merchant: Brewer-Allen,online_shopping,129.26,10,8.51,0,0,2,0
Brian Kidd,4690700242459891,Merchant: Silva-Allen,electronics,67.97,10,6.48,1,0,1,0
Travis Walters,4785063158628538,Merchant: Martin-Jacobson,dining,89.0,20,15.41,0,0,2,0
Joseph Meyers,4331916446776980,Merchant: Davidson-Williamson,grocery,53.69,8,1.91,0,0,0,0
Jennifer Baker,4924065421202852,Merchant: Flowers-Wagner,grocery,13.35,16,3.5,0,0,0,0
Tracey Johnson,4338039244254663,Merchant: Harris Inc,electronics,11.62,13,3.22,0,0,2,0
Kimberly Taylor,4999788316622450,Merchant: Shepard Ltd,grocery,7.0,8,3.74,1,0,1,0
Alejandra Thomas,4048857784088436,"Merchant: Stafford, Jackson and Mullins",gas_station,33.83,15,1.73,0,0,3,0
Jay Peck,4110992959895670,Merchant: Pugh and Sons,grocery,45.37,7,18.4,0,0,0,0
Ashley Schultz,4270908660054072,Merchant: Anderson-Atkinson,online_shopping,10.46,13,1.97,0,0,1,0
Jody Rice,4762796112869220,Merchant: Johnson and Sons,online_shopping,20.0,10,3.92,0,0,0,0
Leslie Bauer,4207429257789820,"Merchant: White, Haynes and Jenkins",grocery,85.83,5,33.77,0,0,0,0
Laura Andrews,4677074068174068,Merchant: Walker-Johnson,electronics,26.15,16,0.8,0,0,2,0
Jon Green,4855245241411775,Merchant: Jimenez-Mckinney,dining,61.93,3,50.13,1,0,0,0
Sylvia Dalton,4591361856201861,Merchant: Johnson Inc,online_shopping,36.63,16,25.4,0,0,0,0
Melissa Smith,4145167262659613,"Merchant: Anderson, Garcia and Bailey",online_shopping,55.52,19,3.7,1,0,1,0
Jonathan Gallagher,4350232314223543,"Merchant: Duran, Atkinson and Brooks",dining,29.55,6,6.56,0,0,1,0
Louis Gibson,4149609144785385,Merchant: Evans PLC,online_shopping,308.01,19,101.14,1,0,1,1
Francisco Woodward,4579411332834847,Merchant: Eaton LLC,dining,38.43,10,5.58,0,0,1,0
Michael Guerra,4093618482018560,"Merchant: Middleton, Sandoval and Williams",online_shopping,55.2,9,16.91,0,0,1,0
Kimberly Orozco,4453426257034620,Merchant: Baker Group,dining,15.65,9,10.2,1,0,0,0
John Chavez,4446683121136938,Merchant: Sanchez Group,electronics,26.39,17,5.32,0,1,0,0
Alison Faulkner,4427734910534214,"Merchant: Davis, Collins and Harper",online_shopping,53.97,10,0.23,0,0,0,0
Toni Galloway,4299726793468143,"Merchant: Wilson, Fisher and Miller",grocery,53.63,12,7.08,0,0,2,0
Nina Combs,4931002298396062,Merchant: Watson and Sons,dining,28.79,4,0.8,0,0,3,0
Patricia Cannon,4181338224492444,Merchant: Weiss-Harvey,travel,17.92,9,2.97,1,0,0,0
Eric Clark,4491984636375621,Merchant: Jones-Zhang,gas_station,41.02,18,18.01,1,0,2,0
Kelly Brown,4121362117864348,"Merchant: Galvan, Martinez and Williamson",grocery,54.81,22,12.99,0,0,2,0
Joshua Ramos DDS,4772879522873632,"Merchant: Davis, Bryant and Bell",online_shopping,79.47,10,25.26,1,0,0,0
Courtney Young,4923013768858226,Merchant: Reed-Martin,grocery,14.84,9,19.42,0,0,0,0
Philip Cole,4534236446011329,"Merchant: Miller, Perez and Bryan",travel,14.92,11,5.3,0,0,1,0
Anna Love,4502135124859900,"Merchant: Matthews, Hamilton and Lee",grocery,23.98,12,2.22,0,0,0,0
Lisa Rodriguez,4736767086942064,Merchant: Rivera-Pruitt,gas_station,24.31,8,6.01,0,0,1,0
Cheryl Petersen,4282871053031659,"Merchant: Fritz, Diaz and Bell",dining,29.68,6,7.72,0,0,0,0
Tracy Lopez,4933121691388530,Merchant: White PLC,grocery,114.22,7,13.37,0,0,0,0
Casey Baker,4088845794706700,Merchant: Rowe and Sons,electronics,19.6,8,11.62,0,0,1,0
Andrew Green,4006862737520907,Merchant: Garcia-Houston,grocery,13.98,12,11.15,1,0,2,0
Carolyn Kane,4413679754053191,Merchant: Torres-Hill,grocery,37.45,13,12.93,0,0,1,0
Lisa Ramsey,4096794959368247,Merchant: Mccall-Stuart,grocery,37.82,18,63.56,1,0,0,0
Joel Smith,4431802130925662,Merchant: Blankenship Inc,travel,97.75,11,11.95,0,0,4,0
Andrea Brown,4317443860730318,Merchant: Blake-Rosario,grocery,18.65,1,9.32,0,0,3,0
Melissa Combs,4395911899618485,Merchant: Franco-Allen,dining,22.44,13,11.59,0,0,0,0
Karl Moore,4327930783006659,Merchant: Medina-Patton,travel,50.45,16,16.34,0,0,0,0
Richard Larsen,4356722438398894,Merchant: Murray Group,online_shopping,12.49,20,0.1,1,0,1,0
Amy Webb,4409111609145309,Merchant: Taylor and Sons,grocery,23.54,15,10.13,1,1,2,0
Annette Walters,4543175305776987,Merchant: Ortiz Inc,grocery,35.09,7,7.82,1,0,3,0
Paul Stephens,4000735900740120,Merchant: Bennett LLC,gas_station,37.47,14,7.65,1,0,3,0
Kevin Moss,4666492758206367,Merchant: Bailey Group,electronics,16.86,9,4.72,0,0,0,0
Patrick Bird,4171878946529900,Merchant: Williams-Robles,electronics,46.9,13,16.26,0,0,1,0
Laura Harris,4367820617569876,Merchant: Nunez Group,dining,41.83,12,0.16,0,0,0,0
Blake Crawford,4367072413344530,Merchant: Taylor Group,gas_station,18.8,13,8.23,0,0,0,0
Charles Roberts,4607755622923751,Merchant: Chan and Sons,grocery,31.81,8,10.98,0,0,2,0
Steve Brewer,4779758870644915,"Merchant: Jackson, Shepherd and Hull",grocery,36.38,17,3.53,0,0,1,0
Jason Rodriguez,4202375587676010,Merchant: Sullivan Inc,online_shopping,24.25,18,16.59,0,0,2,0
Amber Lee,4219821983962166,Merchant: Evans and Sons,online_shopping,71.86,18,0.99,0,0,2,0
Jeffrey Watts,4768898833757611,"Merchant: Gardner, Mora and Smith",gas_station,17.16,5,3.59,0,0,0,0
John Hernandez,4821059781538256,"Merchant: Potter, Ramos and Lopez",grocery,9.7,8,8.86,0,0,3,0
Michael Jackson,4346169500540255,"Merchant: Ramirez, Le and Watson",dining,92.79,14,39.6,0,0,0,0
Brittany Johnson,4045794748163612,"Merchant: Chan, Cameron and Taylor",grocery,13.41,10,4.57,1,0,1,0
Peggy Young,4296717845493943,Merchant: Perry-Salazar,online_shopping,40.82,4,1.06,0,0,1,0
Jennifer Taylor,4477243354484422,"Merchant: Barnes, Anthony and Cohen",gas_station,43.63,18,13.45,1,0,0,0
Christina Mullen,4902879852673696,Merchant: Adams Group,grocery,60.95,12,7.52,0,0,0,0
Alexandra Marshall,4942989713403357,Merchant: Young Group,grocery,36.73,16,8.39,1,0,1,0
Amanda Davis,4829842755718497,Merchant: Meadows Ltd,electronics,451.18,7,61.51,1,0,7,1
Gavin Yates,4202992598346969,Merchant: Evans-Lin,grocery,21.07,12,1.72,0,0,1,0
Allison Murray,4885139302728603,"Merchant: Phillips, Ochoa and Lewis",electronics,5.67,18,15.89,0,0,2,0
Ann Goodwin,4773054639998917,Merchant: Horne-Riggs,online_shopping,42.33,8,24.42,0,0,0,0
Jerry Martin,4190581133797432,"Merchant: Harrell, Johnston and Turner",online_shopping,24.48,11,4.71,0,0,1,0
Joshua James,4104318912009084,Merchant: Hernandez-Wolf,grocery,16.01,13,0.1,0,0,1,0
Jordan Wilkerson,4759702635371772,Merchant: Moore-Walker,grocery,63.17,2,8.63,0,0,0,0
Kathleen Lopez,4013963772486508,Merchant: Brown and Sons,gas_station,13.09,13,3.73,0,0,2,0
Rodney Stewart,4363614072524086,"Merchant: Sandoval, Brown and Gordon",online_shopping,11.19,19,10.49,0,0,0,0
Patricia Paul,4416995153533840,Merchant: Jones Inc,grocery,22.84,15,13.69,1,0,2,0
Yvonne Rodriguez,4741384177411844,Merchant: Rogers-Horn,dining,56.2,11,17.07,0,0,0,0
Robert Brandt,4877382487753208,"Merchant: Sherman, Barrera and Frank",grocery,18.23,10,5.41,0,0,1,0
Aaron Scott,4071978147185071,"Merchant: Wood, Sullivan and Page",dining,16.06,11,29.97,0,0,0,0
Anthony Good,4349025062737068,Merchant: Cole Inc,grocery,36.17,17,1.5,0,0,1,0
Olivia Carter,4405444553731335,"Merchant: Benitez, Chambers and Hughes",dining,258.97,23,70.8,0,1,8,1
Stephanie White,4289412987653541,"Merchant: Fox, Hernandez and Diaz",grocery,21.47,15,8.78,0,0,1,0
Matthew Smith,4488470821776224,Merchant: Powell Ltd,grocery,46.36,10,14.55,1,0,1,0
Daniel Matthews,4158111277107097,Merchant: Hamilton and Sons,grocery,43.43,8,2.11,1,0,1,0
Brenda Oconnor,4714628111879612,Merchant: Dunn-Leon,dining,39.0,11,6.32,0,0,0,0
Monica Aguilar,4085010264391565,Merchant: Fuller-Byrd,grocery,11.78,7,3.31,0,0,0,0
Rodney Salinas,4087079774854501,"Merchant: Richmond, Harvey and Allen",travel,15.71,9,15.65,0,0,0,0
Christopher Jensen,4707593494682778,Merchant: Mendez Inc,grocery,15.94,16,1.87,1,0,0,0
Clayton May,4545183079365126,Merchant: Gould Group,grocery,8.15,11,0.29,0,1,0,0
Brandon Leblanc,4994854462556358,"Merchant: Huber, Richards and Miller",electronics,193.8,19,2.11,0,0,0,0
Blake Owens,4558243052096736,Merchant: Hall-Perez,gas_station,51.23,17,1.62,1,0,0,0
Michelle Johnson,4733886211155690,Merchant: Stanley-Phillips,online_shopping,38.57,13,16.07,0,0,2,0
Brandi Gould,4534444703373057,Merchant: Sanchez Group,travel,35.89,11,46.01,1,0,2,0
Heather Fernandez,4225234813505688,"Merchant: Thompson, Rice and George",gas_station,36.18,7,22.2,1,1,2,0
Andrew Rodriguez,4632820706720009,Merchant: Diaz-Howell,grocery,14.85,20,6.38,0,0,2,0
Ashley Friedman,4816110948370294,"Merchant: Washington, Gross and Wagner",electronics,62.07,6,6.05,0,0,2,0
Tammy Davis,4212215921465589,Merchant: Finley-Smith,dining,12.72,7,1.02,1,0,3,0
Kimberly Sullivan,4662994703132824,Merchant: Singleton-Willis,online_shopping,201.41,8,24.92,0,0,0,0
Donna Obrien,4924098514316495,Merchant: Williams-Greene,gas_station,38.73,14,3.21,1,0,2,0
Jennifer Mendoza,4344049634186989,"Merchant: Byrd, Montgomery and Taylor",dining,14.37,0,0.33,0,0,1,0
Shawn Hooper,4676344528085746,Merchant: Thomas Inc,grocery,20.19,14,6.73,1,0,0,0
Beth Ford,4247687139159072,Merchant: Snyder and Sons,online_shopping,25.84,11,9.01,0,0,3,0
Dr. Kathryn Adams DDS,4294636772722920,"Merchant: Roach, Snyder and Long",dining,31.73,15,8.73,0,0,0,0
Paul Gonzales,4498683085067209,Merchant: Hunter Group,grocery,28.79,13,3.33,0,0,0,0
Vanessa Davila,4119133743992488,Merchant: Sanchez-Clements,dining,48.16,17,9.54,1,0,0,0
Andrew Carter,4021087870448556,Merchant: Miller-Cooley,gas_station,18.55,14,0.35,0,0,1,0
Bianca Kim,4633387469919300,Merchant: Bridges-Edwards,grocery,14.34,14,19.12,1,0,1,0
Jamie Mclaughlin,4158425614293836,Merchant: Salazar-Mayer,grocery,19.38,19,13.18,0,0,0,0
Taylor Mack,4159247015980723,Merchant: Miller-Blair,online_shopping,29.56,8,10.55,0,0,0,0
Christina Franklin,4478941097729719,Merchant: Hunter-Frost,dining,9.22,9,9.15,0,0,1,0
Bethany Gonzalez,4066679812675993,"Merchant: Harris, Sanders and Brooks",grocery,44.11,9,8.07,0,0,0,0
David Fernandez,4297160877686549,Merchant: Joyce Ltd,electronics,45.87,14,1.0,1,0,2,0
Debra Blackburn,4629981815826924,Merchant: Woods Inc,online_shopping,24.9,8,1.27,0,0,0,0
Christopher Walker,4393594109083773,Merchant: Harris Group,travel,34.79,18,1.7,0,0,2,0
Jennifer Hill,4557993968330931,Merchant: Johnson Group,grocery,20.65,9,21.84,1,0,1,0
Miguel Smith,4532961091753378,Merchant: Hernandez-Shaw,grocery,7.88,22,3.98,0,0,1,0
Christopher Paul,4899308276412775,Merchant: Pierce-Stark,electronics,814.43,6,62.73,1,1,3,1
Todd Hernandez Jr.,4575920985202791,"Merchant: Campbell, Thomas and Johnson",dining,12.45,12,1.49,1,0,1,0
April Clark,4232961251031675,Merchant: Howell Ltd,grocery,15.95,21,23.2,1,1,0,0
Antonio Smith,4861890787719859,Merchant: Adams and Sons,electronics,92.11,12,17.9,1,0,0,0
Danielle Carter,4615455059550173,Merchant: Rivera Inc,online_shopping,27.18,9,4.22,1,0,1,0
Jennifer Allen,4578496997936871,Merchant: Martinez-James,electronics,12.95,15,69.78,0,0,3,0
Aaron Black,4878874643071896,Merchant: Ellison-Giles,grocery,9.03,11,11.97,0,0,1,0
Paula Kidd,4056764771961519,Merchant: Harrison PLC,gas_station,21.77,3,11.72,0,0,0,0
Bryan Yates,4359467562552877,"Merchant: Gomez, Cross and Bass",online_shopping,12.72,12,0.65,0,0,0,0
Troy Jefferson,4287874732643535,Merchant: Williams-Collins,electronics,42.8,14,10.74,0,0,2,0
Paul Burton,4713791511246351,Merchant: Chavez Group,grocery,10.21,10,22.56,0,0,0,0
Brenda Simpson,4147042499317806,Merchant: Gallagher-Scott,grocery,15.09,11,19.23,0,0,2,0
Natalie Perkins,4133815910668444,"Merchant: Thomas, Johnson and Ware",grocery,35.35,12,26.22,1,0,2,0
Patricia Acosta,4179172029275967,Merchant: Russell LLC,online_shopping,49.85,14,5.95,0,0,1,0
Lisa Price,4245038952078126,Merchant: Barry-Moreno,grocery,56.06,13,8.15,0,0,0,0
Morgan Evans,4433570518915799,"Merchant: Short, Acosta and Alvarez",travel,49.84,8,10.37,0,0,0,0
Tiffany Bender DVM,4319372907058102,Merchant: Phelps PLC,dining,36.32,0,18.48,0,0,3,0
Karen Scott,4641859033202371,"Merchant: Holloway, Campos and Chapman",grocery,120.83,13,1.55,0,1,0,0
Anthony Morse,4301421177348840,Merchant: Cruz-Hill,dining,109.71,17,5.96,0,0,2,0
Valerie Robertson,4409807152410509,Merchant: Villarreal-Norton,grocery,47.02,8,25.83,0,1,0,0
Danielle Wilson,4744107509206864,"Merchant: Johnson, Gordon and West",travel,19.61,7,17.68,1,0,1,0
Ruben Benton,4752776200900360,Merchant: Robinson-Monroe,travel,19.13,10,24.84,0,0,0,0
Brendan Khan,4802746449187624,Merchant: Morgan-Perez,gas_station,134.23,23,0.1,0,0,1,0
Matthew Peters,4561838446376689,Merchant: Sanchez Ltd,grocery,26.0,12,2.07,0,0,1,0
David Mason,4391121447752042,Merchant: Shepherd-Kelly,online_shopping,41.37,10,0.87,0,0,3,0
Tonya Parker,4470324264487692,Merchant: Wilson PLC,dining,8.62,18,15.39,0,0,1,0
Chelsea Green,4476836264141247,Merchant: White-Bailey,gas_station,23.26,8,2.42,0,0,1,0
Alexandria Cox,4765358938990255,"Merchant: Freeman, Schmidt and Fowler",grocery,17.92,16,4.28,0,1,1,0
David Gutierrez,4043789420760497,Merchant: Stewart and Sons,grocery,25.5,13,49.15,1,0,2,0
Frank Harding,4836267455363181,"Merchant: Craig, Harrison and Brown",grocery,32.47,6,1.89,1,1,1,0
Danielle Perkins,4425805526114336,"Merchant: Chavez, Burns and Gibson",grocery,26.71,9,11.69,1,0,1,0
Sharon Reynolds,4255290606972587,"Merchant: Murphy, Owens and Taylor",electronics,10.53,11,4.72,0,0,1,0
Anthony Brown,4734009551509132,Merchant: Lee Ltd,gas_station,31.25,8,11.55,0,0,1,0
Stanley Le,4820813805465420,Merchant: Singh-Murphy,dining,13.84,17,7.59,0,0,1,0
Michelle Ryan,4695756575964951,Merchant: Barker Group,grocery,54.43,10,3.57,0,0,1,0
Jonathon Knapp,4185387376379756,Merchant: Mccarty PLC,gas_station,35.14,16,19.16,0,0,0,0
Kayla Carlson,4352794097090835,Merchant: Smith-Lewis,grocery,11.34,18,8.36,1,0,0,0
Tracy Hernandez,4275434539727793,Merchant: Evans-Jones,electronics,93.73,9,3.8,1,0,1,0
Brenda Schmidt,4883372619469783,"Merchant: Flynn, Moore and Arnold",dining,16.03,19,11.74,0,0,0,0
Andrea Baker,4463707315061822,Merchant: Good-Chavez,online_shopping,60.99,16,7.13,0,0,0,0
Chad Perez,4908924277781171,Merchant: Parker LLC,grocery,63.9,5,21.03,0,0,0,0
Mandy Lee,4712383918080467,Merchant: Gonzalez-Chavez,grocery,32.31,12,0.68,0,0,0,0
Trevor Walker,4990505366427740,Merchant: White-Ellis,grocery,104.52,14,2.84,0,0,0,0
Alicia Phillips MD,4152299572160188,Merchant: Zimmerman LLC,dining,134.39,7,16.24,0,0,1,0
Raymond Clements,4211813548236309,Merchant: Franco-Flowers,online_shopping,32.72,11,12.88,0,0,1,0
Evelyn Dunn,4964259839427752,Merchant: Thompson Inc,online_shopping,26.71,2,10.08,1,0,1,0
Teresa Fuller,4375406824634545,Merchant: Matthews and Sons,dining,21.79,14,5.2,0,0,1,0
Vanessa Reed,4651468298865851,Merchant: Roberts-Kelly,dining,58.56,11,13.69,0,0,1,0
Max Mcclain,4344125779119934,"Merchant: Lamb, Leach and Miller",online_shopping,21.82,6,9.34,1,1,1,0
Andres Marshall,4086402597706503,Merchant: Hatfield-Torres,dining,11.34,19,7.04,0,0,1,0
Anthony Simmons,4985941814527319,Merchant: Orr Group,grocery,7.8,16,38.15,1,0,0,0
Bradley Hoffman,4438345421164461,"Merchant: Smith, Riddle and Wood",online_shopping,39.09,8,4.65,0,0,1,0
Judy Johnson,4626339126578523,Merchant: Campbell-Bridges,gas_station,147.52,11,5.23,0,0,0,0
Nichole Thompson,4312401117148721,Merchant: Spence-Colon,travel,65.91,12,35.21,0,0,1,0
Mrs. Nancy Schaefer,4761893775988644,Merchant: Gill Group,dining,65.85,18,15.73,0,0,2,0
Gregory Martinez,4231299936756973,"Merchant: Shannon, Romero and Little",online_shopping,24.72,12,38.92,0,0,0,0
Deborah Patel,4163791401278410,Merchant: Anderson Inc,online_shopping,193.56,22,29.79,1,1,1,1
Jonathan Jordan,4467955631351916,Merchant: Hartman-Carlson,grocery,42.41,7,31.36,0,0,0,0
Courtney Briggs,4236420724064975,"Merchant: Carson, Fischer and Pace",gas_station,31.99,11,12.56,1,0,1,0
Susan Molina,4477311712518114,Merchant: Ramos-Peterson,online_shopping,45.03,3,0.46,0,1,0,0
Nicholas Arellano,4689918624313873,"Merchant: Garcia, Hughes and Martinez",gas_station,57.61,7,24.37,1,0,0,0
Christopher Thomas,4167715009211016,Merchant: Torres LLC,travel,19.02,10,2.75,1,0,1,0
William Christian,4839442389671424,Merchant: Miller-Gordon,travel,46.01,20,6.92,0,0,1,0
Roger Johnson,4470967608868017,Merchant: Thomas-Dean,gas_station,22.19,8,1.08,1,0,1,0
Faith Smith,4073799649124592,"Merchant: Mathis, Johnson and Collins",grocery,31.74,15,11.15,0,0,0,0
Dr. Mario Harris DDS,4898286287956322,Merchant: Henry Group,dining,20.63,8,30.47,0,0,1,0
Chase Young MD,4990598121149220,Merchant: Brown-Hill,grocery,128.07,0,0.43,0,0,0,0
John Ortiz,4299811944128471,Merchant: Holder-Mullins,online_shopping,33.04,6,9.39,0,0,1,0
Todd Sherman,4062042517444633,"Merchant: Fischer, Young and Atkins",grocery,14.19,9,10.74,0,1,0,0
Beth Ellis,4892445267889558,Merchant: Porter-Cruz,grocery,17.92,1,0.21,0,0,2,0
Jennifer Hatfield,4833422532041788,Merchant: Martinez and Sons,grocery,11.66,10,2.46,0,1,1,0
Sarah Padilla,4052490439479983,"Merchant: Anderson, Brandt and Newton",dining,39.92,16,7.79,0,0,0,0
Gregory Hale,4886845787429801,Merchant: Warren PLC,grocery,48.07,14,19.14,0,0,2,0
Christian Anderson,4481372932900726,Merchant: Cowan Group,grocery,25.72,15,0.98,0,0,1,0
Dr. Lisa Ramos,4378703139816735,"Merchant: Perez, Fox and Reed",electronics,1129.51,2,8.78,1,0,5,1
Dr. Jessica Chase MD,4351804487418651,"Merchant: Hutchinson, Lee and Henry",grocery,78.58,13,17.4,0,0,2,0
Kara Gallegos,4083581922268801,Merchant: Kennedy-Sanders,dining,45.31,18,11.85,0,0,1,0
Laura Fowler,4840560686423483,Merchant: Archer-Jones,grocery,53.42,11,24.15,0,0,0,0
Andrew Proctor,4335866644314181,"Merchant: Berg, Hunter and Walker",grocery,31.57,8,50.88,1,0,2,0
Jordan Mason,4958966766641365,Merchant: Martin Ltd,grocery,35.35,13,4.13,1,0,2,0
Mr. Charles Young,4726829337240656,"Merchant: Griffith, Bell and Durham",electronics,55.85,17,8.35,1,0,1,0
Robin Parker,4967276919229954,Merchant: Kelley LLC,electronics,46.47,13,23.3,0,0,2,0
Jason Stevenson,4280988379785453,Merchant: Everett Inc,dining,20.39,7,13.36,1,0,3,0
Christian Rodriguez,4092230636041448,"Merchant: Jennings, Howard and Shields",online_shopping,11.62,12,30.79,0,0,2,0
Richard Reynolds,4004357392536399,Merchant: Sanders Inc,grocery,40.23,7,3.83,0,1,0,0
Oscar Kelly,4286288585349481,"Merchant: Griffin, Moon and Sutton",grocery,18.62,16,14.36,0,0,1,0
Kenneth Jackson,4135296641467414,Merchant: Johnson Group,online_shopping,33.47,6,11.36,0,0,0,0
Mary Hill,4815686153441434,Merchant: Hernandez-Harris,dining,56.07,11,3.67,0,0,1,0
Robert Miranda,4293567684037142,Merchant: Johnson-Burgess,gas_station,120.27,2,6.03,0,0,0,0
Michael Snyder,4790734862338886,"Merchant: Riley, Ramsey and Moran",dining,33.74,22,22.66,0,0,1,0
Joshua Schmidt,4040610298217779,Merchant: Riley-Fitzpatrick,online_shopping,29.61,17,13.75,0,0,0,0
Aaron Barnett,4956447939706353,Merchant: Sanchez-Serrano,online_shopping,84.71,7,22.6,0,0,2,0
Darin Byrd,4606404153659044,"Merchant: Morgan, Green and Williams",online_shopping,22.33,20,1.14,1,0,1,0
Kathryn Shields,4791542518971490,"Merchant: Oliver, Garcia and Wallace",dining,8.23,5,16.51,0,0,1,0
Misty Rice,4779299613137107,"Merchant: Williams, Webb and Kim",grocery,85.43,14,3.53,1,0,4,0
Robert Herrera,4075624275024981,Merchant: Harris-Hayes,electronics,62.06,11,2.63,0,0,1,0
Jennifer Cline MD,4020858279346562,Merchant: Conner LLC,grocery,22.41,10,0.47,0,0,0,0
Rose Kaiser,4122165336309576,Merchant: Leonard Ltd,grocery,11.48,7,17.94,1,0,4,0
Christopher Humphrey,4413887030533387,"Merchant: Lambert, Brady and Baker",grocery,15.78,11,0.99,1,0,1,0
Matthew Ramirez,4210494032489000,Merchant: Bauer-Glover,dining,90.18,6,9.97,0,0,2,0
Charlotte Roy,4625612097332174,Merchant: Johnson Ltd,online_shopping,16.69,11,54.62,0,0,2,0
James Collins,4065756167322719,Merchant: Ramirez LLC,gas_station,20.34,16,8.89,0,0,2,0
Kelsey Smith,4484113023329590,Merchant: Simpson-Brown,travel,58.83,11,2.76,0,0,2,0
Kathleen Garcia,4788191155192500,Merchant: Morgan and Sons,dining,147.79,1,21.14,1,0,6,1
Shelia Cruz,4715679517359278,Merchant: Hill-Maynard,dining,10.98,8,10.24,0,0,3,0
Mrs. Amy Hale,4573100955034902,Merchant: Thomas Inc,dining,43.62,12,7.46,0,0,1,0
Jeremy Clayton,4809956736261718,Merchant: Richmond-Fuentes,grocery,18.66,16,12.89,1,0,5,0
Susan Williams,4151664064133673,"Merchant: Phelps, Salazar and Davis",grocery,44.76,16,16.38,0,0,0,0
Donald Mays,4274351131906248,Merchant: Herring-Jones,dining,56.1,11,8.11,0,0,2,0
Thomas Wells,4043738178372708,Merchant: Meyers PLC,electronics,47.45,17,4.83,1,0,0,0
Brian Vaughn,4472101493800897,"Merchant: Greene, Carey and Williams",grocery,10.3,10,2.04,0,0,3,0
Leah Owens,4660657088413612,Merchant: Sullivan Group,dining,23.18,2,32.6,1,0,0,0
Jennifer Norman,4590280240195152,Merchant: Williams-Allen,dining,31.83,10,16.01,0,0,1,0
Mark Hughes,4946796506378951,Merchant: Perry PLC,online_shopping,124.81,21,86.44,1,0,4,1
Paige Case,4527697210654363,"Merchant: Nolan, Mason and Sanders",dining,35.08,14,3.65,1,0,1,0
Lisa Potter,4473450410329343,Merchant: Martinez Group,grocery,17.33,7,8.79,1,0,2,0
Jordan Garcia,4335519768735034,"Merchant: Nelson, Lane and Gibson",online_shopping,21.05,7,6.91,0,0,4,0
Sarah Fields,4815535458771047,Merchant: Jordan-Hobbs,electronics,37.95,13,9.31,0,0,0,0
Erin Diaz,4979859225553294,Merchant: Hardin Inc,dining,40.65,7,1.02,0,0,1,0
Bryan Harris,4896690125816055,Merchant: Day-Cruz,gas_station,18.05,18,9.06,1,0,2,0
Danny Moreno,4457465588679782,"Merchant: Webb, Brown and Munoz",grocery,27.3,9,20.6,0,0,0,0
Alison Livingston,4959349209782493,"Merchant: Jones, Graham and Osborne",grocery,18.32,9,8.46,0,0,0,0
Megan Hood,4434935022809649,Merchant: Gomez-Davis,grocery,58.32,10,1.08,1,0,0,0
April Taylor,4863673779354895,Merchant: Buchanan Ltd,grocery,93.69,18,1.22,0,0,2,0
Philip Espinoza,4070900491241285,Merchant: Miller-Collins,gas_station,13.64,11,3.78,0,0,1,0
Tony Rodriguez,4489578316979225,Merchant: Buchanan-Wagner,dining,17.69,16,17.34,0,0,0,0
Michael Rodriguez,4075265822806429,Merchant: Miller Ltd,grocery,10.25,0,29.81,0,0,2,0
Vanessa Moore,4433622149406985,"Merchant: Briggs, Alexander and Cox",dining,16.79,14,24.95,0,1,1,0
Megan Koch,4520078687203215,Merchant: Keith Group,gas_station,55.27,11,12.94,0,0,0,0
Victoria King,4355519822167260,Merchant: Lopez LLC,grocery,78.13,12,2.13,0,0,2,0
Bryan Gonzalez MD,4250325072718091,Merchant: Farrell PLC,grocery,49.24,8,2.14,0,0,1,0
Jermaine Barnes,4699793982802561,"Merchant: Adams, Simmons and Bender",grocery,72.14,13,1.31,0,0,1,0
Stephanie Smith,4623762965581741,Merchant: Walker-Walker,grocery,38.64,13,0.15,1,0,0,0
Kimberly Nunez,4441658634478329,Merchant: Terrell-Garza,online_shopping,21.29,8,13.18,0,0,0,0
Holly Bell,4249914430143870,"Merchant: Greene, Lopez and Paul",grocery,18.98,20,32.37,0,0,0,0
Kathryn Smith,4364764390574450,Merchant: Moore-Jackson,grocery,44.62,20,5.03,0,0,1,0
Maureen Carter,4333641909370307,Merchant: Davidson-Williams,electronics,51.63,9,15.98,0,0,2,0
Brandy Walter,4010611289516977,Merchant: Bean Inc,grocery,42.28,6,16.08,0,0,2,0
Carla Holloway,4686472081722237,Merchant: Larson-Rodriguez,grocery,23.48,7,8.49,0,0,3,0
Andrew Holder,4568742328128312,Merchant: Thomas PLC,electronics,21.86,2,6.88,0,0,0,0
Pamela Arnold,4456942582264978,Merchant: Brown LLC,grocery,30.01,6,4.62,0,0,2,0
Debbie Estrada,4071421718152097,"Merchant: Jordan, Perry and Marsh",online_shopping,73.49,18,3.7,1,0,1,0
Robert Fleming,4181847862180350,Merchant: Ward Group,online_shopping,30.39,5,1.15,0,0,0,0
Jeffrey Vaughn,4068257533658891,Merchant: Gonzalez-Horne,online_shopping,36.18,0,2.12,0,0,3,0
Samuel Rocha,4621901142747997,Merchant: Weaver-Miller,dining,69.82,10,3.54,0,0,2,0
Paul Rich,4376024932828997,Merchant: Gordon-Chavez,electronics,45.11,10,36.74,1,0,0,0
Frank Fitzgerald,4857443049156084,Merchant: Galloway Inc,travel,52.79,12,4.17,1,0,0,0
Stephanie Colon,4257550441045248,Merchant: Chavez-Maxwell,grocery,81.22,11,12.7,0,0,0,0
Aaron Pennington,4784819285545346,Merchant: Wong-Krueger,electronics,25.52,11,10.35,0,0,2,0
Jack Krause,4292779954202592,"Merchant: Casey, Williams and Smith",dining,5.77,10,11.03,1,0,4,0
Mariah Wang,4955723255097531,Merchant: Webb Ltd,grocery,7.63,15,5.63,1,0,0,0
Brooke Allison,4424942096257731,"Merchant: Bolton, Williams and Williams",grocery,89.81,7,8.11,0,0,0,0
Melissa Harvey,4241315986667460,"Merchant: Harris, Carter and Sanchez",electronics,24.48,12,8.73,1,0,2,0
Laura Roberts,4966373288862589,Merchant: Bowen LLC,online_shopping,50.68,11,31.51,0,0,1,0
Kathy Robinson,4202342442299172,Merchant: Anderson-Strickland,grocery,40.52,5,15.93,1,0,3,0
Thomas Rodgers,4440147222249301,Merchant: Williams-Harris,grocery,51.8,18,4.18,1,0,3,0
Rhonda Cervantes,4598181504978139,Merchant: Schmidt-Johnson,online_shopping,46.32,8,15.95,0,0,2,0
Darryl Hernandez,4618572487239851,Merchant: Hawkins-Lucas,gas_station,65.56,20,5.11,0,0,1,0
Benjamin Alvarez,4942016315991009,Merchant: Grant LLC,dining,26.16,21,2.93,0,0,1,0
Robert Pierce,4538167528977788,Merchant: Miller Group,gas_station,67.1,21,3.86,1,0,4,0
Earl Marquez,4510074716470349,"Merchant: Floyd, King and Campbell",online_shopping,57.55,13,20.67,0,0,1,0
Michael Walls,4424799395619676,"Merchant: Chaney, Myers and White",grocery,28.47,19,14.96,0,0,2,0
Crystal Pierce,4559495833909145,Merchant: Austin Group,online_shopping,19.44,11,8.6,0,0,0,0
Gabriel Wilkins,4318753570226780,Merchant: Rasmussen Inc,gas_station,38.66,10,0.75,0,0,1,0
Desiree Jimenez,4443470674716958,"Merchant: Gutierrez, Larson and Walker",grocery,35.76,12,31.52,0,0,1,0
Wyatt Henry,4860177850774214,Merchant: Donovan-Dawson,online_shopping,50.56,11,0.16,1,0,3,0
Lauren Coleman,4673985260823000,Merchant: Miller Group,gas_station,21.29,7,7.67,0,0,2,0
Erica Wright,4462926406142421,Merchant: Cisneros Group,gas_station,22.31,9,22.35,0,0,2,0
Patrick Rocha,4466518822226155,Merchant: Harris Ltd,electronics,73.29,11,9.5,0,0,0,0
Joshua Jones,4696049522541703,"Merchant: Turner, Ray and Barnes",gas_station,18.53,19,1.19,0,0,0,0
Johnathan Aguirre,4084323752319530,Merchant: Jones-Carpenter,online_shopping,13.68,13,7.1,0,0,0,0
Kevin Hubbard,4921068426581711,Merchant: Nelson-Murphy,online_shopping,11.52,7,4.95,0,0,1,0
Mr. Jack Moore PhD,4798053043004115,"Merchant: Baker, Fisher and Hunter",grocery,17.36,6,0.38,0,0,2,0
Pamela Burnett,4695806526749769,Merchant: Black-Freeman,dining,17.7,6,27.83,0,1,2,0
Darren Reyes,4341667201707607,"Merchant: Lucas, Martinez and Peters",dining,45.11,13,19.48,1,0,0,0
Richard Graham,4724102856307138,Merchant: Baxter Inc,grocery,11.69,9,22.2,0,0,2,0
Wanda Ingram,4682580194166771,Merchant: Grimes Group,gas_station,11.72,13,5.39,0,0,0,0
Joel Thomas,4059380207615616,Merchant: Lewis Inc,dining,72.74,14,8.53,0,0,2,0
Jeremy Johnson,4765463044838479,Merchant: Stewart-Rodgers,dining,17.24,9,0.23,1,0,1,0
Ronald Marshall,4115489088155782,Merchant: Mcdonald-Lawrence,online_shopping,38.49,14,23.08,0,0,0,0
Robert Fischer,4033428046586406,Merchant: Oconnor-Smith,grocery,49.98,10,26.4,0,0,0,0
Dr. Paul Olson,4052224628862521,"Merchant: Sherman, Weiss and Hogan",travel,40.06,12,1.27,0,0,2,0
Cindy Tucker,4753490860137425,Merchant: Harris-Cooper,grocery,26.49,6,20.56,0,0,2,0
Darren Smith,4011899719071965,"Merchant: Smith, Hartman and Evans",grocery,81.82,14,2.57,0,0,1,0
Jeremy Nicholson,4408436455073292,"Merchant: Turner, Chapman and Murphy",grocery,104.45,22,3.76,0,0,2,0
Kathy Nguyen,4874173127439818,Merchant: Randall-Morris,dining,8.77,15,0.12,0,0,1,0
Christopher Williams,4040409731011489,Merchant: Foster Inc,grocery,28.59,10,10.91,0,0,0,0
Evelyn Townsend,4246901303933530,"Merchant: Walters, Decker and Lambert",online_shopping,36.8,13,4.47,0,0,0,0
Joseph Zavala,4120741132842861,Merchant: Short PLC,online_shopping,20.47,10,58.71,0,0,1,0
Charlene Black,4200952969206921,Merchant: Hubbard-Pineda,online_shopping,11.6,9,24.54,1,0,1,0
Angel Butler,4534813404854559,Merchant: Walker Inc,online_shopping,24.99,10,1.13,0,0,1,0
Adam Delgado,4257176014621445,Merchant: Holden-Howard,gas_station,53.3,12,6.66,0,0,0,0
Daniel Mendoza,4696915914049283,"Merchant: Smith, Kent and Brooks",online_shopping,37.85,8,21.19,0,0,1,0
Ruben Clark,4795006254525312,"Merchant: Acosta, Mccann and Martinez",dining,29.38,5,24.49,0,0,2,0
Nicholas Rasmussen,4183199643278816,"Merchant: Norman, Williams and Watkins",online_shopping,146.94,6,6.28,0,0,0,0
Jason Taylor,4816904545920885,"Merchant: Chang, Price and Anderson",travel,12.07,14,9.47,0,0,1,0
Claudia Rice,4846744985984106,Merchant: Wong LLC,travel,37.3,1,24.16,0,0,0,0
Sara Lawson,4686089680666639,"Merchant: Mendez, Freeman and Hoover",dining,10.36,10,40.16,0,0,1,0
Michael Johnson,4066595690652757,Merchant: Parker Ltd,online_shopping,105.28,12,8.46,0,0,1,0
Thomas Mills,4836355998066963,"Merchant: Aguilar, Reyes and Murray",dining,49.34,16,5.83,1,0,2,0
Michael Thompson,4610017125066074,Merchant: Oliver and Sons,grocery,12.23,17,7.29,0,0,0,0
Penny Waters,4875754830443962,Merchant: Dawson and Sons,gas_station,31.83,13,21.19,0,0,3,0
Gregory Johnson,4151425621909348,Merchant: Watson PLC,grocery,41.77,16,24.01,0,0,0,0
Sandra Ingram,4261744288276131,Merchant: Roberts-Fox,grocery,24.13,7,2.04,1,0,3,0
Kenneth Harmon,4750908006005001,"Merchant: Cruz, Smith and Burns",online_shopping,244.99,20,159.13,1,1,4,1
Erin Nash,4694331322557069,"Merchant: Todd, Martin and Forbes",electronics,72.02,9,6.46,0,0,0,0
David Smith,4094094895479261,"Merchant: Taylor, Anderson and Wilkins",grocery,21.95,21,12.76,0,0,4,0
Matthew Morris,4483830336192511,Merchant: Robinson-Gilbert,gas_station,27.03,16,10.63,1,0,1,0
Norman Porter,4756431629482386,Merchant: Johnson-Ward,grocery,17.79,15,13.92,0,1,0,0
Kathryn Morgan,4430836392464938,Merchant: Davenport-Jones,grocery,34.44,19,0.31,1,0,3,0
Jeffrey Jones,4993492588701409,Merchant: Patrick Inc,electronics,91.84,17,3.57,1,0,1,0
Alyssa Guerra,4387809713174794,Merchant: Brown Ltd,grocery,55.99,14,17.76,0,0,2,0
Bridget White,4486996007194610,Merchant: Brooks and Sons,grocery,39.74,20,13.15,0,0,1,0
James Hood,4326987966491265,Merchant: Cooper Group,grocery,86.9,15,1.0,0,0,1,0
Daniel Brown,4443256944702880,Merchant: Roberts Inc,gas_station,38.82,17,5.8,0,0,2,0
Tony Thomas,4580014476223814,"Merchant: Roman, Tran and Gilbert",gas_station,75.78,11,1.79,0,0,1,0
Philip Huff,4796508480198581,Merchant: Coffey and Sons,online_shopping,13.92,6,26.41,1,0,1,0
Marilyn Henry,4490935962285405,Merchant: Sanchez-Castaneda,grocery,20.46,15,34.17,1,1,3,0
Tracy Rodriguez,4782637352734334,Merchant: Bryant-Williams,dining,69.58,10,7.23,0,0,1,0
Richard Moore,4725560302080568,Merchant: Gallegos PLC,dining,7.98,12,4.94,0,0,1,0
Jacqueline Roberts,4285347174444912,Merchant: Walton Inc,grocery,11.53,16,5.81,0,0,0,0
Jennifer Tran,4850406188047171,Merchant: Kemp-Sanchez,grocery,12.69,19,12.86,0,0,0,0
Christopher Garcia,4156344254060433,Merchant: Clark Ltd,grocery,41.2,18,2.15,0,0,1,0
Kenneth Clark,4822171721930599,Merchant: Rodriguez-Rogers,travel,55.88,9,13.74,1,0,1,0
Cassidy Johnson,4675925667349090,Merchant: Maynard-Barrett,electronics,90.3,11,60.6,0,0,1,0
Jason Woodward,4047794169676785,"Merchant: Alexander, Wu and Kramer",online_shopping,47.24,9,35.1,1,0,2,0
Krista Davis,4767499767976813,Merchant: Lane-Vaughn,online_shopping,18.71,13,11.79,1,0,0,0
Deborah Gregory,4367363333418920,"Merchant: Ellis, Kim and Hess",dining,29.68,16,13.95,0,0,0,0
Ronald Brown,4914489659871182,"Merchant: Levine, Johnson and Roach",grocery,29.82,9,21.44,0,0,1,0
Sheena Hayes,4000275418730859,"Merchant: Travis, Montes and Edwards",online_shopping,25.3,9,7.77,0,0,2,0
Olivia Dorsey,4846528651584195,"Merchant: Perez, Clay and Allen",grocery,43.83,13,8.24,0,0,1,0
Angela Bradshaw,4515172013530800,Merchant: Miller LLC,dining,39.32,21,6.63,0,0,2,0
Richard Beasley,4131309469269624,"Merchant: Martin, Mendez and Gonzalez",grocery,32.01,7,3.74,0,0,1,0
Teresa Carter,4120282501505599,"Merchant: King, Delgado and James",travel,30.66,10,23.33,0,0,1,0
Cody Conley,4973742067351272,"Merchant: Johnston, Perez and Gutierrez",dining,37.01,12,2.79,0,0,0,0
Thomas Bennett,4128635161405560,Merchant: Gray and Sons,grocery,8.81,18,13.77,1,0,1,0
Brian Stokes,4296283555553558,Merchant: Washington PLC,online_shopping,313.04,10,89.39,1,0,3,1
Donald Wallace,4969772326418188,Merchant: Harvey-Rollins,electronics,95.47,10,2.33,1,0,1,0
Sydney Smith,4470025394689590,Merchant: Mcclain-Gray,online_shopping,28.1,9,2.57,1,0,0,0
Justin Figueroa,4089538772242884,Merchant: Miller Inc,online_shopping,13.27,10,11.93,0,0,1,0
Erika Brown,4070801648761508,Merchant: Jones-Thomas,electronics,30.57,9,3.49,0,0,1,0
Lisa Salazar,4258977404396848,Merchant: Fox-Walker,travel,7.77,17,6.78,0,0,0,0
Mrs. Melissa Robinson,4031181309184516,Merchant: Clarke-Cole,grocery,29.04,7,10.2,1,0,0,0
Bethany Haynes,4309128692876146,"Merchant: Clark, Murphy and Thompson",gas_station,55.39,14,0.39,0,0,2,0
Katherine Weaver MD,4359055042461783,"Merchant: Rodriguez, Andrews and Proctor",dining,60.8,6,3.08,0,0,1,0
Bailey Hughes,4696026976366720,Merchant: Williams Inc,online_shopping,48.82,13,35.63,0,0,3,0
Anthony Proctor,4747843272670152,Merchant: Beck and Sons,grocery,21.58,13,2.83,0,0,0,0
Jessica Martinez,4201365488359155,Merchant: Richardson-Powell,travel,9.02,7,10.18,1,0,1,0
Jason Foster,4308957871350551,Merchant: Mason PLC,travel,12.78,7,8.31,0,0,1,0
Christopher Roy,4070300548303057,Merchant: Barnes LLC,dining,54.98,4,30.41,1,0,1,0
Elizabeth Rowland,4326356443367102,Merchant: Ramsey-Ayala,electronics,64.86,13,29.45,0,0,0,0
Deborah Curry,4951418481243124,"Merchant: Hall, Kramer and Davenport",grocery,48.2,15,0.1,0,0,2,0
Allison Sharp,4557567937706668,Merchant: Johnson-Whitehead,electronics,68.05,13,0.75,0,0,2,0
Kimberly Turner,4298798799433851,Merchant: Griffin and Sons,grocery,66.71,6,5.13,0,0,1,0
Paul Chaney,4599995579651498,"Merchant: Burton, Rubio and Thompson",online_shopping,5.17,7,4.72,1,0,1,0
Sarah Smith,4680104674577191,Merchant: Moss Group,grocery,50.88,12,17.07,0,0,0,0
Adam Espinoza,4933831834884860,"Merchant: Johnson, Arroyo and Beck",gas_station,39.02,16,0.35,1,0,2,0
Tyler Richard,4388815037858573,"Merchant: Tran, Diaz and Lin",electronics,22.9,9,18.6,1,0,1,0
Carol Ingram,4845431056662420,Merchant: Robinson PLC,grocery,18.98,15,7.32,1,0,2,0
Paula Blackburn,4741762081920572,Merchant: Norris and Sons,online_shopping,21.15,13,5.05,0,0,0,0
Cynthia Johnson,4422242501349872,Merchant: King-Richardson,dining,15.69,20,4.01,1,0,2,0
Kenneth Johnson,4322865204138779,"Merchant: Rangel, Allen and Fitzpatrick",grocery,24.43,10,10.45,0,0,2,0
Steven Bailey,4030510509497727,Merchant: Garcia Group,dining,29.3,15,0.74,0,0,3,0
Daniel Smith,4402998293823200,Merchant: Dodson and Sons,gas_station,19.76,6,0.75,0,0,1,0
Hunter Williams,4145910274897527,Merchant: Crawford LLC,electronics,64.98,15,0.41,0,0,1,0
Susan Trujillo,4361696628906968,Merchant: Dalton-Lee,dining,42.61,7,2.98,0,0,1,0
William Wilson,4130998786279224,Merchant: Blair LLC,grocery,18.39,14,3.66,1,0,0,0
Courtney Morgan,4301723739434210,"Merchant: Edwards, Elliott and Blair",gas_station,44.94,20,2.99,1,0,2,0
Mitchell Merritt,4062552801822716,"Merchant: Holmes, Lang and Contreras",grocery,47.86,13,9.94,1,0,0,0
Jared Gordon,4905544914137984,Merchant: Hawkins Inc,grocery,34.22,14,2.31,1,0,0,0
Kristina Neal,4742791533530332,Merchant: Anderson-Peters,gas_station,49.42,7,2.15,0,0,1,0
Cory Parsons,4996608756625560,Merchant: Martin and Sons,electronics,25.74,16,11.66,0,0,1,0
Christopher Horn,4802158390459921,"Merchant: King, Mills and Mueller",gas_station,11.21,16,5.76,0,0,2,0
Christopher Simmons,4893831602448748,"Merchant: Ross, Adams and Jackson",dining,22.14,21,8.42,0,0,0,0
Joshua Reed,4116796524326549,Merchant: Garza-Garcia,grocery,31.92,22,24.31,1,0,1,0
Kimberly Brewer,4467401342872213,"Merchant: Williams, Obrien and Maxwell",dining,18.89,14,21.8,0,0,0,0
Ronald Kramer,4261123847699903,"Merchant: Kline, Rhodes and Vazquez",travel,18.84,17,9.65,0,0,1,0
Ann Hobbs,4374793243523487,"Merchant: Anderson, Williams and Davis",electronics,15.06,8,15.18,1,0,0,0
Richard Potter,4297734749285068,Merchant: Taylor Inc,grocery,15.17,19,0.16,0,0,1,0
Terry Carr,4606838205322657,Merchant: Stewart Inc,grocery,13.47,15,20.84,1,0,2,0
Tiffany Wilson,4760796487334927,"Merchant: Page, Martinez and Huynh",grocery,19.29,7,15.9,1,0,2,0
Jon Gonzalez,4389419942887022,Merchant: Dillon Ltd,electronics,41.96,8,16.4,1,0,1,0
Mr. Jacob Moore,4865570917419614,"Merchant: Barnett, Chandler and Evans",grocery,7.29,23,34.98,1,0,2,0
Janet Larson,4045038724754881,Merchant: Atkinson-Pugh,dining,135.83,9,40.3,0,0,0,0
Margaret Knight,4061253240743610,Merchant: Velazquez LLC,grocery,13.14,16,23.35,0,0,0,0
Gloria Odom,4845646371726788,Merchant: Thompson Group,grocery,45.49,14,11.84,0,0,0,0
Casey Foster,4067070393066274,Merchant: Hunt-Gibson,dining,27.31,16,2.55,0,1,1,0
Daryl Olson,4768574110208616,Merchant: Wood-Hawkins,dining,14.59,7,0.52,0,0,0,0
James Raymond,4833395782503030,Merchant: Irwin and Sons,electronics,93.94,13,48.6,0,0,4,0
Denise Flores,4725784090263802,Merchant: Curtis-Mccormick,dining,20.12,11,3.76,1,0,1,0
Katie Hardin,4113708079819003,Merchant: Hill LLC,online_shopping,24.33,11,2.67,0,0,2,0
Brian Bullock,4424316340891977,"Merchant: Rowland, Allen and Johnson",grocery,21.73,11,23.64,1,0,0,0
Stefanie Simmons,4591857448214742,Merchant: Fisher-Adams,grocery,32.8,21,29.72,0,0,1,0
Randall Johnson,4123804272050914,"Merchant: Torres, Wong and Taylor",dining,29.97,19,15.77,0,0,0,0
Brooke Harmon,4223616364351532,Merchant: Jones-Orozco,grocery,54.63,19,32.23,1,0,2,0
Debra Baxter,4922115208274814,Merchant: Bailey Inc,grocery,33.12,14,6.11,0,1,0,0
Corey Thornton,4443094784519845,Merchant: Kent PLC,grocery,81.9,10,0.31,0,0,0,0
Michael Dalton,4258427581491178,"Merchant: Hernandez, Johnson and Johnson",grocery,13.16,12,5.02,0,0,0,0
Evan Nelson,4599388864663669,Merchant: Mason-Mccarthy,grocery,30.26,20,7.12,0,0,1,0
Brenda Perkins,4385340218737630,Merchant: White-Warren,travel,53.69,8,4.59,1,0,1,0
David Skinner,4023717821745332,"Merchant: Miller, Weber and Palmer",grocery,29.77,8,16.55,0,0,0,0
Jessica Lowery,4453215808148322,Merchant: Hayes Ltd,online_shopping,123.81,5,12.37,0,0,1,0
Charles Owens,4296978426090629,"Merchant: Johnson, Roth and Weber",online_shopping,20.09,21,30.19,0,0,1,0
Jacqueline Figueroa,4133577501649361,"Merchant: Wall, Figueroa and Jones",online_shopping,41.38,7,44.26,1,0,1,0
Brittany Davis,4926852343008733,Merchant: Richardson Group,gas_station,25.27,18,1.49,0,0,1,0
Michelle King,4280727168350297,"Merchant: Taylor, Taylor and Gonzalez",dining,14.6,21,10.45,1,0,0,0
Erica Huynh,4167144455056173,Merchant: Wiley-Miller,gas_station,5.57,16,5.57,0,0,0,0
Leslie Fitzgerald,4564068286700627,Merchant: Floyd-Floyd,dining,20.34,7,0.15,0,0,1,0
Elizabeth Daniels,4356013096467886,Merchant: Cordova Ltd,grocery,95.87,14,12.06,0,0,3,0
Jeffrey Walters PhD,4422424253486694,"Merchant: Smith, Fitzpatrick and Garner",grocery,41.57,9,15.41,0,0,2,0
Daniel Young,4811875081677953,Merchant: Wagner and Sons,online_shopping,17.15,13,7.79,0,0,1,0
Kevin Grant,4332453953321298,"Merchant: Klein, Brown and Silva",grocery,7.26,11,6.27,0,0,1,0
Hunter Williamson,4998138525511600,"Merchant: Sloan, Cook and Lopez",travel,33.02,8,1.36,0,0,2,0
Gerald Moran,4647173323685152,Merchant: Paul LLC,online_shopping,35.79,14,7.58,0,0,1,0
Toni Hill,4649201049121042,"Merchant: Ramos, Williams and Lee",grocery,18.28,15,19.56,1,0,1,0
Felicia Gordon,4768385805909339,"Merchant: Garcia, Moore and Villa",dining,11.06,16,0.98,1,1,2,0
Nancy Moreno,4271050908971715,Merchant: Buchanan-Griffin,grocery,25.26,12,53.63,1,0,1,0
Kimberly Kaufman,4562754243163254,Merchant: Clark Group,online_shopping,50.05,11,22.52,0,0,1,0
Jeffrey Leon,4043651123870157,Merchant: Tucker Ltd,grocery,31.69,9,5.72,0,0,1,0
Richard Smith,4243406779185436,"Merchant: Acosta, Kramer and Parsons",dining,17.65,11,32.82,1,0,1,0
Jennifer Martinez,4150742091418969,"Merchant: Hernandez, Kim and Walker",gas_station,12.86,13,0.61,0,0,1,0
Carol Torres,4236963047633984,Merchant: Carter-Watkins,online_shopping,73.46,12,2.7,0,0,1,0
Richard Golden,4834075661313789,Merchant: Clark and Sons,grocery,32.28,12,15.11,0,0,0,0
Angela Richards,4326003429286142,Merchant: Solomon-Jones,grocery,25.57,20,13.61,0,0,1,0
Christopher White,4917529896961853,Merchant: Hunter and Sons,dining,20.2,13,10.97,1,0,2,0
Paul Ferguson,4288703373636525,Merchant: Bruce and Sons,grocery,37.56,7,0.1,0,0,4,0
Robert Peck,4946960331409445,"Merchant: Jimenez, Pitts and Garcia",dining,52.96,9,8.22,1,0,0,0
Peter Zhang,4368419234385631,Merchant: Miller-Mitchell,gas_station,46.56,13,3.78,0,0,1,0
Juan Lopez,4752503777658506,Merchant: Williams-Walker,online_shopping,56.8,21,0.3,1,0,0,0
Shirley Lucas,4366653844262150,Merchant: Morrow-Graham,online_shopping,31.43,13,7.23,1,0,1,0
Tracy Mcguire,4385304188711702,"Merchant: Carter, Collins and Morton",electronics,6.78,11,24.12,0,0,2,0
Donald Roberts,4339218537030746,Merchant: Walsh Group,grocery,35.5,17,6.21,1,0,2,0
Linda French,4722880968075931,Merchant: Woods-Lewis,dining,23.16,13,7.02,0,0,0,0
Mary Foster,4926325038682765,Merchant: Odonnell LLC,dining,58.22,10,33.23,0,0,2,0
Jill Taylor,4939803498520571,Merchant: Foster and Sons,online_shopping,59.44,18,8.42,0,0,2,0
Dennis Guerra,4647715027322241,"Merchant: Williams, Howard and Townsend",grocery,50.12,16,26.31,0,0,2,0
Ryan Mccarty,4094581085858254,Merchant: Foley-Wood,grocery,16.71,11,9.78,0,1,2,0
Cory Jones,4947881847849933,"Merchant: Ramirez, Russell and Hale",grocery,216.38,15,23.66,0,0,0,0
Maria Smith,4883762650764938,"Merchant: Johnson, Robbins and Montgomery",electronics,10.3,7,3.97,0,0,0,0
Benjamin Mclaughlin,4239027094854542,Merchant: Taylor Group,online_shopping,8.23,15,14.04,1,0,1,0
Daniel Wood,4491168976830409,Merchant: Garcia-Sanchez,dining,6.45,8,10.55,0,0,1,0
Manuel Taylor,4955831929273022,Merchant: Holland-Martinez,grocery,68.44,12,4.17,0,0,2,0
John Miller,4578493094216596,Merchant: Yates PLC,online_shopping,28.88,9,2.83,0,0,3,0
Janet Smith,4153990008119777,Merchant: Jacobs-Glass,grocery,21.03,12,2.61,1,0,5,0
Vincent Huynh,4507197462942925,"Merchant: Jones, Hall and Patterson",travel,21.63,12,23.07,0,0,0,0
John Johnson,4759039013841286,Merchant: Burns PLC,online_shopping,61.59,12,7.18,1,0,1,0
James Mclean,4537326377343036,Merchant: Lam-Miller,grocery,60.66,13,17.75,0,0,2,0
Sandra Brown,4444377554370690,Merchant: Jones LLC,travel,54.2,13,10.57,0,0,0,0
Sheila Myers,4459596114499507,Merchant: Oliver-Hutchinson,dining,8.29,13,10.69,0,0,2,0
Joseph Ayers,4600022585664600,Merchant: Lowe Group,grocery,28.57,8,12.49,1,0,1,0
Kenneth Perez,4287705645296781,Merchant: Evans Ltd,grocery,7.55,9,4.5,1,0,2,0
Devon Davis,4498434881652806,Merchant: Tran LLC,grocery,62.23,16,4.95,1,0,2,0
Mary Mathews,4734513025626083,Merchant: Garcia-Aguilar,online_shopping,18.72,11,18.71,1,0,2,0
Christine Dillon,4593994409727947,Merchant: Moore-Daniels,online_shopping,22.27,12,6.89,1,0,1,0
Jason Smith,4849533005068264,Merchant: Bradley and Sons,online_shopping,32.21,17,34.29,1,1,2,0
Lisa Campbell,4635932277775762,"Merchant: Tyler, Massey and Riley",dining,59.93,7,4.07,0,0,3,0
Jeffrey Taylor,4601872812961354,Merchant: Chapman PLC,grocery,21.35,10,7.8,0,0,2,0
Brett Bailey,4996400633557855,Merchant: Chang Group,online_shopping,29.15,3,5.49,0,0,1,0
Donna Sexton,4389449912610252,"Merchant: Hughes, Irwin and Alexander",dining,44.08,14,4.98,1,0,1,0
Christopher Harrison,4885752271851865,Merchant: Hunter LLC,travel,21.36,18,14.5,0,0,2,0
Kelly Woods,4957141479453430,"Merchant: Friedman, Morgan and White",grocery,58.5,12,27.11,1,0,1,0
Thomas Johnson,4230221517513590,Merchant: Logan-Joseph,dining,63.85,7,5.81,0,0,0,0
Christine King,4468120952059171,"Merchant: Smith, Cook and Turner",online_shopping,25.94,12,4.47,1,0,2,0
Marcus Williams,4289487965558474,"Merchant: Smith, Jones and Palmer",online_shopping,75.95,11,1.36,0,0,0,0
Jeffrey Jones,4336139115576301,"Merchant: Cox, Evans and Williams",grocery,11.23,8,13.25,0,0,2,0
Gerald Hunt,4570326198906738,"Merchant: Contreras, Alexander and Miller",gas_station,31.08,11,6.07,0,1,0,0
Zachary Huff,4693269280722294,Merchant: Peterson Ltd,grocery,39.19,11,3.83,0,0,1,0
Luis Lopez V,4248944053536044,"Merchant: Cruz, Mendoza and Morrison",electronics,23.95,13,5.14,1,0,0,0
Stephen Mitchell,4567395387464416,Merchant: Rodriguez PLC,dining,41.53,16,4.64,1,0,0,0
Eric Ingram,4339736911755745,Merchant: Greene PLC,dining,34.15,16,31.9,0,0,1,0
Jon Robinson,4173080686403564,Merchant: Schmidt-Burgess,online_shopping,46.68,13,22.02,0,0,1,0
Richard Flynn,4077392476525382,Merchant: Wolf-Davis,dining,17.6,5,0.32,0,0,0,0
Jasmine Scott,4306315392101999,Merchant: Wilson and Sons,dining,57.91,16,2.42,0,0,1,0
Yolanda Martin,4379157488259360,Merchant: Moreno-Parrish,gas_station,24.16,1,14.06,1,0,1,0
Patricia Wood,4280525722385134,"Merchant: May, Lambert and Jenkins",grocery,58.97,17,0.11,1,0,0,0
Ryan Taylor,4899433796287711,Merchant: Hartman PLC,grocery,25.97,15,17.56,0,0,1,0
Amanda Watts,4772323216787766,"Merchant: Lewis, Thompson and Martinez",travel,55.78,17,30.67,0,0,2,0
Jose Gross,4210745414395176,"Merchant: Wright, Watkins and Greene",dining,74.69,17,1.0,1,0,1,0
Matthew Krause,4637290992016584,"Merchant: Davis, Green and Norman",electronics,40.25,12,18.04,1,0,2,0
Gerald Mason,4610566283073389,Merchant: Wright and Sons,electronics,40.18,6,2.12,1,1,3,0
Stephen Olson,4758406182528229,Merchant: Acosta-Smith,online_shopping,13.14,20,6.09,1,0,0,0
Carrie Myers,4282151831044237,Merchant: Robbins PLC,electronics,10.11,14,3.59,0,0,2,0
Frank Lawrence,4931484075903445,Merchant: Garcia-Cooper,online_shopping,30.7,19,58.17,0,0,1,0
Robert Perkins,4721248987901712,Merchant: Vasquez and Sons,travel,15.0,12,2.09,1,0,0,0
Joseph Green,4385971586984485,Merchant: Travis Inc,grocery,30.94,14,13.58,0,0,3,0
Eric Mathis,4204319809937584,Merchant: Cain-Benton,travel,24.88,7,0.87,0,0,0,0
Nancy Carter,4523736180242991,Merchant: Thompson Ltd,gas_station,39.87,9,3.51,0,0,1,0
Tyler Mills,4372321031139951,Merchant: Gilbert Ltd,online_shopping,7.05,17,42.52,1,0,0,0
Jim Foster,4265255087273944,Merchant: Neal PLC,grocery,27.03,1,4.62,0,0,0,0
Joshua Hayes,4687302122922570,Merchant: Snyder Group,grocery,18.92,9,1.34,0,0,2,0
Savannah Johns,4552159783855503,Merchant: Green-Alvarado,dining,39.13,11,8.67,0,0,3,0
Jason Mcdonald,4376796941139397,Merchant: Eaton-Moon,grocery,28.47,11,7.38,0,0,1,0
Jasmine Hall,4813802207493204,Merchant: Odom-Santana,dining,8.69,13,21.21,0,0,1,0
Rhonda Oconnell,4535149842289119,"Merchant: Sloan, Evans and Morrison",electronics,20.38,11,15.62,0,1,1,0
Matthew Khan,4220790783473640,Merchant: Larson-Mcdowell,dining,18.55,15,6.45,1,0,0,0
Jake Holmes,4257693222807400,Merchant: Perez Group,electronics,77.39,15,19.33,0,0,0,0
Amanda Brown,4246526813246972,Merchant: Trujillo-Guzman,grocery,16.52,7,11.54,0,0,2,0
Tim Jackson,4868454983849706,Merchant: Miller-Chandler,electronics,25.64,13,3.74,1,0,1,0
Alexandra Holmes,4259267573133548,Merchant: Harris Inc,electronics,29.5,10,6.1,1,0,1,0
Michael Santos,4715233619368140,"Merchant: Ellis, Williams and Contreras",grocery,28.62,9,2.14,0,1,1,0
Janice Roberts,4491234335796127,"Merchant: Anderson, Sherman and Riddle",grocery,49.9,15,2.84,1,0,4,0
Jason Khan,4751345340482266,"Merchant: Montgomery, Shepherd and Johnson",online_shopping,43.44,10,3.77,0,0,2,0
Steven Perez,4550976128437321,Merchant: Romero-Gibson,gas_station,14.29,1,11.21,0,0,2,0
Derek Coleman,4571621699833608,Merchant: Cain Ltd,dining,30.36,1,5.86,1,0,0,0
Christine Sanders,4317034665202965,"Merchant: White, Shelton and Brown",gas_station,90.44,7,34.56,1,0,1,0
Mary Johnson,4792737123913049,Merchant: Morales PLC,dining,61.51,18,3.35,0,0,1,0
Michael Clay,4112291854683754,Merchant: Campbell-Richard,online_shopping,20.87,10,28.18,0,0,0,0
Timothy White,4537771831640743,Merchant: Werner-Browning,dining,54.13,18,10.67,0,0,0,0
Jason Mathews,4862701268061332,Merchant: Miller-Gill,online_shopping,48.47,12,18.81,0,0,1,0
Maria Parsons,4550751604362537,Merchant: Lynch Group,online_shopping,32.44,6,6.64,0,0,1,0
Patricia Hayes,4832570236923858,Merchant: Harvey and Sons,electronics,143.83,15,30.34,0,0,0,0
Jessica Robinson,4672998985756299,"Merchant: Gilbert, Herring and Guerra",dining,38.43,6,19.17,0,0,1,0
Megan Stokes,4721113144804268,Merchant: Smith and Sons,dining,10.43,0,19.97,0,0,1,0
John Harris,4481421134833944,Merchant: Willis-Bell,grocery,17.57,17,35.35,0,0,1,0
Eric Li,4191289891964819,Merchant: Howard-Jackson,online_shopping,90.4,13,15.63,1,0,0,0
Melissa Oneill,4000338932060870,"Merchant: Miller, Carney and Morgan",gas_station,318.67,12,8.35,0,0,0,0
Karen Ross,4233140829019814,Merchant: Edwards and Sons,online_shopping,18.92,5,13.45,1,0,0,0
Emily Gamble,4665481975993858,"Merchant: Wagner, Davidson and Martinez",grocery,49.65,1,60.38,1,0,2,0
Alex Lambert,4628615112251052,Merchant: Miller Ltd,grocery,19.62,7,14.55,0,0,1,0
Charles Poole,4858783352804658,Merchant: Vazquez-Richardson,electronics,47.74,11,0.1,0,0,0,0
Amy Wong,4521997384131974,Merchant: Greene-Gray,grocery,12.14,15,0.65,1,0,2,0
Pamela Hubbard,4290678701817888,Merchant: Sloan PLC,grocery,11.25,16,9.45,1,0,2,0
Jennifer Cummings,4300814636558952,"Merchant: Kim, Shields and Kent",dining,29.51,8,1.25,1,0,3,0
James Lopez,4724663389363336,Merchant: Smith Inc,grocery,36.48,17,3.16,0,0,0,0
Benjamin Hines,4438543893844822,"Merchant: Vazquez, Wyatt and Howard",grocery,90.51,12,11.54,0,0,0,0
Tonya Kemp,4565625434000686,Merchant: Walker and Sons,electronics,36.05,12,5.83,0,0,1,0
Corey Pacheco,4405912581070629,Merchant: Welch LLC,dining,10.17,7,6.33,0,0,1,0
Pamela Hicks,4524400797991214,Merchant: Evans-Johnson,online_shopping,9.2,13,16.77,0,0,0,0
Megan Knight,4342151996244620,Merchant: Byrd and Sons,dining,5.9,8,14.04,0,0,0,0
Caitlin Wilson,4277484350912618,Merchant: Harris PLC,gas_station,23.57,3,32.11,0,0,0,0
Michael Church,4108680679328916,"Merchant: Moran, White and Garcia",online_shopping,14.23,6,14.66,0,0,0,0
Patricia Hall,4683060364836684,Merchant: Silva Group,online_shopping,91.8,0,13.84,0,0,1,0
Omar Weeks,4622082098557943,Merchant: Ryan-Moses,grocery,22.59,21,5.53,0,0,2,0
Samantha Parker,4899604567229245,Merchant: Stewart and Sons,grocery,78.49,12,16.03,0,0,4,0
Jared Carter,4899524800115185,"Merchant: Perez, Aguirre and Miranda",dining,22.5,12,10.19,0,0,1,0
Mitchell Garza,4236615400760131,Merchant: Coleman-Bridges,dining,11.25,16,11.41,0,0,3,0
Mary Compton,4247975383758297,Merchant: Morris-Harrison,grocery,21.89,8,27.37,1,0,1,0
Ray Rosario,4602294058321525,Merchant: Brooks Group,online_shopping,58.9,5,1.16,0,0,2,0
William Guzman,4545696512016337,Merchant: Hampton-Jackson,grocery,30.84,7,12.06,0,0,3,0
Douglas Hampton,4598634581269178,Merchant: Roberts Inc,online_shopping,36.27,20,5.28,0,0,2,0
Jennifer Johnson,4107450051190487,Merchant: Hall Ltd,grocery,66.71,9,0.48,1,0,2,0
Christopher Jensen,4857044217085186,"Merchant: Christian, Butler and Carr",dining,51.85,11,32.07,0,0,1,0
Jessica Smith,4506053000301457,"Merchant: Wright, Hunter and Gonzalez",grocery,119.52,18,19.74,1,0,3,0
Lawrence Martin,4244142551538653,Merchant: Andrade Ltd,online_shopping,17.3,14,10.95,1,0,1,0
Mrs. Susan Newton MD,4136567666600595,"Merchant: Willis, Harris and Cruz",dining,82.96,12,1.32,1,0,0,0
Robin Terry,4689318468046467,"Merchant: Bell, Aguirre and Alvarez",dining,29.66,11,10.26,1,0,0,0
Melissa Short,4196177262074125,Merchant: Ferguson-Kramer,grocery,55.83,18,0.1,0,0,0,0
Nathaniel Rodriguez,4042497791411986,"Merchant: Ortiz, Lynn and Williams",grocery,27.9,21,5.4,0,0,0,0
Scott Smith,4078210210881482,Merchant: Osborn-King,grocery,17.0,14,6.62,0,0,2,0
Tiffany Nelson,4898217137744303,Merchant: Davis-Evans,dining,37.16,22,4.91,0,0,2,0
Brian Ware,4520292265581161,"Merchant: Smith, Gibbs and Clark",grocery,36.39,10,11.73,0,0,1,0
Sharon Blake,4921873213826710,Merchant: Hill Inc,gas_station,136.86,4,10.9,0,0,1,0
Ashley Santos,4355213962558146,Merchant: Arnold PLC,gas_station,22.92,9,13.77,1,0,0,0
Raymond Mccall,4185242882692830,"Merchant: Avery, Stout and Woodward",dining,11.96,19,10.51,0,1,1,0
Stephanie Valdez,4537129341455401,Merchant: Holmes LLC,electronics,68.47,13,8.52,0,0,1,0
Aaron Ayers,4129239190817959,Merchant: Ortiz-Taylor,grocery,33.79,13,5.89,0,0,0,0
Ashley Brown,4316048864769575,Merchant: Morales-Chang,online_shopping,60.65,12,2.25,0,0,1,0
Brittney Mccoy,4952782910188617,Merchant: Strickland-Lin,grocery,19.23,3,6.65,0,0,1,0
Shawn Harris,4268482507250842,Merchant: Nguyen PLC,electronics,37.52,19,3.56,0,0,2,0
Kimberly Holmes,4717177074817208,Merchant: Weaver and Sons,online_shopping,62.44,5,34.49,0,0,1,0
Tonya Jones,4091200120285877,"Merchant: Tran, King and Mccarty",electronics,13.01,12,18.03,0,0,1,0
Chris Martin,4703350029789691,Merchant: Thomas-Gregory,grocery,15.01,13,23.15,0,0,3,0
Krista Curtis,4849973463818398,Merchant: Fox-Ware,grocery,17.9,15,36.77,0,0,1,0
Sandra Kirby,4336363154413065,"Merchant: Carpenter, Bailey and Gross",grocery,17.17,5,3.96,0,0,2,0
Travis Guerrero,4665246510992024,"Merchant: Alexander, Taylor and Brown",online_shopping,33.39,10,1.35,1,0,2,0
Charles Romero,4025587865032444,Merchant: Brown-Simpson,dining,54.6,16,6.7,1,0,4,0
Gina Cunningham,4726877206762755,Merchant: Mcintyre-Morales,online_shopping,10.35,13,2.44,0,0,0,0
Julie Hill,4458592476842880,Merchant: Thomas Inc,dining,30.72,8,1.34,1,0,1,0
Joshua Henderson,4289572136229491,Merchant: Long Group,grocery,96.97,8,10.82,1,0,1,0
Ashley Greene,4914143633778530,Merchant: Caldwell-Gonzalez,grocery,26.36,21,8.67,0,0,2,0
Shannon Jackson,4343704038010430,Merchant: Rhodes-Ford,travel,30.0,4,51.35,1,0,5,1
James Smith,4952115889708901,Merchant: Nelson-Pugh,grocery,79.42,18,1.13,0,0,3,0
Casey Smith,4776363625166000,Merchant: Maldonado and Sons,dining,69.12,7,4.35,0,0,1,0
Joy Reid,4429273220627846,"Merchant: Rodriguez, Bell and Stewart",grocery,27.56,12,8.0,1,0,0,0
Wendy Fisher,4076952900901938,"Merchant: Sanders, Cummings and Meza",grocery,21.88,23,3.87,1,0,2,0
Sonya Ramirez,4347676728739443,Merchant: Moreno-Norris,grocery,34.99,9,48.16,0,0,1,0
Robert James,4044838073622899,"Merchant: Smith, Roberson and Murray",dining,45.53,10,10.99,0,0,1,0
Maria Cook,4145474329862127,Merchant: Vargas PLC,grocery,23.77,21,4.17,0,0,0,0
Samantha Washington,4830370056433282,"Merchant: Hill, Smith and Ballard",electronics,16.95,7,4.3,0,0,1,0
Christopher Fitzgerald,4222162910410234,"Merchant: Gomez, Rowland and Eaton",electronics,637.74,13,65.08,1,1,4,1
Matthew Barrett,4356808730538293,Merchant: Holden-Becker,grocery,28.39,7,17.58,0,0,0,0
Matthew Brooks,4327994626733366,Merchant: Carrillo Ltd,grocery,22.11,22,11.96,0,0,0,0
Albert Davis,4923981821807416,Merchant: Chambers Ltd,dining,38.06,6,8.92,0,0,0,0
Tina Ellis,4020942584872056,"Merchant: Rodriguez, Fields and Rangel",online_shopping,22.1,13,9.86,1,0,1,0
Clayton Blankenship,4247082768621404,"Merchant: Dixon, Burns and Oconnell",online_shopping,31.42,20,20.64,1,0,0,0
Jennifer Velasquez,4809176355589477,"Merchant: Gonzales, Dorsey and Nguyen",grocery,12.12,7,3.67,0,0,1,0
Danielle Bennett,4741457112608771,"Merchant: Williams, Mccoy and Russell",travel,25.56,8,6.38,0,0,1,0
April Hull,4298918503364792,Merchant: Ramirez-Harmon,grocery,38.76,9,7.09,0,0,2,0
James Anderson,4717150028057312,"Merchant: Anderson, Livingston and Fox",grocery,25.21,12,4.1,0,0,2,0
Melissa Williams,4850182847121976,"Merchant: Stephenson, Matthews and Bradford",grocery,33.29,6,10.14,1,0,3,0
Michael Coleman,4244205702375620,Merchant: Martin-Johnson,electronics,22.55,20,5.6,0,0,0,0
Angela Patel,4103851837891658,"Merchant: Santos, Duran and King",dining,18.73,21,14.61,1,0,1,0
Jacob David,4164434749415670,Merchant: Johnson Ltd,grocery,107.85,8,0.37,1,0,2,0
Tricia Russo,4844277332532031,Merchant: Dougherty-Scott,travel,312.99,23,152.31,1,0,7,1
Denise Wiley,4248841469469267,Merchant: Carter LLC,electronics,9.79,8,25.46,0,0,0,0
Bridget Bell,4262894382032820,Merchant: Johnson-Lopez,travel,136.22,8,15.31,0,0,1,0
Jodi Jimenez,4343581652289494,Merchant: Brown-Rodgers,electronics,30.45,10,5.03,1,0,2,0
Destiny Joseph,4723996724460040,Merchant: Davis-Stone,grocery,29.41,15,2.77,1,0,0,0
Zachary Yu,4458999647098179,Merchant: Johnson-Johnson,gas_station,61.73,9,1.26,1,0,1,0
Andrew Powell,4374901506216117,Merchant: Casey-Collins,grocery,20.41,11,37.92,0,0,0,0
Reginald Cordova,4516330734225360,Merchant: Rogers-Wright,grocery,24.63,10,36.87,0,0,0,0
Kevin Anderson,4207363856697847,Merchant: Patterson-Smith,online_shopping,44.37,14,2.35,1,0,0,0
Latasha Washington,4630005918680595,"Merchant: Baker, Walters and Arroyo",online_shopping,28.51,12,3.49,0,0,1,0
Stacy Stein,4969621172515763,"Merchant: Smith, Giles and Beard",grocery,94.26,8,3.8,0,0,0,0
Anthony Scott,4355476401163089,Merchant: Tucker Ltd,grocery,12.79,15,13.78,0,0,1,0
Jasmine Martin,4345134311500188,"Merchant: Turner, Jacobs and Espinoza",online_shopping,23.44,18,5.63,1,0,0,0
Manuel Smith,4805910702378547,Merchant: Mendoza PLC,dining,4.51,15,13.77,0,0,1,0
Benjamin Chavez,4387526119103884,Merchant: Hill-Martinez,dining,377.69,15,17.62,0,0,4,1
Lauren Thompson,4021977599823032,Merchant: Kelly-Maddox,grocery,122.56,9,1.91,0,0,1,0
Jamie Galloway,4182529644641854,"Merchant: Proctor, Miller and Garcia",online_shopping,22.43,15,0.34,0,0,0,0
Theresa Sandoval,4783920493147049,"Merchant: Patel, Ruiz and Reynolds",grocery,15.99,20,3.58,0,0,0,0
Thomas Morrison,4257881502121622,"Merchant: Snyder, Rice and Dean",gas_station,77.26,5,24.35,1,0,2,0
Kimberly Lewis,4169675344756190,Merchant: Smith-Lowe,dining,41.36,11,11.72,0,0,2,0
Morgan Grimes,4317236146538921,"Merchant: Hernandez, Sullivan and West",dining,65.1,11,10.36,0,0,1,0
Jose Mckinney,4392836814048190,Merchant: Miller-Clayton,dining,68.78,10,24.09,0,0,1,0
Cody Hendricks,4388300385759756,"Merchant: Stone, Rodriguez and Peterson",grocery,41.7,18,0.9,0,0,0,0
Eric Wright,4763486780327672,Merchant: Phillips-Miller,grocery,17.82,19,20.78,1,0,2,0
Amber Meza,4447527113037910,"Merchant: Crawford, Sweeney and Boyd",electronics,19.81,3,10.51,0,0,0,0
Stephanie Li,4439115890874117,Merchant: Russell LLC,online_shopping,9.96,18,8.89,0,0,0,0
Curtis Rice,4134560317137606,"Merchant: Ritter, Morris and Hunt",grocery,34.97,12,27.98,0,0,2,0
Phillip Miller,4212405646433380,Merchant: Andrews-Flores,dining,41.62,19,28.21,1,1,3,0
Jennifer Johnson DVM,4995537831021456,"Merchant: Snow, Pena and Terrell",electronics,21.41,10,1.71,0,0,2,0
Anthony Werner,4865635204623309,Merchant: Day Inc,grocery,30.53,13,2.21,0,0,2,0
Tara Thomas,4422075484375799,"Merchant: Mitchell, Thompson and Ward",gas_station,73.32,14,9.65,0,0,1,0
Nicole Jones,4888623455759413,Merchant: Randolph-Sanders,gas_station,45.09,11,26.33,0,0,1,0
Natalie Stanley,4956139000774804,Merchant: Simon-Berry,electronics,23.73,2,17.51,0,0,0,0
Shelby Simon,4818355108322753,Merchant: Tate Ltd,online_shopping,11.82,16,35.29,1,0,1,0
Claudia Wilson,4224046314754362,"Merchant: Hall, Taylor and Bailey",dining,5.97,6,18.71,0,0,2,0
Robert Simpson,4111760217060901,Merchant: Mason Inc,online_shopping,8.03,8,24.47,1,0,1,0
Mark Stephens,4429584185487814,Merchant: Daniel LLC,gas_station,11.25,3,7.11,0,0,3,0
Kevin Fernandez,4471061252417849,"Merchant: York, Solomon and Conner",electronics,33.49,14,0.48,0,0,2,0
Sandra Reyes,4043949142916732,Merchant: Crane-Conway,grocery,24.48,11,3.97,0,0,0,0
Richard Case,4444285095966167,"Merchant: Acevedo, Daniel and Brown",online_shopping,13.53,13,9.26,0,0,1,0
Terry Rivera,4846712844610600,Merchant: Carr Group,grocery,64.27,10,0.97,0,0,2,0
Mariah Brown,4262069851246843,"Merchant: Dyer, Reyes and Tran",grocery,38.05,8,9.07,1,0,2,0
George Hall,4370581731323609,Merchant: Wilson LLC,gas_station,37.67,12,1.41,0,0,0,0
Kari Simmons,4119012087416785,Merchant: Duncan Ltd,electronics,24.12,10,4.52,0,0,4,0
Rebecca Dean,4381219820169396,"Merchant: Jackson, Meyers and Lynn",grocery,15.91,10,2.99,0,0,1,0
Taylor Morales,4790203563790522,Merchant: Collins and Sons,grocery,15.53,9,31.55,1,0,2,0
Laura Davila,4877017931462077,Merchant: Newman-Harris,travel,43.65,21,19.0,1,0,1,0
Tammy Werner,4745637883964638,Merchant: Rogers-Lawson,grocery,15.71,22,0.52,0,0,0,0
William Wood,4479093393190045,Merchant: Lewis-Patel,gas_station,82.74,16,8.78,1,0,2,0
Sherry Miller,4696554006701962,"Merchant: Ryan, Wheeler and Williamson",grocery,11.69,12,1.33,0,0,2,0
Danielle Mcconnell,4648525673391195,Merchant: Stephens-Myers,grocery,41.04,18,2.24,0,0,0,0
Jason Garcia,4699459976252920,Merchant: Williams PLC,gas_station,51.8,12,13.0,0,0,0,0
Laura Spence,4183627207217952,"Merchant: Salas, Miller and Vargas",online_shopping,15.11,11,7.52,0,0,2,0
Phillip Herman,4425590248302332,"Merchant: Garcia, Hoffman and Steele",online_shopping,47.64,9,1.34,0,0,3,0
Patricia Atkinson,4536828534244552,Merchant: Mitchell-Anderson,gas_station,70.48,11,1.89,0,0,0,0
David Ayers,4274861916136647,"Merchant: Cruz, Mitchell and Henderson",gas_station,37.77,13,8.5,1,0,1,0
Bryan Martin II,4036003154841450,Merchant: Brown-Hawkins,grocery,27.13,13,10.82,0,0,2,0
Cory Guerrero,4818847451769846,Merchant: Campbell and Sons,grocery,35.73,20,14.41,0,0,0,0
Jared Smith,4708707579270304,Merchant: Clark PLC,grocery,27.96,6,15.55,0,0,0,0
Jon Day Jr.,4490976085092633,Merchant: Harris-Garcia,electronics,15.87,16,14.26,0,0,0,0
Hannah Perez MD,4633468839354525,Merchant: Brown PLC,gas_station,53.93,9,23.78,1,0,2,0
Mary Church,4565475978488438,"Merchant: Rodriguez, Jones and White",grocery,51.74,11,6.55,0,0,2,0
Gavin Howell,4973826877689250,Merchant: Carson-Sutton,gas_station,45.46,16,8.44,0,0,0,0
Linda Jones,4292577341094650,Merchant: Ayala Ltd,electronics,10.18,9,13.93,0,0,3,0
John Clark,4247304174977356,Merchant: Cole-Houston,travel,22.24,14,0.96,0,0,1,0
Edward White,4681780399978753,Merchant: Summers-Hanson,dining,16.7,9,8.54,1,0,1,0
Zachary Hill,4638041641014846,Merchant: Whitehead LLC,travel,20.44,14,6.02,0,0,3,0
Joshua Smith,4499318968302196,"Merchant: Phillips, Torres and Moore",grocery,8.53,11,6.0,0,0,2,0
Jeffrey Wallace,4465667471796074,Merchant: Smith Inc,dining,31.65,12,8.18,0,0,0,0
Jennifer Anderson,4501880232597360,Merchant: Kent Ltd,electronics,40.55,17,30.98,1,0,2,0
William Leblanc,4875556710927323,Merchant: Hood and Sons,electronics,69.26,12,10.63,1,0,1,0
Melissa Ruiz,4804241634345771,Merchant: Hunt-Khan,grocery,33.88,16,5.28,1,0,2,0
Richard Franklin,4638181302554746,"Merchant: Mcdonald, Berry and Rivas",grocery,172.12,10,13.61,0,0,1,0
Lori Madden,4503248182039734,Merchant: Roy LLC,online_shopping,24.27,7,0.22,1,0,1,0
Sarah Proctor,4400543527929969,Merchant: Mccullough and Sons,online_shopping,14.16,10,14.04,0,0,1,0
Michael Woodward,4032447516309082,Merchant: Sparks Ltd,online_shopping,14.98,16,1.61,0,0,0,0
Joshua Reed,4878432235942212,Merchant: Johnson-White,grocery,32.88,10,23.19,0,0,0,0
James Bonilla,4808293870241962,Merchant: Robinson-Ramirez,electronics,92.62,8,5.33,1,0,1,0
Robert Grant,4130631420541051,Merchant: Long Group,online_shopping,23.38,3,3.77,0,0,1,0
Aaron Reed,4848790068229040,Merchant: Griffith PLC,gas_station,69.85,9,0.77,0,0,1,0
Monica Morton,4995399698090847,"Merchant: Green, Neal and Miller",grocery,53.46,9,17.56,1,0,2,0
Russell Green,4621134612154201,Merchant: Harvey Ltd,dining,8.92,12,15.82,1,0,2,0
Lisa Caldwell,4440413156091311,Merchant: Freeman-Ward,online_shopping,18.57,8,5.83,0,0,0,0
Melvin Weeks,4551103499851910,"Merchant: Rose, Norman and Grimes",grocery,113.39,11,12.78,0,0,2,0
John Kennedy,4182160879999682,Merchant: Dunlap-Harper,gas_station,96.93,4,4.12,0,0,2,0
Adam Sanchez,4324526988921594,"Merchant: Hamilton, Howard and Adams",grocery,23.72,11,57.53,0,0,1,0
Alexandria Collins,4237732964135656,Merchant: Gonzales-Warner,dining,31.75,10,0.31,1,0,5,0
Autumn Hill,4043527315886195,"Merchant: Buck, Crosby and Jackson",online_shopping,26.13,20,0.49,0,0,0,0
Philip Munoz,4452365677819478,Merchant: Blackwell and Sons,online_shopping,536.71,4,10.03,0,0,4,1
Kimberly Thompson,4473366357209944,Merchant: Peters Ltd,gas_station,11.19,13,14.27,0,0,0,0
Allison Clark,4940949226161118,Merchant: Schmidt-Conley,dining,26.14,23,5.3,0,0,1,0
Randy Wang,4769239034905411,Merchant: Goodman Inc,dining,26.58,18,3.09,1,0,0,0
Amanda Palmer,4892832632808589,Merchant: Davis-Romero,grocery,17.92,14,3.94,1,0,0,0
Kimberly Ross,4551971773955171,Merchant: Mckenzie-Jones,travel,61.69,8,2.7,0,0,0,0
Lori Steele,4632947726955321,Merchant: Willis Inc,electronics,29.14,14,29.86,1,0,1,0
Jeremy Fernandez,4572939680835492,"Merchant: Dunlap, Woods and Davis",grocery,31.46,11,2.93,0,1,1,0
Frank Franklin,4869933685561429,Merchant: Fox-Stanton,online_shopping,51.5,15,0.9,0,0,1,0
Wesley Reyes,4533408683938396,Merchant: Bell Ltd,grocery,25.18,11,5.7,1,0,1,0
Michelle Clark,4505550033302734,"Merchant: Greene, Ayers and Paul",gas_station,23.87,9,61.25,1,0,0,0
David Le,4968557126430157,"Merchant: Thompson, Pope and Massey",grocery,56.06,12,0.87,1,0,0,0
Anthony Lee,4334314395619590,Merchant: Grant Inc,grocery,29.21,17,8.14,0,0,0,0
Mrs. Sarah Gordon,4345262210631711,Merchant: Smith PLC,travel,7.52,6,9.28,0,0,2,0
Amy Mack,4548762644768745,Merchant: Mcintyre-Dominguez,grocery,34.88,15,5.46,0,0,1,0
Andrew Cortez,4567269689004339,Merchant: Kline-Villa,electronics,68.89,14,29.53,0,0,1,0
Karen Novak,4497378140380314,Merchant: Brandt-Miller,grocery,42.11,16,0.14,0,0,1,0
Amanda Shelton,4784446469137276,Merchant: Watts PLC,grocery,88.01,7,5.0,0,0,1,0
Michael Davis,4646140466045511,Merchant: Stout Group,grocery,198.76,7,2.3,1,0,1,0
Samantha Soto,4815496103697766,"Merchant: Delgado, Williams and Schmidt",grocery,10.16,5,1.11,0,0,3,0
Sharon Miller,4689553292861372,"Merchant: Morales, Oneal and Mitchell",electronics,48.98,22,73.03,1,0,2,0
Scott Thomas,4343638564931637,Merchant: Taylor-Dean,grocery,64.02,1,22.14,0,0,0,0
Brett Rogers,4074958358115527,Merchant: Rodriguez Group,online_shopping,8.74,15,11.87,1,0,0,0
George Williams,4069931176654503,"Merchant: Perkins, Jones and Graham",online_shopping,20.73,20,5.05,0,0,0,0
James Lopez,4228881574443132,Merchant: Phillips and Sons,gas_station,74.96,7,14.87,0,0,1,0
Kirk Powell,4051344838424721,Merchant: Wood LLC,online_shopping,15.56,8,4.94,0,0,0,0
Jesse Sutton,4270117135948682,"Merchant: Collins, Adams and Simmons",grocery,27.49,10,11.27,1,0,0,0
Bridget Edwards DDS,4140964995054343,Merchant: Maddox LLC,electronics,34.08,13,13.76,0,0,2,0
Adam Woods,4103558625529263,"Merchant: Martinez, Norris and Cervantes",dining,14.24,12,5.1,0,0,0,0
Michael Phillips,4616497859639060,"Merchant: Clark, Sanders and Lee",grocery,33.63,6,8.07,1,1,1,0
Tina Brown,4662702260672839,"Merchant: Cook, Green and Shepherd",gas_station,34.87,14,9.77,0,0,1,0
Stephanie Barton,4815512344263000,Merchant: Hernandez Inc,grocery,11.78,16,36.39,0,0,1,0
Stephanie Miller,4829581307504076,Merchant: Vega-Peters,gas_station,12.84,15,9.79,0,0,3,0
Donna Reese,4118631471589260,Merchant: Cook-Robinson,grocery,19.09,3,8.19,0,0,4,0
Laura Daniel,4090002373857803,Merchant: Potter-Arroyo,grocery,36.84,18,20.14,0,0,0,0
Jennifer Sparks,4801289124639883,Merchant: Zuniga and Sons,grocery,17.38,10,3.26,0,0,3,0
Yolanda Anderson,4873782378016181,Merchant: Lee-White,online_shopping,23.88,16,4.31,1,0,1,0
David Warner,4621115674305583,Merchant: Gomez-Barnett,travel,49.94,8,3.01,0,0,1,0
Tammy Cox,4146365119166712,Merchant: Taylor Ltd,electronics,62.42,14,8.03,1,0,2,0
Brenda Cruz,4036406247026684,"Merchant: Gregory, Marshall and Randolph",grocery,35.79,15,19.13,0,0,1,0
Elizabeth Anderson,4031494968656702,"Merchant: Cummings, Graves and Brown",grocery,25.32,23,6.8,0,0,2,0
Mr. Jerry Robinson,4422583683143926,Merchant: Stewart PLC,electronics,21.75,13,35.55,0,0,1,0
James Rivera,4783055876821330,Merchant: Keller-Turner,grocery,39.77,8,4.08,0,0,2,0
Jennifer Williams,4263196573323516,"Merchant: Jones, Warner and Cameron",grocery,45.37,7,1.1,0,0,2,0
Jeffrey Smith,4563447488796149,Merchant: Villegas Inc,dining,26.22,19,5.85,0,0,0,0
Nicholas Eaton,4208578829834487,"Merchant: Combs, Kelly and Ware",grocery,36.84,14,11.02,1,0,3,0
Mark Adams,4751857677744175,"Merchant: Weber, Spears and Montoya",electronics,118.14,13,10.81,0,0,4,0
Joshua Martinez,4889587047471242,Merchant: Vincent-Roman,grocery,37.86,7,13.7,1,0,3,0
Laurie Vargas,4445211953578034,Merchant: Huber-Sims,travel,28.26,12,10.11,1,0,0,0
Amy Yang DDS,4906822075844427,Merchant: Arias Group,grocery,57.89,14,8.63,0,0,0,0
Chad Franklin,4534534524996308,"Merchant: Buchanan, Rodriguez and Kim",online_shopping,16.91,8,6.75,1,0,2,0
Michael Saunders,4561037976294665,"Merchant: Chandler, Quinn and Peterson",dining,12.53,8,4.25,0,0,1,0
Jacob Mcdonald,4590524456283735,Merchant: Warner-Li,online_shopping,103.19,17,7.58,1,0,0,0
Crystal Rodriguez,4649512254497061,"Merchant: Bennett, Brown and Whitaker",grocery,22.27,6,7.76,0,0,1,0
Chelsea Long,4463998182909058,"Merchant: Powell, Gutierrez and Moran",electronics,10.64,11,13.97,0,0,1,0
Mitchell Jordan,4917314365035046,Merchant: Richard-Rosales,electronics,78.18,15,36.77,0,0,3,0
Walter Bailey,4929528665580734,Merchant: Moyer-Blackwell,grocery,19.53,17,32.7,0,0,2,0
Katherine Phillips,4547603830456656,"Merchant: Shaffer, Martin and Becker",dining,20.21,2,16.28,0,0,0,0
Robert Jarvis,4311912928532086,"Merchant: Preston, Garcia and Oliver",grocery,23.26,9,8.63,1,0,1,0
Breanna Flores,4213153965188990,"Merchant: Ritter, Gordon and Weeks",online_shopping,10.86,14,7.32,0,0,0,0
Tonya Campbell,4451210141679085,Merchant: Clark Group,grocery,16.1,7,45.96,0,1,0,0
Gary Palmer,4550790597379124,Merchant: Hernandez-Marquez,online_shopping,72.67,8,6.11,0,0,1,0
Alan Hoffman,4100396361043410,Merchant: Allen PLC,travel,87.59,7,3.14,1,0,3,0
Linda Bailey,4675536332371854,"Merchant: Cohen, Ramirez and Robinson",online_shopping,7.28,12,8.09,0,0,0,0
Daniel Mercado,4626705192347631,Merchant: Thompson LLC,dining,18.17,8,2.9,0,0,1,0
Pamela Sanders,4385099964280852,"Merchant: Myers, Blackwell and Hill",electronics,25.76,18,11.79,0,0,2,0
Sean Harper,4169725933381684,Merchant: Rogers Inc,grocery,24.85,19,6.44,0,0,0,0
Brittany Snyder,4835579031073857,"Merchant: Perkins, Willis and Monroe",online_shopping,27.71,7,57.9,0,0,1,0
Ethan Russell Jr.,4038341735782027,Merchant: Cantu-Cruz,grocery,30.61,18,22.56,1,0,2,0
Jennifer Cochran,4809683397875772,Merchant: Lee-Rodriguez,gas_station,64.65,10,15.18,1,0,1,0
Emily Henderson,4351567466489601,Merchant: Horn LLC,dining,23.73,10,4.77,0,0,0,0
Edward Shields,4706309360461101,"Merchant: Klein, Ferguson and Wright",grocery,12.15,15,16.08,1,0,1,0
Javier Dorsey,4174849795940511,"Merchant: Galloway, Todd and Kelly",grocery,34.74,11,22.37,1,0,1,0
Craig Marsh,4303352511455033,"Merchant: Joseph, Walker and Thomas",grocery,34.4,7,32.45,1,0,0,0
Jonathan Johnson,4985824485640019,Merchant: Haley-Sanchez,grocery,20.61,7,8.31,1,0,0,0
Cristian Smith,4185871570911316,Merchant: Robinson-Riley,online_shopping,25.0,17,24.98,1,0,1,0
Michael Walters,4082772233135737,Merchant: White PLC,gas_station,43.33,8,12.93,1,0,1,0
Jonathan Davis,4469695753048001,Merchant: Griffin and Sons,online_shopping,6.34,16,10.84,1,0,3,0
Gregory Alexander,4146701090160938,Merchant: Spears-Kennedy,grocery,20.69,16,0.31,1,0,1,0
Carl Scott,4185278750439144,"Merchant: Fowler, Kidd and Avila",dining,141.0,14,9.12,0,0,1,0
David Nguyen,4672760022096539,"Merchant: Williams, Alvarez and Parsons",grocery,35.57,12,3.16,0,0,2,0
Derek Mckinney,4972425628427879,"Merchant: Knight, Espinoza and Kirk",electronics,35.95,10,4.52,0,0,2,0
Monique Diaz,4775566814617044,Merchant: Brown Group,online_shopping,45.17,8,10.59,0,0,0,0
Robert Benson,4435115879162751,Merchant: Carter-Wallace,electronics,35.57,16,7.76,0,0,0,0
Mrs. Amy Sharp,4042584521497672,Merchant: Reyes Group,gas_station,29.67,13,17.44,1,0,1,0
Timothy Miller,4632619970135419,"Merchant: Martinez, Martinez and Beck",grocery,58.33,15,1.94,1,0,0,0
Kelly Johnston,4273114880340188,"Merchant: Kim, Yang and Garcia",electronics,45.82,17,1.24,0,0,1,0
Vincent Zuniga,4529795455075886,Merchant: Johnson-Haas,dining,38.22,20,0.45,0,0,5,0
Jennifer Lewis,4763085107980435,"Merchant: Smith, Hester and Garcia",online_shopping,107.17,13,1.46,0,0,2,0
Stephen Spencer,4454945501712573,"Merchant: Ortiz, Combs and Elliott",dining,21.83,17,4.59,0,0,0,0
Frank Lawson,4885971203763671,"Merchant: Welch, Vargas and Olson",electronics,27.6,21,7.11,0,0,1,0
Michael Stevens,4379634737742958,"Merchant: Deleon, Baker and Smith",dining,20.52,19,18.8,0,0,1,0
Adriana Parks,4668066698819808,Merchant: Cooley and Sons,electronics,29.35,8,8.93,1,0,0,0
Cody Sanchez,4515537400765831,"Merchant: Franklin, Paul and Arroyo",dining,17.17,7,4.93,1,0,1,0
Karen Wells,4136349120987698,Merchant: Mendez and Sons,grocery,37.51,17,0.51,0,0,1,0
Kimberly Sanchez,4182541515681919,Merchant: Walker PLC,dining,96.88,3,4.21,0,0,2,0
Martin Elliott,4243844858868631,"Merchant: Hahn, Thompson and Harris",online_shopping,39.07,11,18.42,0,0,0,0
Larry Reynolds,4037221820322379,Merchant: Thompson Inc,dining,37.53,11,2.39,1,0,0,0
Colton Roth,4428774881630905,Merchant: Terry and Sons,grocery,33.25,17,10.19,0,0,0,0
Lindsey Mendoza,4739955854121014,"Merchant: Burnett, Taylor and Roberts",grocery,11.51,16,4.01,0,1,2,0
Brandi Cunningham,4168764373918490,"Merchant: Hoover, Rodriguez and Mcguire",dining,20.05,6,5.6,1,0,1,0
Donna Williams,4568998884799546,Merchant: Stevenson-Stephenson,grocery,17.88,20,21.4,0,0,0,0
Tammy Morris,4921860432458268,Merchant: Green-Daniel,grocery,20.19,21,51.8,0,0,1,0
Robin Donovan,4805435150113279,Merchant: Jackson and Sons,travel,52.06,0,5.0,0,0,6,1
Julia Williamson,4825125172833576,Merchant: George Ltd,grocery,14.07,6,16.35,0,0,1,0
Chelsea Martin,4248715161714834,Merchant: Chapman Inc,grocery,16.16,15,8.5,1,0,1,0
David Fitzpatrick,4052380563626550,Merchant: Gutierrez LLC,gas_station,16.31,11,33.08,0,0,1,0
Nathan Dillon,4923981365904843,"Merchant: Mills, Gomez and Gomez",dining,40.25,1,12.73,0,0,1,0
Amber Allen,4878995522561804,"Merchant: Turner, Chang and Jarvis",gas_station,21.86,10,15.99,1,0,1,0
Kenneth King,4972468984147475,Merchant: Morris Ltd,online_shopping,50.77,13,3.35,1,0,0,0
Ana Jensen MD,4690822013702976,Merchant: Roman-Coleman,electronics,66.43,21,9.16,0,0,1,0
Kelli Carter,4856102657204823,"Merchant: Wood, Rodriguez and Floyd",online_shopping,40.49,12,26.92,0,0,1,0
Edward Keller,4879903177919946,Merchant: Kelley-Manning,dining,57.13,16,18.92,0,0,0,0
Kelly Preston,4395608675362102,"Merchant: Baker, Conrad and Daniels",grocery,43.54,19,9.49,1,0,0,0
Michael Rivera,4056170791734763,Merchant: Downs PLC,grocery,40.53,5,3.9,1,0,2,0
Bradley Cameron,4395949389405161,Merchant: Robinson Ltd,travel,23.09,9,2.97,0,0,1,0
Beth Price,4347662887141860,"Merchant: Downs, Davila and Monroe",online_shopping,12.64,13,11.47,0,0,3,0
Jessica Graham,4661686430054237,Merchant: Olson-Tate,electronics,21.29,10,29.89,1,0,1,0
Lisa Harris,4367537971536297,Merchant: Allen-Johnston,grocery,24.95,9,9.09,0,0,2,0
Becky Smith,4773052216894277,Merchant: Walsh-Olson,online_shopping,87.82,17,6.76,1,1,4,0
Rachel Rollins,4956354664044325,Merchant: Taylor Ltd,dining,50.57,20,1.09,0,0,2,0
Christopher Ayala,4792457494920263,Merchant: Barber Inc,grocery,6.82,7,7.07,1,0,3,0
Mario Maxwell,4448151903654211,"Merchant: Rodriguez, Rice and Howard",grocery,60.49,8,11.36,0,0,0,0
Katherine Mcdonald,4470046243929789,"Merchant: James, Choi and Salinas",grocery,73.88,8,35.77,0,0,5,0
Todd Perry,4793912729983360,Merchant: Garcia-Anderson,electronics,50.25,7,6.46,0,0,4,0
Melissa Johnson,4567397878615001,"Merchant: Murphy, Murphy and Morales",online_shopping,28.3,7,24.98,0,0,0,0
Timothy Blair,4825612829555124,Merchant: Garcia LLC,dining,15.33,13,10.41,0,0,0,0
Robert Smith,4699067371975456,"Merchant: Elliott, Brown and Dougherty",dining,39.98,13,11.67,0,0,2,0
Amy Gray,4977709382020714,Merchant: Warren Ltd,online_shopping,603.1,15,21.82,1,0,5,1
Lucas Jackson,4534589947978366,"Merchant: Melton, Cobb and Harrison",dining,63.05,21,0.17,0,0,2,0
Elizabeth Mccoy,4825600620104663,"Merchant: Phillips, Carr and Myers",grocery,64.0,8,9.02,1,0,1,0
Roger Bowman,4799165054161680,Merchant: Mayo PLC,grocery,16.69,14,0.77,1,0,1,0
Elizabeth Brown,4103378801400472,Merchant: Jackson-Simpson,grocery,26.34,11,10.02,0,0,1,0
Debra Leonard,4482202752377805,"Merchant: Knight, Stokes and Patel",gas_station,23.58,11,3.91,1,0,0,0
Kara Blake,4197896588721205,Merchant: Brown-Kemp,online_shopping,17.06,8,26.51,1,0,0,0
Jessica Fisher,4737909059618086,Merchant: Perez-Cox,electronics,7.57,4,3.93,1,0,0,0
Timothy Wilkinson,4704653873647488,Merchant: Velez and Sons,grocery,9.07,16,7.89,1,0,0,0
Christopher Cameron,4706755383479837,"Merchant: Murphy, Carrillo and Jones",gas_station,21.05,14,15.75,1,0,1,0
Jared Ballard,4056400297277995,Merchant: Marshall-Brown,gas_station,101.71,20,10.64,0,0,0,0
Heather Bradford,4192976165463457,Merchant: Walls-Dawson,dining,44.0,4,13.8,0,0,5,0
Jennifer Moses,4384257965260783,Merchant: Wade LLC,online_shopping,19.04,13,11.57,1,0,1,0
Jason Jones,4328775769214663,"Merchant: Hernandez, Martin and Gay",dining,84.53,14,19.68,1,0,0,0
Debra Larson,4450964663686511,Merchant: Davis-Cunningham,online_shopping,9.33,11,8.53,1,0,2,0
Christine Mills,4381873013860375,"Merchant: Hernandez, Perkins and Lopez",grocery,28.61,2,7.39,1,0,1,0
Kevin Carrillo,4437662698967223,Merchant: Ferguson and Sons,grocery,26.88,1,3.83,0,0,1,0
Nicole Roberson,4504885868662419,Merchant: Gray-Moore,dining,32.72,7,5.49,0,0,1,0
Sarah George,4134045445457142,Merchant: Nelson-King,online_shopping,40.16,13,5.79,0,0,0,0
Kyle Mccarthy,4836843722881161,Merchant: Gonzalez Group,dining,25.97,6,0.95,0,0,0,0
Kevin Oliver,4935024147634192,"Merchant: White, Wilson and Small",gas_station,52.64,12,10.06,1,0,0,0
Erik Delacruz,4826828054920622,"Merchant: Thompson, Moon and Johnson",electronics,36.62,14,6.11,0,0,2,0
Rebecca Clark,4921481004332870,Merchant: Wood and Sons,electronics,91.37,7,27.85,0,0,0,0
Patricia Kim,4318968957154815,"Merchant: Castillo, Rollins and Haley",grocery,40.51,9,11.25,0,0,0,0
Carlos Walker,4562808114251539,Merchant: Solis Ltd,grocery,14.45,5,6.71,0,0,0,0
Stephanie Garcia,4442472569269870,"Merchant: Rodriguez, Becker and Avila",grocery,59.19,12,19.05,1,0,1,0
Nathan Willis,4108404820930433,Merchant: Pace LLC,grocery,74.61,10,2.63,0,0,1,0
Kimberly Curtis,4213565367582399,"Merchant: Jackson, Wood and Coleman",grocery,23.32,14,6.38,1,0,3,0
Susan Rivera,4883566140178256,Merchant: Green-Smith,gas_station,32.15,17,19.19,1,0,0,0
Timothy Perez,4269513504740838,Merchant: Adams-Cortez,gas_station,28.5,14,1.47,0,1,0,0
Michael White,4811132411949490,Merchant: Ramirez-Holland,online_shopping,11.16,12,1.67,0,0,0,0
Patrick Huerta,4175594205116844,Merchant: Tyler-Lawrence,grocery,46.6,6,3.17,1,0,1,0
Brenda Lee,4620635618611896,Merchant: Aguilar-Murphy,grocery,57.28,12,19.93,0,0,0,0
Kiara Sexton,4794210915644022,Merchant: Reid Group,gas_station,21.46,18,12.5,0,0,1,0
Elizabeth Serrano,4946769861150406,"Merchant: Medina, Miller and Phillips",electronics,79.36,14,22.98,0,1,2,0
Candice Sanders,4413754423211437,Merchant: Wallace Ltd,grocery,66.53,7,5.82,0,0,1,0
Jonathan Vasquez,4430735284141531,Merchant: Adams Inc,grocery,26.95,6,8.39,1,0,2,0
Patricia Fox,4783003157910380,"Merchant: Small, Wallace and Williams",electronics,33.03,9,27.79,0,0,2,0
Betty Cole,4182436614130563,Merchant: Brown PLC,online_shopping,28.9,6,2.56,0,0,1,0
Mariah Brown,4172391468015745,Merchant: Jenkins-Daniels,grocery,42.28,7,31.98,0,0,0,0
Valerie Roberts,4176911654077617,Merchant: Nunez-Costa,online_shopping,39.86,18,2.62,0,0,2,0
Anthony Terry,4449330392321750,"Merchant: Miller, Wright and Becker",online_shopping,130.13,3,17.16,0,1,0,0
Mrs. Miranda Johnston,4752407018276096,Merchant: Parks Group,dining,39.61,15,4.02,1,0,1,0
Eric Adkins,4490065791225040,"Merchant: Schwartz, Flores and Nelson",grocery,59.15,6,2.8,0,0,2,0
Kimberly Kane,4605442962580853,Merchant: Rodriguez-Burns,dining,32.44,11,2.96,0,0,0,0
Alexander Shelton,4782689721295802,Merchant: Wilkinson Ltd,dining,27.8,22,2.41,0,0,1,0
Melissa Hanson,4139599004876527,Merchant: Curry Group,grocery,20.97,3,11.9,0,0,2,0
Rebecca Lee,4347551723030181,Merchant: James PLC,grocery,40.52,13,9.66,0,0,1,0
Dana Smith,4376187819946644,Merchant: Nelson Inc,dining,43.98,20,31.7,0,0,0,0
Tamara Moore,4679138011481413,Merchant: Deleon Inc,dining,29.62,9,13.29,0,0,1,0
Bryan Franco,4603782756083917,Merchant: Horton Inc,grocery,15.71,13,1.72,0,0,1,0
Spencer Butler,4932776282549799,Merchant: Aguilar LLC,grocery,30.58,13,31.75,0,0,2,0
Casey Garcia,4710645130477065,Merchant: Stewart-Hooper,dining,69.15,12,9.52,1,0,1,0
Steven Oconnor,4625833930375358,"Merchant: Carpenter, Rowland and Brown",grocery,40.69,7,1.91,0,0,2,0
Jennifer Ramirez,4255750936926942,Merchant: Black and Sons,grocery,25.8,8,15.4,0,0,1,0
Dr. Travis Morris DDS,4881251433831117,"Merchant: Ewing, Nguyen and Lewis",dining,24.67,15,12.18,0,0,2,0
Johnny Garcia,4915710300001807,"Merchant: Johnston, Martinez and Saunders",online_shopping,20.88,10,11.41,0,0,0,0
Dawn Jordan,4642508051208815,"Merchant: Allen, Murphy and Garcia",grocery,74.81,10,18.25,1,0,2,0
Anthony Mills,4776028505558093,Merchant: Mcdowell Ltd,dining,34.74,11,9.22,0,0,2,0
Richard Perry,4862232946766878,"Merchant: French, Taylor and Moore",grocery,27.04,7,0.1,1,0,2,0
Brandi Vega,4961540572374852,Merchant: Joyce Group,dining,15.34,16,23.3,0,0,1,0
Jason Gomez,4120803348333893,Merchant: Brown-Malone,dining,62.05,15,0.27,1,0,1,0
Christian Snow,4177137949810633,"Merchant: Robinson, Smith and Lee",grocery,28.64,11,20.78,0,0,2,0
Debbie Carrillo,4223848608912718,Merchant: Oneill LLC,electronics,23.04,15,3.78,1,0,2,0
Kaitlyn Phillips,4003048743918375,"Merchant: Hart, Collins and Hernandez",online_shopping,208.26,4,61.0,1,0,4,1
Ryan Harris,4672554814810011,Merchant: Munoz-Evans,gas_station,20.93,14,21.93,0,0,0,0
Susan Bolton,4981580299804290,Merchant: Jackson-Meyer,dining,42.4,10,0.58,0,0,4,0
Reginald Copeland,4562818276243406,"Merchant: Herrera, Woods and West",grocery,47.39,10,1.69,1,0,2,0
Sharon Cross,4583446112789567,Merchant: Foster Group,gas_station,45.52,7,2.59,0,0,0,0
Tyler Russell,4538591912808160,Merchant: Valdez-Casey,grocery,22.32,10,4.52,1,0,0,0
Marcus Patrick,4034746492903505,Merchant: Smith and Sons,grocery,14.7,15,4.37,0,0,2,0
Thomas Hunt,4973848032162155,Merchant: Nguyen Inc,grocery,17.7,23,13.5,0,0,2,0
Christopher Salinas,4590330242391091,"Merchant: Chen, Massey and Buchanan",online_shopping,23.46,13,12.0,0,0,3,0
Anthony Carr,4748710485606464,"Merchant: Warren, Armstrong and Turner",electronics,24.55,7,1.12,0,0,1,0
Amanda Franklin,4731881912622041,"Merchant: Washington, Olson and Acevedo",travel,11.3,15,36.65,0,0,2,0
Nicole Lewis,4245324441908655,Merchant: Lane-Harris,gas_station,12.96,8,5.69,1,0,0,0
Alexandria Carrillo,4574331906901613,Merchant: Walker Group,grocery,14.56,11,2.93,0,0,0,0
Samantha Alvarez,4380611847107055,Merchant: Wilson and Sons,travel,51.84,13,5.14,0,0,1,0
Dr. Roberto Johnston,4230374327531714,Merchant: Taylor Group,dining,29.02,7,5.46,0,0,1,0
Dr. George Hernandez,4153714874270658,"Merchant: Martin, Buck and Anthony",electronics,63.16,13,3.62,0,0,1,0
Daniel Price,4108654715399520,Merchant: Jones Group,travel,19.5,18,1.37,1,0,1,0
Adam Stewart,4493316617414996,Merchant: Collins-Pope,online_shopping,25.0,9,14.62,0,0,2,0
Daniel Molina,4464712123366206,Merchant: Palmer-Cox,online_shopping,64.54,6,1.74,0,0,1,0
Michael Evans,4791809193351680,Merchant: Martin-Parsons,dining,14.47,7,3.69,0,0,1,0
Victoria Berry,4627482188304310,Merchant: Green-Whitehead,dining,16.4,1,24.2,1,0,3,0
Mr. Daniel King Jr.,4862066126811371,Merchant: Mcgee-Andrade,dining,96.68,10,0.6,0,0,2,0
Ronald Juarez,4731793349503753,"Merchant: Wade, Cantu and Sparks",dining,58.43,15,18.06,0,0,1,0
Matthew Reynolds,4768590148452166,"Merchant: Anderson, Green and Hoffman",grocery,29.29,17,15.95,0,0,1,0
Luis Nelson,4122326878622061,Merchant: Kaiser LLC,dining,36.94,3,30.78,0,0,0,0
Rhonda Williams,4413164220691718,"Merchant: Williams, Maynard and Navarro",grocery,19.06,15,0.79,0,0,1,0
Brandon Pruitt,4063040796385831,Merchant: Norton-Smith,travel,22.54,23,1.3,0,0,4,0
Pamela Cook,4334187504357140,Merchant: Adams and Sons,grocery,12.1,9,11.29,0,0,0,0
Ryan Smith,4173107304146927,Merchant: Jones-Reese,dining,36.84,18,14.17,0,0,0,0
Erik Williams,4440167412248640,"Merchant: Hall, Tran and Romero",dining,26.0,16,47.53,0,0,2,0
Patrick Ortega,4939425174320470,"Merchant: Fernandez, Sparks and Hawkins",dining,48.97,15,2.75,0,0,0,0
Joseph Stevens,4345573874217500,"Merchant: Knight, Nichols and Campbell",grocery,45.31,17,13.47,1,0,0,0
Tina Wilson,4568966724980634,"Merchant: Brown, Patterson and Gray",online_shopping,16.63,7,3.34,0,0,1,0
Jose Coleman,4796456412123899,Merchant: Cobb and Sons,grocery,28.51,13,3.87,0,1,2,0
Terry Mills,4098870344837118,Merchant: Wheeler Inc,online_shopping,30.64,22,9.4,0,0,0,0
Aaron Boyd,4959413273093367,Merchant: Kerr Inc,travel,59.01,6,27.09,0,0,0,0
Sara Flores,4147994595594086,Merchant: Davis-Peters,dining,62.76,20,34.63,0,0,1,0
Shelly Horton,4181070013126079,Merchant: Stevens-Rollins,grocery,29.0,10,4.83,0,0,0,0
Destiny Duncan,4443121156868383,"Merchant: Sheppard, Frey and Ramos",dining,18.17,7,9.56,0,0,1,0
Matthew Robinson,4909158160636072,Merchant: Rivera-Harvey,grocery,43.2,13,4.68,0,0,1,0
Jessica Doyle,4734822146704541,"Merchant: Parker, Martinez and Ballard",online_shopping,42.62,1,17.64,1,0,0,0
Joshua Moran,4408485778263536,"Merchant: Howard, Williams and Hendricks",electronics,20.16,12,3.26,0,0,2,0
Carol Fisher,4624073560659729,Merchant: Dalton Ltd,dining,26.12,12,9.47,0,0,2,0
Dr. Daniel Sweeney,4973868345482728,"Merchant: Castro, Powers and Mckinney",dining,16.4,11,1.76,0,0,0,0
Michael Cruz,4252770039800169,"Merchant: Salas, Vaughn and Jarvis",online_shopping,18.61,23,9.68,0,0,1,0
Kevin Sandoval,4253530354579494,Merchant: Potter-Lewis,grocery,60.2,17,17.95,1,0,0,0
Melanie Watson,4242258872265404,"Merchant: Foster, Garcia and Chavez",grocery,50.41,17,8.8,0,1,1,0
Ms. Stephanie Duran,4084925158980622,Merchant: Lawrence-Hill,dining,19.59,16,4.91,1,0,1,0
Jonathan Phillips,4848313216082755,"Merchant: Jackson, Elliott and Finley",grocery,20.32,8,4.55,0,0,2,0
James Cox,4813519069307781,Merchant: Hughes Inc,travel,72.24,13,0.95,1,0,1,0
Erik Dean,4570127088179646,"Merchant: Wong, Morrow and Brown",gas_station,83.57,8,4.89,1,0,0,0
Allison Fisher,4920851407015028,Merchant: Gilbert-Hamilton,grocery,96.26,7,9.17,1,0,1,0
Casey Hardy,4571001787227288,Merchant: Shaw-Moore,online_shopping,19.84,8,18.38,1,0,1,0
John Cole,4351997747379141,"Merchant: Knapp, Carter and Garcia",online_shopping,12.19,9,1.77,0,0,0,0
Lauren Hooper,4027323923946302,Merchant: Price PLC,grocery,47.19,23,3.6,0,0,1,0
Crystal Shelton,4861429008164783,"Merchant: Jackson, Hernandez and Berger",dining,17.94,12,26.89,0,0,2,0
Amanda Hess,4045535302432426,Merchant: Johnson Inc,grocery,13.95,6,1.77,0,0,2,0
Jessica Holloway,4817597455383398,Merchant: Henderson Ltd,dining,199.85,15,9.93,0,0,1,0
Michelle Burton,4887731412490427,Merchant: Cole-Crawford,travel,59.95,16,3.58,1,0,1,0
Michael Arnold,4974307708715597,Merchant: Ray-Simmons,dining,47.8,9,1.71,0,0,3,0
Victoria Carpenter,4383859008611517,"Merchant: Kaufman, Hoffman and Sullivan",online_shopping,10.78,14,17.09,1,0,1,0
Andrea Moody,4452083590879855,Merchant: Moody-Charles,grocery,93.38,8,3.17,0,0,1,0
Erik Harris,4211090993922465,"Merchant: Schmidt, Nixon and Moore",dining,24.75,23,4.24,1,1,3,0
Virginia Johns,4400060943632523,"Merchant: Reyes, Suarez and Richardson",grocery,28.81,13,11.28,0,0,0,0
Lori Williams,4949823734277628,Merchant: May LLC,electronics,76.01,16,4.29,0,0,2,0
Daniel Palmer,4076774268487148,"Merchant: Rasmussen, Lee and Santos",travel,28.12,13,1.2,0,0,1,0
Austin Snyder,4034884224140318,Merchant: Lowe Ltd,grocery,42.94,6,12.5,0,0,0,0
Kevin Wood,4453888999047337,Merchant: Liu-Weaver,gas_station,42.07,20,4.98,0,0,1,0
Dr. Lori Jackson,4767476727351071,Merchant: Osborn-Lawrence,dining,7.12,14,8.79,0,0,0,0
Christine Baker,4840952569024480,Merchant: Brown PLC,electronics,208.3,23,28.41,1,0,2,1
Jennifer Warren,4146521218168575,"Merchant: Walker, Gould and Baker",dining,57.1,12,65.32,0,0,1,0
Tina Jennings,4242786916336559,Merchant: Garner-Marquez,electronics,20.7,17,18.08,0,0,3,0
Chris Wheeler,4683374721931652,Merchant: Carpenter-Proctor,online_shopping,19.88,8,6.35,0,1,0,0
Catherine Walls,4709308765264562,Merchant: Turner LLC,grocery,48.19,7,16.28,0,0,3,0
Lindsey Chen,4015264651498989,"Merchant: Petersen, Palmer and Burns",grocery,26.04,8,4.38,0,0,0,0
Brandon Johns,4023489515044287,Merchant: Wright-Gardner,online_shopping,13.32,13,22.0,0,0,0,0
Brittney Bradley,4020760219313456,"Merchant: Jones, Cain and Osborn",gas_station,31.62,14,4.48,0,0,3,0
Kelly Hughes,4316074080936954,"Merchant: Little, Porter and Forbes",grocery,24.3,17,12.95,1,0,1,0
Pamela Dixon,4056456628680042,Merchant: Harris-Jones,gas_station,16.53,12,5.96,0,0,2,0
Robert Banks,4864538811262886,Merchant: Wilson-Long,dining,21.18,20,9.9,0,0,1,0
Thomas Hughes DDS,4536229977678499,Merchant: Hanna Inc,online_shopping,61.93,10,10.59,1,0,0,0
Amanda Wilson,4926022996139710,Merchant: Fletcher Group,travel,32.32,13,8.23,1,0,1,0
Carlos Castillo,4116428181144730,Merchant: Garcia-Bauer,dining,94.54,7,8.11,0,0,1,0
Justin Hughes,4833269331514063,"Merchant: Gardner, Cole and Patel",online_shopping,58.42,9,9.74,0,0,0,0
Crystal Hill,4984816144440592,"Merchant: Green, Costa and Garcia",online_shopping,460.16,4,82.31,1,0,7,1
Mary Atkinson,4477822201127027,"Merchant: Beasley, Watson and Rios",electronics,30.75,9,21.37,0,0,0,0
Lisa Gibson,4427610669748157,Merchant: Grant-Anderson,grocery,80.91,13,2.47,1,0,0,0
Miguel Williams,4540374382599510,"Merchant: Sanchez, Tyler and Jackson",gas_station,66.72,10,2.65,1,0,1,0
Joe Mendez PhD,4227432618593630,Merchant: Collier-Huynh,grocery,69.19,12,5.38,0,0,2,0
Sharon Barajas,4456618206090748,Merchant: Anthony-Smith,grocery,40.82,14,2.1,1,0,1,0
Hector Griffin,4970267215609077,"Merchant: Beck, Nichols and Graham",grocery,31.73,14,6.68,0,0,0,0
Jessica Singh,4084578904074065,"Merchant: Delacruz, Petty and Novak",dining,46.86,17,0.43,0,0,0,0
Sara Barrett,4568736409591489,Merchant: Fisher Ltd,grocery,32.66,21,2.29,0,0,3,0
Ariel Murphy,4838324973768223,"Merchant: Ritter, Smith and Johnson",travel,34.1,17,4.94,0,0,2,0
Melanie Saunders,4665677792028535,Merchant: Dennis-Harris,grocery,25.11,16,45.44,0,0,0,0
Taylor Howard,4581394401070400,"Merchant: Conley, Meza and Shields",grocery,83.64,10,13.02,1,0,1,0
Kelly Williamson,4177090182785089,Merchant: Baker Ltd,online_shopping,165.48,9,11.0,0,0,0,0
Nancy Black,4978229712030233,Merchant: Morrison-Torres,dining,9.73,14,10.85,0,0,2,0
Diana Williams,4480777587411236,Merchant: Dyer-Davidson,electronics,13.88,16,14.18,0,0,0,0
Jordan Clark,4477866769329541,Merchant: Sullivan-Rivers,dining,48.66,14,3.68,0,0,0,0
Emily Parker,4682830415172458,Merchant: Hernandez-Fuller,dining,12.63,12,40.9,0,0,0,0
Mr. Thomas Garcia,4802784921430667,Merchant: Adkins-Morales,grocery,57.27,18,21.46,0,0,1,0
Darrell Wong,4939521551802955,Merchant: Stephens-Cohen,online_shopping,23.1,8,12.19,0,0,0,0
Anthony Morales,4628374006417896,"Merchant: Moon, Perry and Dominguez",grocery,9.79,6,5.28,1,0,2,0
Ashley Burton MD,4668024242803869,"Merchant: Ruiz, Nelson and Harris",grocery,18.08,7,15.8,1,0,1,0
Kimberly Jones,4679700169068548,Merchant: Blackwell-Freeman,online_shopping,22.59,11,13.28,0,0,2,0
Mark Johns,4712679270439716,Merchant: Mendoza-Williams,grocery,120.13,23,9.33,0,0,1,0
Jeremy Brown,4234731013835244,"Merchant: Nelson, Owen and Alexander",electronics,11.93,19,0.5,0,0,1,0
Crystal Beltran,4098622967167590,Merchant: Munoz Group,gas_station,21.49,11,1.57,1,0,0,0
Lori Howard,4368785609519735,"Merchant: Davidson, Duke and Davenport",grocery,5.73,12,18.29,0,0,0,0
Deborah Cherry,4259843632869999,"Merchant: Ibarra, Rush and Smith",dining,59.82,21,3.12,0,0,2,0
Elaine Herman,4944012792054500,"Merchant: Jones, Wise and Chang",online_shopping,13.68,13,1.97,1,0,1,0
Sabrina Henderson DVM,4361477354571536,Merchant: Johnson-Hardy,grocery,41.04,12,3.01,0,0,3,0
Robin Jones,4582129063072289,"Merchant: Lynch, Casey and Bonilla",electronics,18.36,9,9.67,0,0,2,0
Chad Flores,4569223103545516,Merchant: Adams Inc,grocery,13.36,18,12.0,1,0,0,0
Jonathan Stanley,4300651181103382,"Merchant: White, Hamilton and Ward",online_shopping,19.73,13,11.84,1,0,2,0
Heather Duffy,4822375334313214,Merchant: Ray LLC,gas_station,64.33,7,1.73,1,0,0,0
Michael Moore,4293624598010275,Merchant: Washington-Moran,electronics,51.81,6,2.28,1,0,0,0
Maureen Bates,4416475161827856,Merchant: Clark Ltd,gas_station,14.13,19,13.05,0,0,0,0
Jordan Nixon,4329488598453812,Merchant: Ochoa and Sons,gas_station,100.76,15,3.99,0,0,3,0
Christine Johnson,4058080640020967,"Merchant: Obrien, Daniel and Anderson",online_shopping,7.44,18,6.73,0,0,0,0
Ann Hansen,4310898100634587,Merchant: Kelley-Lin,online_shopping,53.17,7,27.14,0,0,3,0
Mary Day,4442582325556244,Merchant: Sherman Group,online_shopping,15.62,20,29.43,1,0,0,0
Cristina Thompson MD,4075844782137031,Merchant: Hamilton Group,grocery,65.48,14,18.33,0,0,0,0
Nancy Jones,4024821191600470,Merchant: Rodriguez-Forbes,dining,106.09,14,24.67,0,0,2,0
Patrick Medina,4496368415191505,Merchant: Murphy-Bailey,grocery,63.44,16,9.18,1,0,3,0
Rebecca Johnson,4688376534473637,Merchant: Jacobson-Price,online_shopping,77.59,13,6.51,1,0,0,0
Daniel Carter,4805374973897810,Merchant: White-Miller,online_shopping,63.89,8,24.75,0,0,1,0
John Scott,4572731149364879,Merchant: Dickson PLC,grocery,21.76,18,5.69,0,0,1,0
Bryan Paul,4946735612858118,Merchant: Morse and Sons,dining,26.49,9,2.9,0,0,0,0
Kimberly Santos,4734181625043099,Merchant: Deleon PLC,grocery,28.27,11,17.83,0,1,1,0
Katelyn Yang,4997483366126519,Merchant: Skinner Group,electronics,81.23,8,34.69,0,0,1,0
Lisa Coleman,4553202169345563,"Merchant: Jackson, Castro and Washington",grocery,11.27,6,13.93,0,0,1,0
George Vaughan,4867723866254528,Merchant: Hopkins-Morgan,online_shopping,32.12,11,0.41,1,0,2,0
Angela Beck,4997012855883866,Merchant: Joseph and Sons,grocery,26.36,5,0.27,1,1,2,0
Juan Brewer,4927623379950893,Merchant: Ross-Figueroa,grocery,14.32,14,14.76,1,0,0,0
Stephanie Garcia,4352680401938795,Merchant: Nelson-Hicks,grocery,43.53,12,9.46,0,0,2,0
Elizabeth Hill,4662859834023368,Merchant: Lopez-Chandler,online_shopping,23.05,15,5.11,0,0,0,0
Michael Brown,4772639736582373,"Merchant: Bell, Powers and Cooper",grocery,40.96,11,11.74,1,0,0,0
Ruth Harris,4473074242295777,Merchant: Nichols Ltd,gas_station,15.55,17,4.89,1,0,1,0
Mr. Alexander Davies,4912241399425155,Merchant: Barnes-Swanson,grocery,36.45,20,16.19,0,0,0,0
Michelle Martinez,4140430005179355,Merchant: Taylor PLC,electronics,27.67,14,19.0,0,0,0,0
Matthew Shea,4012377854895281,Merchant: Norman-Taylor,grocery,9.09,14,1.31,0,0,3,0
Patricia Johnson,4220350400492224,Merchant: Dougherty-Harris,online_shopping,34.11,11,11.23,1,0,2,0
Vernon Walters,4717720912596516,"Merchant: Blackburn, Russell and Johnson",travel,37.48,19,23.56,0,1,2,0
Nicole Andrews,4379379397510788,"Merchant: Olson, Peterson and Austin",gas_station,63.44,14,8.05,0,0,0,0
Janice Fuentes,4806239466195262,Merchant: Gonzalez and Sons,dining,40.77,16,42.41,0,0,1,0
Steven Perry,4325318378904623,"Merchant: Bell, Ortiz and Salinas",gas_station,22.83,13,15.17,1,0,1,0
Bryce Francis,4061322040071843,Merchant: Hernandez LLC,dining,44.37,20,22.22,0,0,1,0
Jennifer Cisneros MD,4159973706632923,"Merchant: Ford, Murray and Bishop",electronics,52.8,10,4.42,1,0,1,0
Nicole Herman MD,4105260610472686,Merchant: Brown and Sons,gas_station,10.34,7,11.42,1,0,0,0
Tammy Taylor,4341332770566278,Merchant: Becker Group,electronics,40.88,12,14.43,0,0,0,0
Bethany Frazier,4148754399814661,Merchant: Knight LLC,dining,31.95,8,8.07,1,0,2,0
Debra Chapman,4366309530796932,Merchant: Griffin PLC,electronics,55.05,14,9.82,1,0,1,0
Steven Clark,4154164918598806,Merchant: Gross Group,electronics,18.0,14,23.84,0,0,0,0
Jay Walker,4999487060490830,Merchant: George-Armstrong,grocery,28.96,12,12.88,0,0,2,0
Hunter Yang,4533079376976850,"Merchant: Gonzalez, Owens and Harris",gas_station,17.09,1,39.28,1,0,2,0
Sean Mendez,4016196699987061,Merchant: Nelson Ltd,dining,105.37,9,8.08,0,0,1,0
Mark Hill,4906387473640470,"Merchant: Roberts, Moore and Suarez",grocery,13.17,9,11.5,0,0,3,0
Donald Johnson,4806431809032373,"Merchant: Hicks, Miller and Lloyd",electronics,34.94,9,1.78,0,0,3,0
David Garrison,4337015732626407,Merchant: Clayton-Frank,dining,45.83,21,19.33,0,0,1,0
Eric Foster,4249452164501922,Merchant: Houston Group,gas_station,51.47,6,7.19,0,0,0,0
Stephen Taylor,4700437704743763,"Merchant: Sanchez, Cox and Massey",dining,8.82,11,14.26,0,0,1,0
Robin Rodriguez,4689571592952691,Merchant: Miller Group,electronics,15.64,21,10.99,0,0,0,0
John Anderson,4300084944522419,"Merchant: Pratt, Mccann and Frye",online_shopping,41.41,12,17.71,0,0,1,0
Keith Casey,4395405561788452,"Merchant: Watkins, Wilkins and Black",grocery,159.43,18,4.44,0,1,0,0
Tanner James,4123394188464318,"Merchant: Anderson, Harper and Le",dining,49.03,6,18.17,0,0,0,0
Frances Aguilar,4019683809142379,"Merchant: Silva, Turner and Porter",gas_station,22.27,13,25.57,0,0,1,0
Clayton Jennings,4322330872472141,Merchant: Anderson Inc,grocery,63.48,8,4.86,0,0,1,0
Stanley Cain,4061747965338803,Merchant: Bryan and Sons,travel,10.89,13,18.55,0,0,2,0
Andrew Robinson,4831036613698282,"Merchant: Gonzalez, Mullins and Hanson",travel,17.65,12,14.68,0,0,2,0
Rebecca Olsen,4837995837809310,Merchant: Foley Group,online_shopping,45.75,16,7.51,0,0,1,0
William Paul,4422050946017628,Merchant: Scott-Waters,dining,22.93,12,4.19,0,1,0,0
Arthur Bowen,4765702430029239,"Merchant: Baker, Yates and Schaefer",grocery,55.2,10,8.08,0,0,1,0
Timothy Schmitt,4145338550949939,Merchant: Patrick-Walker,grocery,43.56,14,5.4,0,0,1,0
Tammy Scott,4727763471696036,Merchant: Forbes-Berry,online_shopping,51.28,13,2.29,0,0,1,0
Karen White,4426073593841633,"Merchant: Frank, Flores and Jones",travel,6.96,8,1.63,1,0,2,0
Crystal Smith,4425092743106391,Merchant: Hanson and Sons,grocery,27.97,6,2.4,0,0,0,0
David Hall,4081850680208156,"Merchant: Perez, Young and Perry",grocery,57.82,16,6.66,1,0,4,0
Isaiah Gray,4573255481809373,Merchant: Smith-Sullivan,online_shopping,19.58,0,1.32,0,0,1,0
Angela Parks,4976786518519166,Merchant: Dean-Goodwin,grocery,16.19,10,3.41,1,0,0,0
Ronald Hernandez,4629405339867743,"Merchant: Haynes, Moss and Martinez",grocery,102.93,14,21.16,0,0,1,0
Dean Harrington,4560136401616251,Merchant: Lee-Hernandez,dining,124.6,13,13.18,0,0,1,0
Jose Lawrence,4217486109300477,Merchant: Black Group,online_shopping,50.97,7,5.46,1,0,0,0
Arthur Golden,4755806115038589,Merchant: Graham LLC,dining,44.72,20,0.39,0,0,1,0
Adrian Morris,4684381100535110,Merchant: Lam Group,dining,14.87,20,42.76,0,0,0,0
Jon Graham,4656675987795885,"Merchant: Shannon, Copeland and Carroll",online_shopping,24.83,7,5.86,0,0,2,0
Cory Hale,4309620972270842,Merchant: Hunt-Morales,grocery,16.32,14,22.35,0,0,2,0
Kathryn Brown,4052604838061818,Merchant: Swanson-Watson,electronics,18.62,18,8.61,0,0,1,0
Kimberly Hanna,4936312588683318,Merchant: Turner PLC,electronics,14.0,5,42.17,0,0,1,0
Daniel Miller,4635909725924440,"Merchant: Wallace, Harris and Knight",gas_station,34.41,9,6.05,0,0,0,0
Austin Perez,4709689689222731,Merchant: Ross and Sons,grocery,67.72,7,1.17,0,0,2,0
Mr. Mark Landry,4279156629349313,"Merchant: Williams, Sims and Rodriguez",online_shopping,27.03,7,3.33,0,0,2,0
Robert Jones,4613836365045267,Merchant: Frye-Collier,gas_station,67.53,6,6.3,0,0,0,0
Andrew Powers,4822863784354879,Merchant: Johnson and Sons,grocery,50.81,21,1.09,1,0,1,0
Erica Turner,4263946917909945,Merchant: Spencer PLC,grocery,22.69,16,1.88,1,0,0,0
Jesse Brown,4472707211622874,Merchant: Jackson-Jennings,gas_station,85.04,17,6.69,0,0,1,0
Marissa Smith,4337401937867030,"Merchant: Morgan, Rogers and Garcia",grocery,37.52,11,13.08,0,0,2,0
Samantha Douglas,4265611274061593,"Merchant: Moon, Hart and Peterson",electronics,17.52,7,7.88,0,0,2,0
Robert Jones,4718587753469775,Merchant: Powell-Shea,online_shopping,8.37,18,3.79,0,0,1,0
Cassidy Paul,4114374815337559,"Merchant: Chandler, Garcia and Mullen",travel,17.15,14,10.52,0,0,2,0
Andrew Lopez,4423796995989492,Merchant: Smith Inc,grocery,59.97,14,12.69,1,0,0,0
Tyler Reynolds,4093012175025217,Merchant: Huerta and Sons,dining,95.35,19,6.5,1,0,2,0
Matthew Dunlap,4224201497557369,Merchant: Ellis Ltd,travel,16.04,16,8.29,1,0,0,0
Alicia Nguyen,4038898483870387,Merchant: Clark-Gomez,grocery,44.26,15,1.82,1,0,1,0
Carol Yang,4741347350986130,Merchant: Miller LLC,electronics,40.36,9,0.19,0,0,1,0
Richard Johnson,4747370240533155,Merchant: Martinez-Brown,online_shopping,11.77,14,2.88,0,0,0,0
Andrew Edwards,4695364123763528,Merchant: Rhodes-Morgan,dining,43.07,20,19.54,0,0,2,0
Parker Knight,4655695894246203,Merchant: Morrow Group,grocery,7.58,9,8.31,0,0,0,0
William Morales,4327582514341630,"Merchant: Bond, Avila and Woods",electronics,60.38,20,3.65,0,0,0,0
Christine Singh,4501883605053573,Merchant: Martin Group,grocery,28.19,6,4.15,0,0,1,0
Chad Taylor,4696872747584871,"Merchant: Robinson, Cummings and Moore",grocery,65.67,14,6.69,0,0,1,0
William Hall,4112979432558841,Merchant: Lee-Church,online_shopping,20.28,15,13.6,1,0,2,0
Bianca Ortega,4049260344838714,Merchant: Camacho LLC,grocery,38.0,16,1.49,0,0,3,0
James Pena,4602799351641312,Merchant: Hardin-Rivera,grocery,37.17,9,11.36,0,0,0,0
Matthew Austin,4111855146329144,Merchant: Saunders Ltd,grocery,10.16,6,10.17,0,0,3,0
Bernard Chang,4362130557826293,Merchant: Lin PLC,dining,6.33,14,0.21,0,0,1,0
Eric Walker,4598796193156216,Merchant: Ware Group,online_shopping,39.55,4,35.89,0,0,0,0
Darren Thompson,4975749925603750,"Merchant: Moreno, Banks and Williams",gas_station,29.19,8,14.55,0,0,1,0
James Dudley,4420859673985266,Merchant: Wilson Ltd,grocery,23.63,11,3.03,0,0,0,0
Brooke Quinn,4431469803658440,Merchant: Edwards-Smith,gas_station,40.61,7,1.65,1,0,0,0
Ronnie Jenkins,4358859807123608,Merchant: Wright-Manning,online_shopping,17.94,20,54.14,0,0,0,0
Cameron Torres,4813334932290606,Merchant: Robinson PLC,grocery,29.85,15,26.19,0,0,3,0
Elizabeth Brock,4919649546382215,"Merchant: Donaldson, Brown and Cox",dining,18.54,8,8.12,0,0,1,0
Jessica Smith,4611998004149991,"Merchant: Maddox, Barnes and Weiss",dining,84.41,10,6.8,0,0,0,0
Jose Jordan,4778603998337615,Merchant: Dean-Guzman,grocery,13.67,12,11.23,0,0,0,0
Patrick Blair,4679150832143106,Merchant: Newman and Sons,online_shopping,56.15,19,18.87,1,0,3,0
Heather Kim,4539577487558586,Merchant: Cunningham-Smith,travel,34.19,6,0.82,1,0,2,0
Michael Weber,4598237721490207,Merchant: James-Scott,electronics,101.21,12,2.01,1,0,1,0
Dana Stanley,4828896124216550,Merchant: Carlson-George,grocery,52.75,13,41.13,0,0,0,0
Lori Thompson,4162800956740426,Merchant: Castillo-Winters,gas_station,47.37,7,10.32,0,0,0,0
David Sullivan,4431347955131210,Merchant: Pitts Inc,travel,19.12,10,9.11,0,0,2,0
Felicia Thompson,4008207440776214,"Merchant: Richard, Barnes and Tucker",gas_station,13.14,14,7.95,1,0,0,0
Tyler Watson,4651747894751973,"Merchant: Marshall, Gonzalez and Miller",travel,55.33,13,1.08,0,0,1,0
Ryan Adams,4352252891351333,Merchant: Weber Ltd,electronics,21.01,16,20.32,0,0,1,0
Jeanette Moore,4055164127333466,Merchant: Larson Group,online_shopping,18.36,14,9.44,0,0,0,0
Shelia Dixon,4369929290655718,Merchant: Smith LLC,dining,12.9,19,7.73,1,0,2,0
Jennifer Evans,4769154931748964,"Merchant: Vaughn, Johnston and Keith",grocery,19.88,12,28.45,0,0,3,0
Richard Wood,4052640055295036,"Merchant: Cross, Kelley and Brown",gas_station,19.35,13,0.46,1,0,2,0
Samuel Wolfe,4096517257283697,"Merchant: Benjamin, Delacruz and Washington",online_shopping,38.9,12,10.23,0,1,1,0
Shawn Waters,4976524034737586,"Merchant: Burton, Hicks and Brown",grocery,13.21,16,0.1,1,0,3,0
Tammy Long,4683720525118286,"Merchant: Bates, Carter and Garcia",grocery,104.3,13,9.43,0,0,0,0
Mary Morgan,4910572418779467,Merchant: Burton PLC,grocery,35.97,13,2.88,1,0,0,0
Melissa Lyons,4119771344835182,Merchant: Richards PLC,dining,37.34,9,0.61,1,1,2,0
Philip Gilmore,4472090028224055,"Merchant: King, Farley and Park",gas_station,46.96,6,8.44,0,0,0,0
Stacy Adkins,4649764203722541,"Merchant: Rice, Mcclain and Mason",dining,12.05,11,13.12,0,0,0,0
Dale Bartlett,4795571756878774,"Merchant: Howell, Evans and Aguilar",gas_station,51.37,10,11.11,0,0,0,0
Jasmine Bradshaw,4394115824212296,"Merchant: Fox, Adams and Lopez",grocery,19.53,8,2.17,0,0,1,0
Brian Wells,4505991315397929,Merchant: Wheeler Ltd,gas_station,20.64,15,34.69,1,0,3,0
Jimmy Newman,4483337747256141,Merchant: Palmer-Archer,dining,71.36,15,1.66,1,0,3,0
Tiffany Mcgee,4637113454480736,Merchant: Cervantes PLC,online_shopping,15.17,14,29.73,0,0,1,0
Courtney Nelson,4104876570535633,Merchant: Silva-Simmons,dining,20.32,12,2.19,0,0,3,0
Donna Dunn,4525118716501836,Merchant: Sanchez and Sons,electronics,51.83,10,15.91,1,0,2,0
Jessica Barnett,4540074331303697,"Merchant: Andrade, Cooley and Peterson",gas_station,55.88,13,25.23,1,0,0,0
Richard Long,4891595812978958,Merchant: Vazquez-Gallegos,travel,9.19,17,5.87,0,0,0,0
Elizabeth Ruiz,4959704526075056,Merchant: Freeman Ltd,grocery,46.6,8,20.13,0,0,3,0
Lisa Goodwin,4152833116090913,"Merchant: Lloyd, Solomon and Fuentes",online_shopping,62.35,17,0.18,1,0,2,0
Rachel Jones,4285000074654680,"Merchant: Richardson, Johnson and Parker",grocery,23.75,8,7.42,1,0,2,0
Scott Nunez,4275009657509692,Merchant: Gordon-Frederick,dining,38.45,16,2.65,1,0,0,0
Ashley Prince,4685642436756954,Merchant: Gray-Brady,travel,11.58,17,16.33,1,0,3,0
Christina Murray,4960162173623735,"Merchant: Young, Schultz and Oconnor",online_shopping,37.98,19,6.1,0,0,2,0
Alexander Drake,4919026608386626,Merchant: Newman-Herrera,electronics,84.15,7,19.65,0,0,1,0
James Ruiz,4670802999676224,"Merchant: Gomez, Harris and Conrad",online_shopping,36.84,6,18.79,1,0,3,0
Ronald Smith,4257726511659759,"Merchant: Santiago, Perry and Payne",travel,37.66,15,27.72,0,0,2,0
Joshua Henderson,4034458191531872,Merchant: Ramirez-Mendoza,gas_station,28.66,9,2.68,0,0,3,0
Mr. Michael Peters,4960295946566029,"Merchant: Webb, Riley and Ramos",grocery,32.88,14,21.43,0,0,1,0
Nicholas Berry,4350755761506259,Merchant: Anderson PLC,grocery,37.67,4,13.17,0,0,3,0
William Werner,4658828900458887,Merchant: Barker-Craig,gas_station,20.04,15,3.98,1,0,1,0
Craig Tate,4991762624019574,"Merchant: Jones, Anderson and Mason",grocery,10.91,12,13.96,0,0,2,0
Jessica White,4024404729967230,Merchant: Young-Carr,gas_station,126.24,12,6.8,1,0,1,0
Sara Goodman,4410627690460098,Merchant: Estrada LLC,dining,28.07,12,16.12,0,0,0,0
Mackenzie Price DDS,4546775139910509,Merchant: Roberts LLC,grocery,39.84,1,10.9,0,0,1,0
Jared Stark,4085009691780200,"Merchant: Hoffman, Scott and Bruce",gas_station,30.76,12,2.02,0,0,1,0
Brian Taylor,4788475079331678,Merchant: Smith-Horton,grocery,36.25,9,44.99,1,0,4,0
Shannon Chapman,4415709306668457,Merchant: Brock LLC,online_shopping,17.57,9,22.07,1,0,0,0
Alexandra Foster,4709291629569279,Merchant: Daugherty Inc,grocery,15.18,13,3.06,0,0,1,0
Kathy Ortega,4447293266084551,Merchant: Jimenez LLC,grocery,45.63,13,12.21,0,0,1,0
Ashley May DDS,4432054670387064,Merchant: Ramos and Sons,grocery,14.69,1,19.83,0,0,2,0
Edgar Stevens,4985764403156393,"Merchant: Hayes, Chapman and Cole",grocery,7.67,13,33.82,1,0,0,0
Jocelyn Chambers,4609363174250711,"Merchant: Morris, Jones and White",dining,10.58,9,17.79,0,0,0,0
Stephen Walker,4936673271459013,Merchant: Moore LLC,dining,27.86,8,26.99,0,0,1,0
Kyle Johnson,4492476930979009,Merchant: Perry Inc,dining,11.84,9,8.65,0,0,0,0
Ashley Bell,4392897922700874,"Merchant: Smith, Washington and Green",dining,62.66,3,6.61,0,0,0,0
Alyssa Morales,4172619406990524,Merchant: Robinson Ltd,grocery,22.87,8,3.68,0,0,1,0
Latoya Nelson,4979454374667861,Merchant: Wright-Dixon,dining,95.33,11,18.57,0,0,0,0
Pam Miller,4120489768754733,"Merchant: Castillo, Boyle and Miller",online_shopping,30.48,10,9.04,0,0,0,0
Dillon Nelson,4903784411611303,Merchant: Wright-Craig,grocery,64.07,4,2.85,1,0,1,0
Maxwell Whitaker,4751218943849704,Merchant: Jackson Group,electronics,48.35,13,13.9,0,0,1,0
Christine Jennings,4460135345294978,Merchant: Osborn PLC,grocery,46.41,15,16.45,0,0,2,0
Ashlee Williams,4930036380292772,"Merchant: Fletcher, Stewart and Brooks",electronics,8.32,7,14.21,0,0,2,0
Rebecca Baker,4100260497694464,Merchant: Ibarra Group,electronics,61.6,18,4.55,1,0,2,0
Tina Hancock,4653710874244359,"Merchant: George, Simmons and Leon",grocery,18.16,14,1.59,0,0,2,0
Daniel Jones III,4857169452882102,Merchant: Mendoza-Miller,online_shopping,40.91,16,29.6,0,0,1,0
Ashley Smith,4393166111103822,Merchant: Maldonado LLC,grocery,20.97,22,24.17,0,0,0,0
Matthew Garza,4586506801391517,Merchant: Webb Inc,electronics,51.84,11,22.22,0,0,0,0
Patricia Williams,4101758462639702,"Merchant: Miller, Jones and Smith",dining,11.62,9,13.46,0,1,3,0
Steven Martin,4458758857692711,"Merchant: Campbell, Evans and Mclaughlin",grocery,60.24,13,20.97,0,0,2,0
Brittany Hoffman,4440019271164840,Merchant: Duncan-Solis,online_shopping,32.3,7,0.83,1,0,0,0
Sarah Frost,4417717385292600,Merchant: Austin Inc,online_shopping,19.47,10,9.89,0,0,1,0
Joshua Johnson,4610974291923647,Merchant: Ball and Sons,dining,48.34,6,43.4,0,0,0,0
Sherri Guzman,4061258810669913,"Merchant: Cortez, Heath and Grant",travel,27.38,15,3.72,0,0,1,0
Charles Blevins,4006282197729452,"Merchant: Acosta, Perez and Williams",grocery,28.01,15,4.76,0,0,1,0
Deanna Woodard,4893698988352921,Merchant: Palmer Group,online_shopping,26.8,15,17.18,0,0,1,0
Elizabeth Green,4313359889734285,"Merchant: Martin, Mcbride and Wolfe",online_shopping,59.73,17,4.15,1,0,1,0
Anthony Flores,4810191477962897,Merchant: Henderson-Stevenson,grocery,67.63,14,2.17,0,1,1,0
Antonio Woods,4804308328642142,"Merchant: Smith, Garcia and Lane",grocery,11.64,12,50.03,0,0,0,0
Mrs. Sara Hebert,4639517563022247,Merchant: Cruz Inc,gas_station,117.87,23,26.41,1,1,6,1
Thomas Reyes,4947172862951410,"Merchant: Graham, Chapman and Shah",online_shopping,25.08,14,0.1,0,0,1,0
Richard Garcia,4108362898811671,Merchant: Keller Inc,grocery,36.48,14,7.09,0,0,1,0
Angelica Simpson,4079684153694459,Merchant: Murphy-Ward,online_shopping,34.68,12,7.28,0,0,0,0
Chad Thornton,4701456109255149,Merchant: Valdez-Schmidt,grocery,162.9,13,4.28,0,0,2,0
Emily Abbott,4198389006085535,Merchant: Edwards Group,electronics,7.47,18,56.1,0,0,0,0
Chad Escobar,4083597750793561,Merchant: Anderson LLC,dining,23.21,8,8.92,0,0,0,0
April Arellano,4813459726523431,Merchant: Nunez PLC,dining,31.2,23,11.41,0,0,0,0
Regina Davis,4544931750831266,Merchant: Parks Inc,online_shopping,31.68,14,19.96,1,0,1,0
Casey Ferguson,4309760692427916,"Merchant: Zavala, Mills and Smith",online_shopping,38.18,9,17.96,0,0,0,0
Elizabeth Taylor,4515582815557209,Merchant: Schwartz Group,grocery,37.61,9,9.76,1,0,0,0
Mr. Raymond Lawson,4280738621524725,Merchant: Sawyer Group,dining,132.25,17,11.04,0,0,0,0
Karen Hicks,4129940114671444,"Merchant: Keith, Brown and Green",electronics,29.03,17,3.88,0,0,0,0
Edward Patterson DDS,4425601529699781,Merchant: Greene-Hunter,online_shopping,29.37,7,0.17,0,0,1,0
Richard Miller,4933273100187944,Merchant: Cochran and Sons,dining,29.28,17,6.61,0,0,0,0
Kathryn Mendez,4184688353648886,Merchant: Thomas-Taylor,online_shopping,79.93,2,5.9,0,0,4,0
William Martinez,4632052685926791,Merchant: Mahoney Group,online_shopping,18.98,18,4.62,0,0,1,0
Donna Wright,4309956497567118,Merchant: Harris-Ortega,grocery,46.14,12,0.89,0,1,1,0
Gregory Wiley,4515282204158178,Merchant: Mckinney-Huynh,online_shopping,22.09,9,0.41,0,0,2,0
David Mora,4609189476631286,Merchant: Tucker and Sons,online_shopping,6.42,9,4.2,1,0,0,0
Anthony Carlson,4062438229682538,Merchant: Weaver-Smith,grocery,32.2,7,15.27,0,0,1,0
Matthew Price,4665490484448353,"Merchant: Cabrera, Wells and Dixon",grocery,28.94,12,17.42,1,0,2,0
David Cooper,4454071320941176,Merchant: Smith Ltd,online_shopping,623.79,17,29.53,1,0,4,1
Frank Todd,4232090878075889,"Merchant: Martin, Fernandez and Ruiz",dining,22.41,17,6.09,0,0,0,0
Eric Jones Jr.,4579976052004615,Merchant: Benjamin-Lowe,online_shopping,11.42,17,11.16,0,0,1,0
John Stokes,4766858425518930,Merchant: Richardson-Bond,online_shopping,80.52,9,14.47,0,0,1,0
Julie Daniels,4318417833706612,Merchant: Hendrix and Sons,grocery,53.55,18,7.1,0,0,0,0
Desiree Fox,4540231838148542,"Merchant: Keller, Burgess and Durham",grocery,62.85,18,31.18,1,0,1,0
Jessica Munoz,4091284878775818,Merchant: Williams LLC,grocery,45.92,10,12.97,1,0,2,0
Vicki Harper,4811374377154117,Merchant: Cardenas-Smith,online_shopping,30.95,17,7.44,0,0,0,0
Mrs. Ashley Mooney,4592677291263623,Merchant: Vasquez-Potts,grocery,87.42,6,18.61,1,0,1,0
Gina Hayes,4527674123978320,Merchant: Dunn-Lee,dining,36.64,15,4.71,1,0,1,0
Sylvia Clark,4600927559467261,Merchant: Thornton-Brown,grocery,36.55,17,4.79,0,0,3,0
Jonathan Tanner,4708570747807724,Merchant: Payne Inc,gas_station,29.57,15,33.65,0,0,0,0
Cathy Little,4452418906584189,Merchant: Delgado-Drake,online_shopping,67.43,9,0.1,1,0,0,0
Christopher Powell,4743423944532421,"Merchant: Tran, Walton and Murray",dining,52.75,7,12.11,0,0,1,0
Heidi Richardson,4196052882519116,"Merchant: Jones, Sanders and Shepard",grocery,14.73,6,0.35,0,0,2,0
Shane Alvarez,4617036534027421,Merchant: Austin-Washington,travel,26.54,16,1.91,0,0,2,0
Angela Trevino,4795525221828202,"Merchant: Watkins, Sexton and Acosta",online_shopping,83.72,8,4.51,0,0,0,0
Denise Combs,4368288795134369,Merchant: Parks-Johnson,grocery,38.47,15,17.51,0,0,1,0
Robert Hicks,4037691768723855,Merchant: Gonzalez-Torres,online_shopping,105.23,9,1.61,0,0,3,0
Jennifer White,4132501410898167,Merchant: Brewer-Richard,online_shopping,53.04,19,3.94,0,0,0,0
Michael Wallace,4197189383829823,Merchant: Gonzalez-Craig,grocery,84.33,2,0.1,0,0,1,0
Sherri Smith,4433330700520471,"Merchant: Fry, Perez and Henderson",gas_station,20.73,6,3.06,1,0,0,0
Robin Ortiz,4721693102857382,"Merchant: Stewart, Williams and Moss",online_shopping,79.23,15,0.84,0,0,1,0
Megan Mcneil,4431490836317820,Merchant: Ross and Sons,grocery,14.95,12,25.44,0,0,4,0
Ariel Taylor,4132886392781527,"Merchant: Romero, Smith and Miller",dining,130.16,14,6.18,0,0,0,0
John Jackson,4679257874915992,"Merchant: Miller, Phelps and Russell",grocery,19.54,20,13.21,0,0,3,0
Ashley Bell,4905206010649359,Merchant: Pierce-Young,grocery,33.58,16,9.29,1,0,1,0
Candace Perez,4693636197908374,Merchant: Sanchez PLC,grocery,145.16,11,29.41,0,0,2,0
Catherine Hawkins,4160840345998865,Merchant: Jones-Kelley,grocery,130.27,20,26.68,0,0,0,0
Joshua Ruiz,4644499583405970,Merchant: Wolfe LLC,grocery,27.77,6,12.45,1,0,1,0
Kelly Howard,4902092334684279,"Merchant: Schultz, Howard and Price",grocery,18.13,15,5.42,1,0,0,0
Linda Johnson,4069570111165405,Merchant: Kim Ltd,dining,52.86,13,5.41,1,0,0,0
Andrew Potter,4456381637632568,Merchant: Wade-Rivera,gas_station,44.14,3,27.74,1,0,1,0
Larry Wilson,4198847981207663,Merchant: Garcia-Chavez,grocery,64.98,15,20.69,0,0,2,0
Richard Bush,4894562174819698,"Merchant: Holmes, Stephens and Bush",electronics,41.64,12,26.27,0,0,5,0
Hannah Johnson,4705666971276462,"Merchant: Saunders, Gonzalez and Davis",grocery,39.65,16,0.95,0,1,2,0
Patricia Lee,4191777796078149,"Merchant: Morgan, Miller and Chavez",online_shopping,14.36,4,38.35,0,0,1,0
Terri Pennington,4357239725879709,Merchant: Golden Inc,grocery,37.38,16,24.95,0,0,2,0
Marvin Vargas,4247687938381075,"Merchant: Carpenter, Becker and Kelly",online_shopping,13.11,5,57.91,0,0,0,0
Adrienne Noble,4311496066093499,Merchant: Richard-Fisher,dining,10.66,14,30.72,0,0,2,0
Mark Boyle,4001479273357761,"Merchant: Oneill, Benjamin and Marquez",gas_station,41.74,10,8.69,0,0,0,0
John Hooper,4331614190367169,Merchant: Torres-Peck,electronics,10.16,16,11.37,1,0,1,0
Julie Allen,4293955332517310,Merchant: Osborne-Coleman,electronics,26.0,15,1.23,1,0,1,0
Joshua York,4650450905068922,"Merchant: Wade, Phelps and Coleman",travel,13.23,5,3.03,1,0,1,0
Eric Howell,4461915121000874,Merchant: Martinez-Munoz,dining,43.16,8,8.64,0,0,1,0
Michelle Rivera,4002997331669983,Merchant: Saunders-Stephens,grocery,23.02,11,14.04,0,0,2,0
Louis Savage,4605418495894839,Merchant: Jones-Stuart,online_shopping,43.63,5,11.56,1,0,1,0
Philip Hodges,4269023555451269,Merchant: Weber LLC,grocery,87.82,10,21.82,1,0,0,0
Matthew Roberts,4307065930918433,"Merchant: Frazier, Hull and Martin",gas_station,47.91,14,19.44,0,0,1,0
Rebecca Roberts,4429421533385327,Merchant: Hunt-Ramos,online_shopping,24.15,10,6.48,1,0,2,0
Betty Johnson,4586559185877437,Merchant: Spears-Everett,gas_station,39.65,6,9.73,0,0,2,0
Jordan Peters,4001138954788369,Merchant: Burns Inc,grocery,72.87,8,35.04,1,0,0,0
Alison Walker,4456497577657249,"Merchant: Simpson, Herrera and Allen",grocery,48.66,16,0.1,1,0,0,0
William Hansen,4956799714103861,Merchant: Hill-Branch,online_shopping,125.15,7,16.88,0,0,2,0
Allison Cowan,4125723486614471,Merchant: Johnston-Oconnell,travel,46.29,15,3.18,0,0,2,0
Kevin Wilson,4814717259494323,"Merchant: Butler, Hamilton and Harris",dining,44.88,7,2.96,0,0,2,0
Daniel Guerrero,4989085725748220,Merchant: Barker Group,grocery,30.41,7,0.13,0,0,1,0
Michelle King,4186822831242909,Merchant: Vazquez Ltd,online_shopping,44.13,18,2.24,0,0,1,0
Cynthia Le,4583815393466188,"Merchant: Gomez, Cooke and Huang",travel,58.13,15,35.24,0,0,0,0
Alexis Olsen,4194757785131130,Merchant: Cooper Group,grocery,47.28,13,8.39,0,0,2,0
Tina Melendez,4041197716800641,Merchant: Wilson-Silva,electronics,48.81,14,4.35,0,0,1,0
Leslie Torres,4120124055060169,Merchant: Alvarado-Russell,grocery,109.82,12,3.59,0,0,1,0
Kimberly Ramirez,4612705841554880,Merchant: Lang Group,dining,17.62,10,2.98,0,0,0,0
Nancy Flowers,4993245698405042,"Merchant: Goodwin, Estrada and Malone",grocery,87.46,15,18.01,1,0,2,0
Jessica Walsh,4944357356616891,"Merchant: Jackson, White and Porter",grocery,12.18,11,2.28,0,0,1,0
Heather Hernandez,4667082882305042,Merchant: Rivera Ltd,online_shopping,36.46,11,3.2,1,0,1,0
Kimberly Smith,4360588656276706,Merchant: Stout-Hebert,online_shopping,21.73,17,9.76,1,0,1,0
Anthony Rivera,4521150732497453,"Merchant: Collins, Mason and Daniel",gas_station,19.3,18,5.47,1,0,0,0
David Avila,4452658029033263,Merchant: Hayes Inc,online_shopping,18.53,15,8.62,0,0,2,0
Steven Miller,4758497044403529,"Merchant: Gilmore, Ingram and Johnson",gas_station,25.55,15,11.38,1,0,2,0
Jeremy Davis,4897745708533011,Merchant: Johnson and Sons,gas_station,14.15,4,9.83,0,0,1,0
Matthew Jones,4859586899598470,Merchant: Armstrong-Owen,dining,55.94,12,2.31,0,0,1,0
Kristen Taylor,4300986768691023,Merchant: Garcia Group,grocery,37.79,9,15.21,0,0,0,0
Alex Ramirez,4440650333751453,Merchant: Huffman-Lee,online_shopping,11.38,2,20.5,1,0,2,0
James Austin,4137144268402785,"Merchant: Nixon, Miller and Gardner",dining,99.6,10,7.29,0,0,2,0
Sarah Phillips,4812649066031752,Merchant: Mitchell and Sons,dining,88.71,10,0.23,0,0,0,0
Raymond Porter,4342777337922324,"Merchant: White, Sampson and Russell",electronics,28.31,2,5.95,0,0,3,0
Erica Walter,4128545952189275,"Merchant: Sanchez, Johnson and Smith",online_shopping,73.02,9,12.61,1,0,0,0
Douglas Lopez,4107231995949695,"Merchant: West, Carson and Bennett",dining,32.44,14,0.78,0,0,1,0
Stephanie Thompson,4930022909979495,"Merchant: Williamson, Murray and Patterson",grocery,22.85,13,28.28,1,0,3,0
Aaron Johnson,4007493093443366,"Merchant: Hines, Smith and Decker",dining,28.41,14,13.59,0,0,0,0
Michael Parker,4234581170813280,Merchant: Douglas-Jones,grocery,47.34,10,18.82,0,0,2,0
Gloria Dunlap,4571861096342858,"Merchant: Landry, Simmons and Parrish",dining,38.54,10,1.69,1,0,2,0
Brian Nichols,4612699897327764,Merchant: Rose-Velazquez,dining,26.58,17,22.73,1,0,1,0
Douglas Frye,4337953406681649,Merchant: Saunders and Sons,online_shopping,27.66,9,5.93,0,0,1,0
Janet Flowers,4817315852520870,Merchant: Kelley-Turner,online_shopping,9.73,6,1.22,0,0,0,0
Jamie Martin,4939102912137959,"Merchant: Moreno, Moore and Thomas",electronics,21.06,13,23.32,1,0,2,0
Jesse Allen,4477291095965670,"Merchant: Wang, Benton and Adams",grocery,34.67,11,19.35,1,0,1,0
Connie Thomas,4239575462162443,"Merchant: Baxter, Washington and Young",electronics,34.0,6,3.67,0,0,2,0
Megan Carter,4590404448023392,"Merchant: Cole, Baker and Burke",gas_station,58.54,9,10.03,0,0,3,0
Daniel Miller,4941300578777615,"Merchant: Hansen, Alexander and Villa",gas_station,39.53,4,5.67,0,0,1,0
Tammy Taylor,4997165163115551,Merchant: Lee Group,grocery,17.31,8,29.24,0,0,1,0
Angel Smith,4094680040042481,Merchant: Martin-Martin,online_shopping,16.69,9,2.29,0,0,0,0
Lisa Long,4200786550344539,Merchant: Jackson PLC,dining,13.46,12,15.57,0,0,0,0
Melissa Greene,4551665562515572,Merchant: Huffman-Cordova,electronics,15.17,11,3.53,0,0,0,0
Brett Phillips,4762685405848985,"Merchant: Valdez, Kelly and Hall",online_shopping,40.32,0,4.1,0,0,0,0
Charles Anderson,4420465118077253,Merchant: Martin-Williams,grocery,30.63,18,3.28,0,0,1,0
Jason Weaver,4459873591146004,"Merchant: Macdonald, Jones and Gillespie",travel,15.53,15,17.46,0,0,1,0
Susan Howard,4362713083741407,Merchant: Hamilton Inc,grocery,46.22,13,29.79,1,0,3,0
Christopher Sullivan,4211265090574605,Merchant: Decker-Sullivan,grocery,25.17,5,14.35,1,0,0,0
Karen Mooney,4091727717242812,Merchant: Rogers Group,dining,27.61,10,5.99,1,0,0,0
Daniel Martinez,4579406089131835,"Merchant: Watson, Owens and Ramirez",online_shopping,86.56,18,20.75,0,0,0,0
Andrew Lewis,4341327852170098,Merchant: Thompson-Gamble,grocery,37.64,12,3.72,0,0,0,0
Laurie Porter,4387457107474238,"Merchant: Barnes, Cooper and Werner",gas_station,46.76,0,4.48,0,0,2,0
Richard Nicholson,4796766727326635,Merchant: Sutton Group,grocery,54.46,7,13.24,0,0,0,0
Chris Butler,4027734758412626,"Merchant: Spencer, Cannon and Willis",electronics,126.42,19,2.36,0,0,1,0
Amber Ray,4761710656748451,"Merchant: Hayes, Snyder and House",online_shopping,18.33,18,9.4,0,0,1,0
Christine Montgomery,4071357680748910,Merchant: Davis-Proctor,online_shopping,79.27,8,15.83,0,0,0,0
John Munoz Jr.,4023680868629977,Merchant: Mendez-Adams,grocery,15.89,19,21.15,1,0,5,0
Catherine Perkins,4157435624190055,Merchant: Martinez Ltd,electronics,32.7,12,12.51,0,0,0,0
Brett Thomas,4104506745827421,Merchant: Rose-Harvey,gas_station,14.82,17,8.16,1,0,2,0
Jamie Robbins,4572927582024109,"Merchant: Watson, Montoya and Fowler",grocery,7.19,21,4.96,0,0,0,0
Johnathan Palmer,4635244827371054,"Merchant: Reese, Hess and Poole",grocery,55.94,14,4.21,1,0,2,0
Wayne Parker,4837475176941701,"Merchant: Frye, Richardson and Knight",grocery,37.87,20,3.95,0,0,1,0
Lauren Howell,4165547345528536,"Merchant: Martinez, Walters and Forbes",dining,56.71,16,8.9,0,0,2,0
Crystal Mitchell,4693418470663491,"Merchant: Choi, Welch and Burke",electronics,11.26,14,0.1,1,0,0,0
Monica Madden,4851638040707936,"Merchant: Brooks, Romero and Sellers",grocery,98.78,8,13.82,1,0,0,0
David Rivers,4952424113161527,Merchant: Gibson Inc,grocery,23.53,14,6.39,0,0,1,0
Julie Moon,4625067655033468,Merchant: Hughes-Jones,dining,13.59,10,5.74,0,0,0,0
Angela Rivera,4818352678002063,Merchant: Robinson-Alexander,online_shopping,22.2,19,1.71,0,0,0,0
Nicholas Massey,4290158829037495,"Merchant: Bernard, Newman and Schultz",online_shopping,92.72,11,5.01,1,0,1,0
Richard Wilson,4008215127252532,Merchant: Shelton-Miller,dining,172.81,0,42.22,0,0,4,1
Peter Gonzalez,4673384559058298,Merchant: Snow-Dean,dining,11.63,14,18.69,1,0,1,0
Susan Mora,4417644244559104,Merchant: Gray LLC,online_shopping,7.0,8,2.65,0,0,2,0
Valerie Patterson,4588631506266638,Merchant: Berger LLC,electronics,55.16,12,28.27,1,0,2,0
Jeffrey Brown,4611722178631133,Merchant: Brown Group,grocery,9.94,7,10.65,0,0,1,0
John Kemp,4112603220638736,Merchant: Flores Inc,dining,33.12,6,7.29,0,0,1,0
Calvin Bowers,4205647592319613,"Merchant: Wells, Walker and Newman",grocery,20.69,19,1.59,1,0,4,0
Brandon Graves,4768012355926055,"Merchant: Murray, Fox and Doyle",grocery,25.74,9,1.32,0,0,0,0
Joshua Russell,4137317701577286,"Merchant: Pierce, Hamilton and Saunders",grocery,81.89,6,23.8,0,0,3,0
Nathan Brown,4721049208986155,"Merchant: Grant, Morrison and Garcia",travel,58.63,18,0.43,0,0,1,0
Benjamin Wilson,4171771816435888,Merchant: Mcdonald Inc,gas_station,11.04,22,8.07,0,0,0,0
Joshua Ho,4175802744688201,Merchant: Miller and Sons,online_shopping,18.5,12,8.37,0,0,2,0
Mark Woods,4907832999434964,"Merchant: Green, Guerrero and Smith",dining,473.76,0,36.66,1,0,6,1
George Taylor,4158237271327140,"Merchant: Nguyen, Smith and Perez",electronics,70.56,13,13.7,0,0,0,0
John Ryan,4787710375169963,Merchant: Pena-Hicks,gas_station,23.93,11,4.28,0,0,0,0
Andrea Taylor,4938078364961289,"Merchant: Cooper, Wolfe and Sanders",dining,34.14,8,14.81,0,0,0,0
Kellie Mitchell,4785975434809295,"Merchant: Lyons, Peterson and Wolfe",electronics,3.69,9,6.23,1,0,4,0
Jennifer Buck,4864565425268207,Merchant: Bond Group,dining,18.75,9,13.67,1,0,0,0
Dustin Hernandez,4186309906576221,"Merchant: Todd, Mcguire and Sanchez",grocery,44.03,1,13.09,0,1,1,0
Alex Johnson,4314766709659758,Merchant: Smith-Adams,online_shopping,20.18,8,5.89,0,0,0,0
Jody Rogers,4586772973096447,"Merchant: Baker, Newman and Washington",grocery,26.28,10,17.72,1,0,1,0
Laura Medina,4714961854054691,Merchant: Brock-Owens,dining,18.41,13,36.74,0,0,1,0
Brittany Sanchez,4188323754484055,Merchant: Roberts-Patel,online_shopping,8.69,19,46.44,0,0,0,0
Christine Green,4557532725879572,Merchant: Davis Group,grocery,37.61,17,5.31,1,0,2,0
Matthew Shaw,4045222779487593,"Merchant: Griffin, Gibson and Wright",grocery,35.83,18,3.85,0,0,0,0
Lonnie Martinez,4426642521454139,Merchant: Richards PLC,grocery,36.88,11,0.84,0,0,1,0
Vincent Reeves,4896882943610634,Merchant: Brown-Collins,grocery,22.49,16,4.89,0,0,0,0
Matthew Harris,4587386382582613,Merchant: Johnson-Gonzales,grocery,25.55,9,42.88,0,0,1,0
Jennifer Hudson,4874897573123381,Merchant: Brown-Pope,online_shopping,20.35,16,14.63,0,0,4,0
Gina Clark,4377494906849213,Merchant: Williams Inc,grocery,138.32,11,1.13,0,0,0,0
Amanda Garcia,4159763933728531,"Merchant: Fisher, Carpenter and Cole",grocery,23.48,5,9.33,0,0,2,0
Seth Olsen,4768825587990577,Merchant: Doyle Inc,grocery,59.21,12,28.4,1,0,0,0
Carla Patterson,4930760295927509,Merchant: Moreno Group,online_shopping,48.16,5,17.96,0,0,1,0
Jeffrey Glenn,4016106907159544,"Merchant: Hood, Martinez and Johnson",dining,6.87,11,9.18,0,0,2,0
Shelby Wood,4289566767202264,"Merchant: Rodriguez, Landry and Barron",grocery,12.75,13,15.97,0,1,0,0
Katherine Holder,4996701624376050,Merchant: Patton LLC,electronics,31.59,8,8.95,0,0,3,0
Gregory Rivers,4244693366879450,Merchant: Chapman PLC,dining,28.59,10,11.96,0,0,1,0
Katherine Davenport,4543604063725415,Merchant: Brooks Ltd,dining,15.52,22,0.56,0,0,1,0
Emily Potter,4255361231826363,"Merchant: Contreras, Howard and Friedman",grocery,11.99,10,0.1,0,0,0,0
Vanessa Green,4835283607843344,"Merchant: Hernandez, Mccarty and Cook",grocery,48.05,8,17.23,0,0,1,0
Edward Simmons,4881568705865477,Merchant: Garcia Ltd,gas_station,19.49,10,27.57,0,0,0,0
Robert Lane,4176973713049516,Merchant: Cain-Noble,online_shopping,43.22,7,10.72,0,0,0,0
Sandra Smith,4420896292870818,Merchant: Holloway-Lee,online_shopping,27.59,1,7.15,0,0,0,0
Charles Smith,4835139741517782,Merchant: Hartman-Hunter,grocery,31.34,14,16.43,0,0,1,0
Carl Bradley,4799723821983768,Merchant: Diaz-Williams,electronics,18.5,2,33.2,0,0,0,0
Joseph Cook,4633525443092682,"Merchant: Carter, Diaz and Hall",online_shopping,20.39,14,18.33,0,0,0,0
Robert Brown,4730748324979320,Merchant: Walker Ltd,gas_station,118.02,17,33.28,0,0,1,0
Cameron West,4389702356599377,"Merchant: Taylor, Jimenez and Alexander",gas_station,29.17,19,3.28,0,0,1,0
Johnathan Harper,4951924455613283,Merchant: Cruz PLC,dining,20.55,12,46.57,1,0,3,0
Francisco Johnson,4413984160620124,Merchant: Jones-Downs,online_shopping,60.17,16,10.05,0,0,3,0
Richard Scott,4505478038743399,Merchant: Bishop Ltd,online_shopping,30.11,15,4.19,0,0,1,0
Sharon Jones,4706804404691317,Merchant: Villa and Sons,online_shopping,12.48,7,13.42,0,0,1,0
Elizabeth Melton,4150252191474219,Merchant: Thomas PLC,online_shopping,94.01,20,39.9,1,0,2,0
Stephanie Lopez,4731969457054736,"Merchant: Salazar, Holland and Meadows",online_shopping,44.73,23,0.22,0,1,0,0
Eileen Snyder,4530569234266661,Merchant: Jones-Palmer,grocery,60.41,13,11.7,1,0,1,0
Shannon Donovan,4952802461258567,"Merchant: Davis, Chandler and Bradford",dining,7.15,4,0.66,1,0,2,0
Monica Smith,4146994442359536,"Merchant: Stewart, Evans and Fisher",dining,21.4,13,4.5,0,0,0,0
Valerie Sharp,4796540851555651,"Merchant: Spears, Sandoval and Foster",gas_station,22.19,16,0.53,1,0,3,0
Shawn Brooks,4008468888671388,"Merchant: Short, Tran and Stokes",electronics,32.28,16,13.69,1,0,1,0
Doris Rios,4808238340887613,Merchant: Fernandez Ltd,grocery,98.49,9,17.74,1,0,1,0
Dalton Santos,4443303198376175,Merchant: Carpenter Ltd,online_shopping,132.31,7,5.59,0,0,3,0
Anna Chavez,4358157784553818,"Merchant: Carson, Keller and Miller",grocery,62.85,20,5.91,0,0,3,0
Theresa Mercer,4576911157962352,Merchant: Lam-Horton,grocery,37.11,9,26.7,0,0,1,0
David Wallace,4138039068624597,"Merchant: Sutton, Porter and Ortiz",grocery,9.79,7,2.06,0,0,0,0
Brittney Brown,4847313446140788,"Merchant: Mitchell, Norton and Gay",gas_station,36.17,10,8.46,0,0,0,0
Michele Stewart,4726707550105410,Merchant: Mckinney Group,electronics,10.75,14,28.95,0,0,2,0
Jennifer Ross,4049039460572947,"Merchant: Williams, Evans and Haynes",grocery,16.28,23,0.95,0,0,5,0
Alexandra Gonzalez,4012543865507500,Merchant: Mayer Inc,gas_station,55.75,8,1.33,0,0,0,0
Megan Allison,4743264799437534,Merchant: Vaughan-Rivera,online_shopping,48.31,13,13.0,1,0,1,0
Rhonda Simmons,4055672746241258,"Merchant: Thompson, Gardner and Mullins",online_shopping,29.83,12,6.62,0,0,1,0
Austin Taylor,4049660212757435,Merchant: Foster-Myers,gas_station,52.96,11,4.05,0,0,0,0
Brittany Underwood,4000288354092978,"Merchant: Barnes, Shaffer and Thompson",grocery,56.35,15,2.93,0,0,1,0
Stephanie Cortez,4376133248766815,Merchant: Jackson-Mullins,electronics,18.65,11,3.88,1,0,0,0
Kathy Adams,4007407746347162,"Merchant: Martinez, Murray and Nichols",dining,22.76,4,1.46,0,0,2,0
David Oconnell,4625078622830761,Merchant: Rodriguez-Morgan,electronics,34.46,7,1.58,0,0,1,0
Christine Mullins,4751217616588953,"Merchant: Williams, Thomas and Davenport",online_shopping,20.18,8,29.32,0,0,2,0
Jerry Johnston,4201166080439555,Merchant: Villarreal-Christian,electronics,46.82,12,2.1,0,0,1,0
Richard Jackson,4120100174833199,"Merchant: Lewis, Beltran and Peters",dining,39.44,16,22.06,0,0,2,0
Kimberly Sullivan,4696189549318113,Merchant: Little Inc,electronics,44.27,10,0.86,0,0,0,0
Margaret Terry,4656862153552551,"Merchant: Underwood, Lewis and Thomas",dining,38.09,6,3.18,0,0,0,0
Samuel Bowman,4906936133614398,"Merchant: Scott, Bennett and Nicholson",dining,14.66,8,1.89,1,0,0,0
Thomas Macdonald,4372954160842043,Merchant: Olson PLC,online_shopping,9.22,11,7.73,0,0,3,0
Linda Johnson,4079425986541784,Merchant: Rose Group,electronics,35.52,11,18.24,1,0,0,0
Dr. Diana Espinoza,4614855866929133,Merchant: Boone-Guerra,dining,181.94,17,17.5,0,1,2,1
Sean Thomas,4920438530960732,Merchant: Perez-Moore,online_shopping,15.98,16,0.3,0,0,1,0
Pamela Davis,4859176532939537,Merchant: Haney Inc,electronics,7.98,13,39.24,0,0,2,0
Cindy Williams,4321069880009013,Merchant: Miller-Baldwin,dining,25.66,15,1.1,0,0,1,0
Stacy Smith,4150359777810607,"Merchant: Davis, Murphy and Sanford",dining,19.71,18,8.44,1,0,0,0
Gary Myers,4266761719340026,"Merchant: Miranda, Rodriguez and Hill",electronics,33.87,22,9.17,0,0,0,0
Richard Schmidt,4342532244838760,Merchant: Chapman Inc,grocery,28.38,6,16.71,1,0,1,0
Michelle Brown,4645701588992590,Merchant: Collins Group,grocery,82.84,23,9.75,1,0,1,0
Claire Warren,4087274614224771,Merchant: Coleman Ltd,grocery,18.74,5,2.88,0,0,3,0
Margaret Chandler,4613100977650778,Merchant: Ellis LLC,travel,101.15,16,9.42,0,0,2,0
David Jones,4502821910513278,Merchant: Collins Group,grocery,25.8,13,0.1,0,0,1,0
Dillon Brown,4845177240876760,Merchant: Washington and Sons,online_shopping,30.62,0,6.01,0,0,2,0
Steven Morgan,4180563576920624,Merchant: Mckinney PLC,electronics,371.52,23,31.32,1,0,6,1
Sandra Lee,4580975314265276,"Merchant: Harris, Martin and Munoz",dining,20.91,12,0.74,0,0,1,0
Ashley Robertson,4521510968367888,Merchant: Green-Goodwin,gas_station,60.11,9,28.49,0,0,0,0
Eric Flores,4276443165326134,"Merchant: Allen, Scott and Schneider",grocery,17.28,23,0.99,1,0,3,0
Christina Weber,4566656008610526,"Merchant: Adams, Chan and Franklin",grocery,33.79,14,11.8,0,0,0,0
Thomas Black,4027438717937158,Merchant: Rodriguez-Roberts,grocery,21.33,9,64.79,0,0,0,0
Douglas Rodriguez,4251050971749190,"Merchant: Mills, Miller and Cox",grocery,63.36,14,4.67,0,0,1,0
Joanne Baker,4073204982283592,"Merchant: Weber, Jacobson and Hicks",grocery,68.39,9,7.33,0,0,2,0
Timothy Johnson,4997294904083561,Merchant: Burns Group,online_shopping,87.61,13,33.49,1,0,2,0
Rachel Sandoval,4720771882027532,"Merchant: James, Hall and Norris",online_shopping,31.18,9,18.04,0,0,0,0
Larry Benson,4872660486860164,Merchant: Cox Inc,grocery,106.2,18,22.13,1,0,0,0
Christina Miles,4033099599378168,Merchant: Lin LLC,grocery,27.07,9,4.18,1,1,1,0
Brian Black,4978820210446416,Merchant: Wu LLC,grocery,22.35,12,0.1,0,0,2,0
William Holmes,4635443619406306,"Merchant: Watson, Smith and Smith",electronics,43.45,8,66.64,0,0,0,0
Bradley Duncan,4592170988658636,"Merchant: Mcdowell, Leblanc and Green",dining,20.69,4,7.92,1,0,3,0
Janice Kelly,4646662820460524,Merchant: Gallegos LLC,grocery,23.32,16,28.0,0,1,2,0
Kelly Beck,4392921253311794,Merchant: Miller Ltd,grocery,47.97,15,33.73,1,0,0,0
Austin Kane,4545605569037310,"Merchant: Hughes, Dennis and Roberts",dining,37.63,10,1.63,0,0,2,0
Sharon Cook,4800734676828591,Merchant: Haley Ltd,electronics,31.6,19,11.13,1,0,1,0
Christine Lopez,4565973186763352,Merchant: Lewis Inc,gas_station,31.41,15,21.44,0,0,1,0
Joshua Chapman,4250469968727970,Merchant: Hines-Solomon,dining,5.43,16,2.05,0,0,2,0
Jeremiah Hernandez,4344757299306573,Merchant: Miles PLC,online_shopping,23.4,9,0.7,1,0,0,0
Jacob Allen,4921725675034367,Merchant: Chapman Group,electronics,18.3,9,19.53,0,0,2,0
Matthew Townsend,4857078524338052,Merchant: Ryan-Cortez,grocery,72.72,16,6.78,0,0,1,0
Diane Hughes,4956113025915544,Merchant: Rodriguez-Warren,dining,44.29,10,1.21,1,1,0,0
Anna Whitehead,4012169567350781,Merchant: Goodman-Ramirez,grocery,18.76,11,6.98,1,0,0,0
Frances Williams,4390378972887822,Merchant: Duran-Lewis,grocery,15.57,11,2.07,1,0,0,0
Kimberly Adams,4832197666294178,Merchant: James Inc,grocery,48.34,7,1.68,0,1,1,0
Joshua Jacobs,4228302456327335,Merchant: Baker Inc,dining,18.46,7,11.83,0,0,0,0
Robert Frank,4269158544097797,"Merchant: Acevedo, Smith and Johnson",grocery,47.85,12,6.29,0,0,2,0
Richard Peterson,4911620463497508,"Merchant: Montes, Arroyo and Mccann",online_shopping,118.55,11,2.1,0,0,2,0
Roger White,4711255120499563,Merchant: Lewis and Sons,online_shopping,30.3,11,41.03,0,0,1,0
Jessica Castro,4005070202252433,Merchant: Phillips-Li,grocery,19.9,21,1.53,0,0,1,0
Dawn Jones,4827207241863392,Merchant: Jordan and Sons,dining,65.57,14,8.86,0,0,0,0
Parker Brown,4238948915021915,"Merchant: Calhoun, Harris and Richards",grocery,97.04,14,3.1,1,0,0,0
Shaun Wood,4805960159357692,"Merchant: Vasquez, Pena and Sullivan",travel,11.1,12,3.17,0,0,0,0
Brian Allen,4385618061733073,Merchant: Perez Inc,electronics,69.01,11,11.01,0,0,1,0
Julie Lee,4067097541223036,"Merchant: Smith, Santiago and Walker",grocery,90.94,18,12.46,0,0,1,0
Kimberly Elliott,4607634595587200,Merchant: Casey PLC,dining,8.54,9,23.17,0,0,1,0
Stephen Kirby,4130524407646896,Merchant: Medina-Nguyen,travel,20.57,9,4.06,0,0,1,0
Pamela Walker,4628015564614750,Merchant: Mueller-Gonzales,gas_station,26.11,17,81.09,0,0,3,0
Sarah Clements,4845983978290862,"Merchant: Ruiz, Wilson and Colon",grocery,30.3,9,5.29,1,0,2,0
Julie Gillespie,4985009367130616,Merchant: Hays-Manning,online_shopping,9.21,9,11.58,0,0,1,0
Audrey Koch,4152366436289485,Merchant: Crosby-Harris,grocery,16.97,18,4.46,1,0,2,0
Brenda Anderson,4023403332427542,Merchant: Myers LLC,dining,33.05,7,28.34,1,0,3,0
Marissa Dorsey,4125795335170863,"Merchant: Bell, Sloan and Anderson",dining,25.44,9,0.27,0,0,1,0
Richard Brown,4445304221566970,Merchant: Cannon-Jimenez,grocery,39.35,14,21.16,0,0,3,0
Bradley Jones,4501211391598736,Merchant: Bailey Inc,electronics,21.97,10,0.11,0,0,3,0
Michelle Ramirez,4500904425572518,"Merchant: Lambert, Hall and Munoz",gas_station,28.05,18,3.71,0,0,0,0
Michael Burns,4892712597268047,Merchant: Lawson-Peterson,grocery,128.27,7,6.68,0,0,2,0
Tracey Bailey,4001752160505514,Merchant: Kim-Smith,online_shopping,15.1,9,11.19,0,0,1,0
Sarah Holt,4003522825862891,"Merchant: Smith, Clarke and Chen",online_shopping,30.98,10,11.74,1,0,2,0
John Todd,4067215662871702,"Merchant: Robinson, Jones and Diaz",online_shopping,22.14,5,39.14,0,0,0,0
Rachel Berger,4993979139448571,"Merchant: Carter, Martinez and Nelson",grocery,37.15,9,8.83,1,0,2,0
Megan Aguilar,4577472399269618,"Merchant: Smith, Hall and Williams",grocery,31.52,20,0.58,1,0,3,0
James Mckinney,4679018929266736,Merchant: Moore-Mccall,dining,18.81,3,0.1,1,0,1,0
Raymond Powell,4926498590236799,Merchant: Mcneil Group,grocery,4.54,21,26.88,0,1,0,0
Edward Lawson,4851433552330016,Merchant: Wall and Sons,grocery,10.95,12,7.81,0,0,1,0
Jamie Bond,4619065733703753,Merchant: Mcpherson PLC,grocery,22.59,20,5.61,0,0,0,0
Richard Smith,4028389378251844,Merchant: Beck Inc,electronics,46.08,14,13.11,1,0,0,0
Holly Martin,4406483826816068,Merchant: Cox and Sons,electronics,24.72,11,56.48,0,0,0,0
Diane Taylor,4625983925824140,Merchant: Downs and Sons,online_shopping,77.2,16,23.39,0,0,3,0
Melanie Diaz,4103129531496458,Merchant: Richardson PLC,online_shopping,27.63,14,4.17,0,0,2,0
Lori Krueger,4397384605971671,"Merchant: Warren, Knight and Hill",online_shopping,21.8,4,1.27,0,0,2,0
Ryan Riley,4394747945993428,Merchant: Rogers-Washington,grocery,23.95,12,18.6,0,0,5,0
Dana Hanson,4459314139629169,"Merchant: Castro, Martin and Rogers",grocery,11.18,9,1.15,0,1,1,0
Alex Steele,4181389723196010,"Merchant: Bruce, Smith and Dunn",travel,86.62,22,7.47,0,0,0,0
David Williams,4939740114093031,Merchant: Brown-Winters,online_shopping,22.23,7,15.39,0,0,0,0
Johnathan Davidson,4606603277904893,Merchant: Smith PLC,dining,14.73,8,4.29,1,0,0,0
Terry Murphy,4130376777920173,Merchant: Sweeney-Smith,dining,163.81,8,5.26,0,0,1,0
Anne Jones,4038528931650657,"Merchant: Simmons, Powell and Fowler",online_shopping,26.08,12,3.47,0,0,0,0
Susan Barnes,4758708451961316,Merchant: Taylor Group,electronics,40.43,8,4.69,0,0,1,0
Andrew Morales,4725902653588189,Merchant: Green PLC,grocery,43.0,6,15.32,0,0,3,0
Michelle Caldwell,4610789531855981,Merchant: Shannon-Raymond,online_shopping,322.59,2,90.27,1,0,3,1
Susan Harper,4829463754955756,Merchant: Wilson Ltd,electronics,34.21,6,18.02,1,0,0,0
Tamara Harris,4757415909119999,"Merchant: Figueroa, Wagner and Gomez",gas_station,115.17,17,6.45,0,0,1,0
Jordan Reeves,4162980614898012,Merchant: Potts Ltd,gas_station,20.65,9,11.11,0,0,1,0
Steven Greene,4853034173709121,Merchant: Clark and Sons,grocery,13.76,10,16.88,0,0,0,0
Kelly Kennedy,4635837345564678,Merchant: Fleming-Kim,grocery,49.36,13,19.07,0,0,0,0
David Sanchez,4492231391510375,"Merchant: Jimenez, Walker and Smith",grocery,42.09,19,3.85,0,0,1,0
Kathy Gutierrez,4849213733283176,Merchant: Thomas-Moore,dining,34.31,12,13.22,0,0,1,0
Sarah Shelton,4699892587015452,"Merchant: Schmitt, Mckee and Preston",dining,62.87,11,1.36,0,0,1,0
Christopher Mcdowell,4127365474965784,Merchant: Flowers-Turner,dining,49.64,12,8.14,0,0,2,0
Zachary Simpson,4682054362058806,"Merchant: Trevino, Bentley and Johns",dining,22.43,16,14.27,0,0,0,0
Matthew Henderson,4901386300651242,Merchant: Christensen-Decker,grocery,50.39,12,17.63,1,0,3,0
Joseph Collins,4853724928511174,Merchant: Kelley Group,electronics,7.86,12,24.68,0,0,1,0
Deborah Small,4091236163406616,Merchant: Hamilton-Walker,grocery,93.52,10,18.23,0,0,0,0
Virginia Jimenez,4618214599049833,Merchant: Rubio-Floyd,grocery,37.82,8,22.96,1,0,2,0
Aaron Cochran,4454163232476480,"Merchant: Garcia, Baldwin and Pollard",dining,34.31,15,9.98,0,0,0,0
Morgan Barrett,4558178963976321,Merchant: Anderson-Webb,grocery,59.04,12,0.16,0,0,1,0
James Williams,4523801965611552,Merchant: Bates-Watkins,grocery,25.95,15,15.53,0,0,1,0
Paul Tyler,4021416625853986,"Merchant: Williams, Griffith and Mejia",online_shopping,19.67,10,4.1,0,0,1,0
Kevin Hansen,4945687807753326,"Merchant: Payne, Hayden and James",dining,51.87,13,1.14,1,0,2,0
Daniel Thomas,4157144033083923,Merchant: Warren Ltd,grocery,27.2,6,30.67,1,0,1,0
Jennifer Pearson,4359287156631162,Merchant: Willis PLC,grocery,34.58,13,26.23,0,0,0,0
Sherry Horton,4897095719295741,Merchant: Lane-Clark,online_shopping,18.56,16,14.11,1,0,0,0
David Roach,4080051464240603,"Merchant: Chavez, Brown and Brown",grocery,19.91,6,10.36,0,0,2,0
Susan James,4580100015314832,Merchant: Wagner LLC,grocery,21.09,11,1.87,0,0,0,0
Sandra Gonzalez,4103928292916939,"Merchant: Taylor, Weber and Gutierrez",dining,40.76,18,9.76,1,0,1,0
Terry Brown,4757602428230320,Merchant: Perez LLC,travel,18.6,15,2.87,0,0,1,0
Anthony Hoover,4764226339312083,Merchant: Robinson Ltd,travel,43.83,19,13.49,0,0,3,0
Andrea Ramos,4337780517256056,Merchant: Pugh Ltd,travel,18.84,10,8.85,0,0,2,0
Aaron Shepard,4957611293295597,Merchant: Foster-Jackson,grocery,96.78,14,5.72,1,0,1,0
Kim Williams,4291703539815166,"Merchant: Campbell, Salazar and Pierce",electronics,115.86,12,5.0,1,0,1,1
Vickie Hall,4668249850337146,Merchant: Ortiz Group,online_shopping,15.09,17,3.82,0,0,2,0
Diana Rogers,4713168752866520,Merchant: Brewer-Austin,online_shopping,53.11,16,10.04,0,0,4,0
Lindsay White,4342328815722263,"Merchant: Gaines, Mays and Walters",electronics,13.65,19,8.38,0,0,0,0
Lisa Hall,4417878486095449,Merchant: Turner Inc,dining,14.61,11,3.62,0,0,0,0
Michelle Schultz,4975553075927757,"Merchant: Nelson, Rubio and Fisher",grocery,24.0,11,2.75,1,0,0,0
Brandon Townsend,4918191582144515,Merchant: Fuller-Booth,grocery,37.8,6,10.32,1,0,2,0
Joseph Day,4404835738275711,Merchant: Hunt-Ellis,electronics,33.93,7,7.83,0,1,2,0
Rita Taylor,4284689155582298,Merchant: Warren-Beck,grocery,72.19,7,1.87,0,0,0,0
Mark Meyer,4500552767017699,Merchant: Garcia and Sons,dining,8.22,22,15.93,0,0,0,0
William Juarez,4915048985923940,"Merchant: Sanchez, Tate and Reilly",online_shopping,22.99,18,53.96,0,0,4,0
Jimmy Terry,4575657064292208,"Merchant: Harris, Simpson and Scott",grocery,35.44,11,12.37,0,0,0,0
Jimmy Smith,4223373666048941,Merchant: Pace Inc,dining,65.93,11,27.7,0,0,1,0
Mitchell Jones,4680480510663308,Merchant: Patterson-Hale,electronics,33.95,9,18.97,1,0,0,0
Yolanda Johnson,4193338180582564,Merchant: Cooper PLC,grocery,40.37,8,4.51,1,0,1,0
Joshua Lewis,4315083633479595,Merchant: Mitchell Ltd,gas_station,20.39,9,9.3,0,0,2,0
Dana Atkins,4724016656433763,Merchant: Harris-Cox,dining,17.44,7,26.63,0,0,3,0
Timothy Jacobs,4747344804987727,Merchant: Boyd LLC,online_shopping,136.99,22,104.44,1,0,1,1
Donna Taylor,4525487802164407,"Merchant: Reed, Cochran and Bush",online_shopping,44.67,18,7.67,1,0,1,0
Victoria Burgess,4780944750233097,Merchant: Hale-Hart,dining,30.93,13,8.62,0,0,1,0
Jay Hall,4857603968841970,Merchant: Allen-Jones,grocery,34.07,9,7.98,1,0,0,0
Dr. Heather Johnson PhD,4647672297732056,Merchant: Duffy and Sons,grocery,17.11,10,30.45,1,0,2,0
John Mendoza,4570850371632449,Merchant: Clark PLC,online_shopping,22.07,10,9.63,1,0,2,0
Katrina Mendoza,4443824993704261,Merchant: Ho-Craig,dining,9.2,13,8.38,1,0,1,0
Beth Schmidt,4378913450127204,Merchant: Powell-Wilson,grocery,28.38,13,11.1,1,0,1,0
Claire Mcintosh,4701648301092748,"Merchant: Cooper, Santiago and Kennedy",electronics,7.64,13,24.84,0,0,0,0
Joseph Ortega,4792513069575096,Merchant: Brown-Gonzalez,travel,97.11,3,2.58,0,0,1,0
Brandon Pena,4866900213127117,"Merchant: Berry, Ellison and Harding",dining,80.45,8,4.91,0,0,2,0
Rachel Martin,4885215872457300,Merchant: Hess-Hudson,dining,25.4,18,5.0,1,0,2,0
Carolyn Moore,4517444016549097,Merchant: Hernandez and Sons,grocery,34.38,17,0.64,0,0,0,0
Jeffrey Robertson,4391200052664765,"Merchant: Perez, Chapman and Mcdowell",grocery,25.83,11,1.67,0,0,1,0
Alexandra Lyons,4970504585692030,Merchant: Smith Group,grocery,17.0,10,12.37,1,0,4,0
Mason Miller,4882490487258780,Merchant: Dunlap-Nichols,online_shopping,14.6,10,33.0,0,0,2,0
Robert Jackson,4667523255474741,"Merchant: Singleton, Gonzalez and Winters",electronics,23.29,7,12.8,0,0,0,0
Margaret Lowe,4979405914782511,Merchant: Gonzalez-Trujillo,dining,6.62,12,1.3,0,1,1,0
Tracy Smith,4386747165380850,"Merchant: Garcia, Young and Wilson",travel,16.79,12,30.66,0,0,1,0
Kevin Stokes,4419557369718016,"Merchant: Hawkins, Welch and Nunez",electronics,24.11,13,1.9,1,0,1,0
Ashley Morris,4071385204772298,"Merchant: Burgess, Mcdaniel and Little",gas_station,31.12,5,7.21,0,0,0,0
Karen Hernandez,4579622455839989,"Merchant: Murphy, Schroeder and Patel",grocery,30.69,21,9.7,1,0,0,0
Larry Crawford,4641913392642683,Merchant: Walters-Kim,gas_station,18.78,15,31.58,0,0,1,0
Joshua Lopez,4042398991434804,Merchant: Conner-Saunders,grocery,73.62,12,32.08,1,0,1,0
Tina Patel,4451565843884105,"Merchant: Mclaughlin, Day and Marquez",online_shopping,55.57,14,21.3,1,0,0,0
Thomas Sellers,4540876745999021,"Merchant: Smith, Norman and Burke",electronics,42.67,12,1.34,0,0,2,0
Donna Mejia,4024562259263492,Merchant: Hansen-Cooper,grocery,55.18,9,3.72,0,0,1,0
Travis Hughes,4155134518076171,Merchant: Smith Ltd,grocery,11.59,15,10.12,1,0,1,0
Mr. Kenneth Ashley,4968000252226644,Merchant: Garcia Ltd,travel,34.13,23,21.87,1,0,1,0
Tyler Roy,4986492465964566,"Merchant: Kelly, Brown and Kerr",grocery,28.73,10,4.37,0,0,5,0
Heather Davis,4015581556007908,"Merchant: Bautista, Wallace and Johnson",dining,47.27,10,0.43,0,0,0,0
Angela Wilson,4699695782951334,"Merchant: Arnold, Henry and Manning",online_shopping,40.15,8,6.23,0,0,2,0
Kelly Williams,4916853882808212,Merchant: Curry-Campbell,grocery,20.98,11,6.57,0,0,3,0
Heather Williams,4168858837636720,Merchant: Perry Group,grocery,13.81,15,3.39,0,0,2,0
Catherine Nelson,4531721311077011,Merchant: Nguyen-Chapman,grocery,46.65,14,1.72,0,0,1,0
Catherine Gould,4910134248460238,Merchant: Avila-Nolan,online_shopping,19.88,21,4.31,0,0,3,0
Stacy Bailey,4452236869005558,"Merchant: Meadows, Walters and Madden",dining,135.56,5,2.83,0,0,1,0
Anthony Hall,4379489699305686,"Merchant: Stephens, Garza and Carter",electronics,6.47,16,16.16,0,0,1,0
Charles Gonzalez,4168081465810166,"Merchant: Vargas, Kirby and Brown",electronics,55.14,12,17.06,1,0,2,0
Nicholas Hernandez,4822297373674365,"Merchant: Sutton, Pacheco and Cook",grocery,28.91,8,8.84,0,0,0,0
Amy Hunter,4512250668445731,Merchant: Schmidt PLC,dining,11.42,12,10.94,0,0,1,0
Amanda Hill,4442136717018360,"Merchant: Mason, Golden and Boyd",grocery,32.95,5,25.63,1,0,3,0
Tracy Morales,4660968390147065,"Merchant: Taylor, Coleman and Graham",grocery,20.55,10,19.46,0,0,0,0
Haley Cowan,4903203743539488,Merchant: Richards Ltd,grocery,22.92,10,0.1,0,0,2,0
Samuel Russell,4466787229774188,Merchant: Brown-Pena,grocery,58.07,6,34.58,0,0,0,0
Bryan Castro,4525439587099811,"Merchant: Leonard, Lam and Solis",grocery,92.83,9,8.03,1,0,1,0
Stephen Smith,4929712809455173,"Merchant: Hanson, Pierce and Hill",gas_station,8.29,17,26.32,1,0,0,0
Margaret Smith,4353709445253280,Merchant: Chavez-Wilson,grocery,22.63,2,8.46,0,0,1,0
Dennis Thompson,4873984743824527,"Merchant: Wood, Harris and Bryant",electronics,17.94,8,0.6,0,0,1,0
Michael Taylor,4070597928812215,"Merchant: Raymond, Johnson and Gomez",dining,7.06,10,22.53,1,0,2,0
Laura Cox,4527361195691599,Merchant: Flores-Love,dining,56.28,20,7.73,0,0,2,0
Ricky Reid,4918408527045841,Merchant: Cook Ltd,online_shopping,499.7,1,166.84,0,1,10,1
Melissa Nguyen DVM,4863604304758383,"Merchant: Johnson, Hernandez and Lopez",online_shopping,11.89,18,7.83,1,0,0,0
Renee Farmer,4486627177860389,"Merchant: Larson, Williams and Walton",dining,53.97,3,1.87,0,1,1,0
Tracy Woodward,4765423777937617,"Merchant: Contreras, Brown and Welch",grocery,7.65,12,1.64,1,0,0,0
Jason Waters,4682335042424835,"Merchant: Brown, Burton and Gillespie",electronics,40.64,7,13.21,0,0,1,0
Anthony James DVM,4181599444952935,"Merchant: Hernandez, Blake and Crane",online_shopping,64.88,12,1.85,0,0,1,0
Heidi Torres,4976585014134003,Merchant: Davis-Pacheco,gas_station,27.12,14,5.79,0,0,1,0
Colleen Rivera,4182665680751064,"Merchant: Townsend, Campbell and Santiago",online_shopping,67.0,7,19.45,0,0,3,0
James Patterson,4857475950432526,Merchant: Downs-Krueger,online_shopping,28.78,17,17.99,0,0,0,0
Kimberly Carson,4023352362306755,"Merchant: Garcia, Green and Lee",gas_station,64.21,16,8.05,0,0,3,0
Shane Gonzalez,4546203319016666,"Merchant: Wang, Griffin and Barker",dining,40.12,7,26.32,0,0,0,0
Debra Gonzalez,4957649791025108,Merchant: Santiago PLC,online_shopping,16.57,12,40.12,0,0,1,0
Patrick Perez,4632542932594558,Merchant: Reeves-Olson,dining,16.74,13,17.61,0,0,0,0
Heather Payne,4310845732962514,"Merchant: Garcia, Alvarado and Simmons",grocery,16.26,10,0.39,0,0,1,0
Christopher Butler,4866121209676328,Merchant: Hahn-Gilbert,grocery,45.2,5,10.43,0,0,0,0
Jeffrey Myers V,4049940897977478,"Merchant: Melendez, Lee and Jones",dining,9.32,11,9.68,0,0,1,0
Christian Valencia,4096131681832663,"Merchant: Miller, Smith and Allen",online_shopping,8.69,12,55.3,1,0,1,0
Kaitlyn Warren,4564997023865378,Merchant: Carter-Cochran,online_shopping,36.74,14,8.61,1,0,2,0
Jordan Lynch,4218458639454297,Merchant: Patterson PLC,online_shopping,83.83,11,7.17,1,0,0,0
Raymond Santos,4586676879749654,Merchant: Sanchez-Smith,grocery,50.09,14,56.16,1,0,0,0
Lisa Robinson,4765581519613240,"Merchant: Dean, Gutierrez and Cole",grocery,18.33,19,6.65,1,0,1,0
Darlene Sanchez,4853500544963415,Merchant: Lara PLC,dining,21.13,16,5.22,0,0,2,0
Jessica Harper,4460976630250351,Merchant: Jennings-Hurst,gas_station,31.75,6,0.31,0,0,3,0
Joseph Kelly,4619410147832287,Merchant: Humphrey LLC,dining,22.27,13,14.37,0,0,0,0
Rachel Flores,4182634363936582,"Merchant: Mcbride, Edwards and Smith",electronics,20.1,11,30.71,0,0,1,0
Zachary Johnson,4437367918110014,Merchant: Edwards LLC,travel,58.69,10,7.29,0,0,1,0
Derrick Ford,4848847796296905,"Merchant: Smith, Smith and Wheeler",electronics,68.39,7,15.98,1,0,0,0
Alejandra Ellis,4858786181546325,Merchant: Fritz LLC,grocery,31.95,6,30.39,1,0,0,0
Thomas Chang,4258847607998379,Merchant: Hodges-Woods,dining,31.1,13,14.1,1,0,1,0
Latoya Terry,4597468333682854,Merchant: Ellis-Harrison,online_shopping,11.81,5,25.2,0,0,2,0
Thomas Burns,4100524741418917,"Merchant: Ross, Rocha and Cruz",travel,28.21,17,23.51,0,0,1,0
William Edwards,4782384062193358,"Merchant: Munoz, Reynolds and Miller",dining,17.34,22,37.18,0,0,1,0
Tammy Estrada,4171536398492528,"Merchant: Mccarthy, Vasquez and Guerrero",online_shopping,159.98,1,19.33,1,0,1,1
Abigail Hart,4104078432067000,Merchant: Perez Group,grocery,20.23,22,24.56,1,0,5,0
Javier Rogers,4005297077858750,Merchant: Williamson-Kelly,online_shopping,14.93,16,0.12,1,0,0,0
Ashley Johnson MD,4346770479809835,Merchant: Rios-Rogers,grocery,29.19,15,5.14,0,0,1,0
Abigail Riddle,4892097304764748,Merchant: Wilson LLC,dining,41.79,10,21.41,0,0,0,0
Cody Hart,4803355737327477,Merchant: Gardner and Sons,dining,28.53,15,8.53,0,0,4,0
Greg Dyer,4612003209446786,Merchant: Ward-Edwards,grocery,41.42,13,0.49,0,0,2,0
John Baker,4002880334549164,"Merchant: Mitchell, Robles and Moore",grocery,14.55,12,2.6,0,0,1,0
Megan Hall,4256736013583630,"Merchant: Chen, Mckinney and Walker",travel,49.27,17,1.32,0,0,0,0
John Garrison,4604150024135050,Merchant: Ferguson-Gonzales,dining,39.97,19,11.83,0,0,1,0
Chelsea Salinas,4911913608126276,Merchant: King Inc,grocery,15.25,8,5.25,0,0,1,0
Ashlee Thomas,4016673822530554,Merchant: Hoffman and Sons,grocery,23.69,11,17.86,0,0,1,0
Laura Hill,4284058404737311,Merchant: Patel-Martin,grocery,19.34,14,4.3,0,0,1,0
Jennifer Lopez,4603648111803051,Merchant: Dixon-Haynes,grocery,19.22,10,20.82,0,0,4,0
Dennis Arnold,4239235603568251,Merchant: Smith and Sons,online_shopping,61.28,23,57.48,0,0,2,0
Jamie White,4918985399233779,Merchant: Brown-Mack,gas_station,14.28,9,5.31,1,0,1,0
Ashley Williams,4643751372101397,"Merchant: Miller, Hayes and Ballard",dining,28.1,12,0.78,0,0,2,0
Danny Lee,4384864202908429,Merchant: Gilmore LLC,grocery,47.08,9,14.28,1,0,0,0
Hayley Carter,4348250406584437,Merchant: Madden Group,electronics,11.89,9,15.02,0,0,3,0
Debbie Sherman,4008237333100255,Merchant: Ferguson-Gill,dining,49.33,8,3.71,1,0,2,0
Rebecca Colon,4817424963233637,Merchant: Morrison-Ross,gas_station,14.75,9,40.71,0,0,0,0
Lauren Nguyen,4952234993672851,Merchant: Shah-Rios,online_shopping,31.78,18,4.65,1,0,1,0
Max Leblanc,4957252942669245,Merchant: Trevino-Kelly,grocery,35.54,17,1.66,1,0,0,0
Hunter Campos,4821103159708826,Merchant: Cole LLC,electronics,35.96,15,10.57,1,0,1,0
Jesse Johnson,4378208163125904,"Merchant: Walker, Jones and Perez",dining,21.07,11,3.99,1,0,0,0
Brandy Lopez,4810856366300785,Merchant: Hoffman and Sons,grocery,65.97,8,12.16,0,0,1,0
Jennifer Gonzalez,4734921112027158,"Merchant: Baird, Holland and Figueroa",grocery,90.52,6,5.2,0,0,3,0
James Cuevas,4743281308807270,Merchant: Hobbs PLC,dining,46.24,8,6.94,1,0,0,0
Brandon Stewart,4473952316761263,Merchant: Knight PLC,online_shopping,20.6,16,24.73,1,0,0,0
Victor Ball,4786633752124321,Merchant: Lopez-Leon,dining,32.35,12,3.03,0,1,0,0
Nicole Juarez,4919349784978085,Merchant: Banks PLC,grocery,48.0,5,9.86,1,0,1,0
Brian Mullins,4238785047807831,"Merchant: Parrish, Rivera and Martin",dining,16.04,20,0.3,0,0,1,0
David Wilson,4962639784166095,Merchant: Watson Inc,electronics,2946.27,23,46.89,1,1,3,1
Mary Myers,4883941198162504,"Merchant: Sanders, Kim and Watson",online_shopping,30.9,0,5.49,1,0,1,0
Marc Brown,4483914914370408,Merchant: Sanders Ltd,dining,18.96,12,10.55,1,0,2,0
Angela Collier,4267804041022968,"Merchant: Anderson, Benton and Orozco",grocery,7.75,13,38.79,0,0,2,0
Richard Young,4939731447360965,Merchant: Long-Anderson,grocery,22.69,18,9.83,0,0,1,0
Gabriella Jones,4278298510807651,"Merchant: Moore, Le and Cabrera",gas_station,28.21,12,17.15,0,0,0,0
Teresa Collins,4644816393593184,"Merchant: Martin, Williams and Salazar",online_shopping,30.98,10,0.1,0,0,2,0
Gary Gilbert,4512114799723376,"Merchant: Ross, Maddox and Phillips",dining,7.63,10,26.36,0,0,3,0
Brenda Nicholson,4754228152888688,"Merchant: Garcia, Colon and Rush",dining,30.69,7,10.46,1,0,2,0
Michele Barnes,4198333592997935,Merchant: Chan LLC,grocery,18.59,11,23.36,0,0,1,0
Robert Meza,4743376903866042,Merchant: Byrd PLC,online_shopping,28.31,10,4.6,1,0,1,0
Cindy Harrington,4428640431780203,"Merchant: Williams, Day and Lopez",grocery,83.36,15,14.33,0,0,2,0
Kiara Hawkins,4848987946095672,"Merchant: Mitchell, Smith and Harrison",grocery,16.71,9,25.61,0,0,1,0
Elizabeth Cooper,4727535125430834,Merchant: Adams-Martin,grocery,35.98,10,0.52,0,0,0,0
Mary Santos,4640940874814911,"Merchant: Green, Barnes and Byrd",grocery,54.8,7,6.01,0,0,1,0
Jacob Cabrera,4593456415114379,Merchant: Perez Group,online_shopping,7.13,15,9.12,1,0,2,0
Jacob Trevino,4573320113437751,Merchant: Mora PLC,online_shopping,12.13,14,7.75,0,0,0,0
Christopher Bowen,4165787233598767,Merchant: Lee Inc,online_shopping,7.54,12,21.17,0,0,0,0
David Ruiz,4307061170273142,Merchant: Smith Inc,dining,43.91,12,3.95,1,0,1,0
Jessica Owens,4575492182655395,"Merchant: Lopez, Lewis and Johnson",gas_station,17.26,15,12.44,0,0,3,0
Amy Higgins,4946192131753018,"Merchant: Cruz, Patterson and Brown",online_shopping,27.7,11,17.34,0,0,5,0
Alexander Mitchell,4123510750860456,Merchant: Brown-Edwards,dining,16.87,8,3.49,0,0,1,0
Steven Boyd,4128398918581247,Merchant: Smith-Mayer,dining,85.25,15,0.51,0,0,1,0
Maria Wright,4488490305035996,Merchant: Poole-Franco,online_shopping,19.19,15,9.64,0,0,1,0
Jacqueline Herman,4508505844958543,Merchant: Russell Ltd,grocery,5.72,18,4.88,0,0,1,0
Andrew Delgado,4811780747164661,Merchant: Brown-Perry,dining,33.65,7,6.42,0,0,1,0
William Webb,4630106838212541,Merchant: Jones-Gilbert,online_shopping,32.6,6,28.83,0,0,0,0
Marvin Flores,4693885457014254,Merchant: Gardner Ltd,grocery,57.52,16,11.14,0,0,0,0
Michael Wilson,4492301355559757,Merchant: Torres-Mcintyre,gas_station,39.16,6,6.98,1,0,2,0
Julie Martinez,4886844720794975,"Merchant: Sparks, Lutz and Cuevas",dining,27.65,15,3.58,1,0,1,0
Toni Lamb,4662156922154571,Merchant: Hoffman-Mcdonald,dining,57.76,23,6.28,1,0,0,0
Cindy Martin,4860254029016858,"Merchant: Townsend, Craig and Chapman",online_shopping,134.57,8,8.73,0,0,0,0
Jeffery Jennings,4991942278782301,Merchant: Hernandez and Sons,online_shopping,26.31,14,12.75,0,0,0,0
Anthony Gordon,4737531461810778,"Merchant: Huber, Brown and Bartlett",dining,28.67,10,44.56,1,0,1,0
Luke Moore,4783426036546184,"Merchant: Hunt, Welch and Kemp",grocery,38.79,10,12.1,0,0,0,0
Danielle Bradley,4637667356395169,"Merchant: Frazier, Wilson and Willis",online_shopping,70.58,17,57.05,1,0,0,0
Frank Robinson,4266235150646035,"Merchant: Foster, Bailey and Pena",grocery,9.88,8,21.19,0,0,3,0
Richard Wilson,4387154516507779,Merchant: Stephens Group,electronics,81.85,18,0.1,0,0,1,0
Chad Palmer,4623374752562858,"Merchant: Perez, Lowe and Parks",grocery,19.59,10,13.64,0,0,3,0
Aaron Schneider,4343820727565227,Merchant: Rogers-Lewis,dining,11.52,8,28.4,0,0,0,0
Kurt Montgomery,4225699238942874,Merchant: Lucas-Ramos,electronics,11.19,8,1.87,0,0,1,0
Jacqueline Gonzalez,4859001252607926,Merchant: Hatfield Inc,dining,17.62,15,16.65,0,0,0,0
Evan Smith,4206771020119343,Merchant: Schmidt-Martin,online_shopping,17.02,15,5.49,0,0,2,0
Abigail Parsons MD,4606929851752634,Merchant: Hammond-Rosario,grocery,39.4,15,11.05,0,0,0,0
Dana Snyder,4607370685286573,"Merchant: Miller, Bennett and Howe",electronics,11.73,22,1.42,0,0,1,0
Stacy Garner,4813861299910889,Merchant: Goodwin-Valdez,dining,49.71,5,8.03,0,0,1,0
Gregory Brown,4698640223513401,Merchant: Hernandez LLC,dining,36.6,11,5.1,1,0,1,0
Kathryn Chavez,4073019989611250,Merchant: Cook LLC,online_shopping,54.63,7,0.22,1,0,3,0
David Maxwell,4586547117395263,"Merchant: Anderson, Nichols and Curtis",online_shopping,25.09,20,11.55,0,0,1,0
Larry Higgins,4805065707126126,"Merchant: Gomez, Hunter and Long",grocery,290.08,12,16.35,0,0,0,0
Jason Norris,4815055779501726,"Merchant: Wood, Allen and Smith",online_shopping,20.81,19,74.8,1,0,1,0
Elizabeth Jones,4907027474418166,Merchant: Barrett-Stewart,electronics,21.35,6,25.77,0,0,1,0
Brianna Mccormick,4241621928595143,"Merchant: Krause, Howard and Ramos",dining,25.22,12,2.09,0,0,2,0
Anne Jones,4980303211383033,Merchant: Diaz-Johnson,electronics,8.71,13,15.24,0,0,1,0
Joshua Anderson,4246778815191173,Merchant: Ramos-Brown,grocery,70.73,18,9.88,0,0,2,0
Anthony Christensen,4694559688124831,Merchant: Escobar-Shea,grocery,30.7,8,21.74,0,0,2,0
David Brooks,4610434419678334,Merchant: Foster-Silva,online_shopping,27.21,7,24.64,0,0,4,0
Eric Hernandez,4618698652510402,Merchant: Rojas Inc,online_shopping,23.51,1,25.87,0,0,0,0
Joseph Payne,4068281268289441,"Merchant: Rich, Lewis and Holloway",dining,54.87,16,1.93,1,0,2,0
David Johnson,4718546439438521,Merchant: Stevens Ltd,grocery,38.92,16,9.2,0,0,0,0
Christina Simon,4073119648801654,Merchant: Crosby-Hampton,grocery,16.85,18,3.49,0,0,2,0
Megan Mills,4377062230313337,Merchant: Obrien-Long,grocery,103.5,9,6.0,0,0,0,0
Mandy Walker,4881112887347101,"Merchant: Stanley, Gardner and Hall",dining,14.4,11,2.77,0,0,1,0
Cynthia Cunningham,4459340009360965,"Merchant: Gillespie, Carlson and Maldonado",gas_station,87.25,15,9.83,1,0,3,0
Angelica Mays,4363342283018496,Merchant: Quinn-Smith,dining,69.1,20,11.13,1,0,0,0
David James,4077860248969146,"Merchant: Stevenson, Parker and Cline",grocery,31.88,8,0.1,0,0,1,0
Paul Watkins,4454027407981014,Merchant: Haas LLC,online_shopping,14.48,4,7.75,0,0,1,0
John Olson,4492103971075568,"Merchant: Parks, Anthony and Harrison",grocery,16.12,22,0.49,1,0,2,0
Alexander Anderson,4338718015821194,"Merchant: Gaines, Vargas and Obrien",online_shopping,34.87,7,28.84,1,0,1,0
Mitchell Deleon,4482020830774318,Merchant: Sanchez-Valdez,dining,38.12,14,18.33,0,0,0,0
Susan Bryant,4757530898399178,Merchant: Snow PLC,dining,8.48,13,6.18,0,1,0,0
Derrick Diaz,4377631428758659,Merchant: Mora PLC,dining,14.21,15,14.6,0,1,2,0
Rebecca Lambert,4092261213341026,Merchant: Price-Johns,travel,535.98,18,40.79,0,1,7,1
Erica White,4955651607326128,"Merchant: White, Bishop and Carter",dining,73.25,18,3.71,0,0,0,0
Joseph Miller,4276677423904410,"Merchant: Jackson, Singleton and Padilla",grocery,63.17,5,11.28,0,0,0,0
Richard Molina,4307853185385568,"Merchant: Price, Berry and Harrison",travel,49.56,14,11.57,1,0,2,0
Rebecca Torres,4996465496273189,Merchant: Quinn and Sons,dining,135.66,11,28.58,0,0,0,0
Jack Jacobs,4212337097446621,Merchant: Hammond-Harper,grocery,27.87,10,0.24,1,0,5,0
James Morgan,4951545813734485,"Merchant: Sexton, Wagner and Little",grocery,28.59,18,7.62,0,0,0,0
Lindsay Chavez,4638562150573385,Merchant: Turner Ltd,grocery,30.94,12,24.09,0,0,2,0
Mr. Jeremy Cohen Jr.,4715583677844311,Merchant: Gordon Ltd,grocery,126.95,14,4.49,0,0,0,0
Kathryn Perry,4995895748010362,Merchant: Villarreal PLC,grocery,49.44,19,0.72,0,0,3,0
Jeffery Richards,4103650705835767,"Merchant: Wright, Harris and Franco",dining,13.2,17,13.87,0,0,2,0
Chad Morales,4931104214579282,Merchant: Moss and Sons,grocery,8.63,10,3.24,0,0,1,0
Tammy Alexander,4499397126788165,Merchant: Wilson-Farmer,online_shopping,23.32,9,4.13,0,0,0,0
Alexander Cox,4247358332744876,Merchant: Morris PLC,gas_station,71.27,20,1.53,0,0,0,0
Brett Stephens,4102281834213337,Merchant: Sanders PLC,travel,30.28,12,23.51,0,0,0,0
Karen Mitchell,4518793230720218,"Merchant: Snow, Ware and Banks",gas_station,28.29,6,5.17,0,0,0,0
Carol Taylor DDS,4071898424973181,Merchant: Mitchell Group,online_shopping,21.27,12,6.54,1,0,2,0
Pam Roberts,4121427881732730,Merchant: Simmons-Mcneil,electronics,31.07,15,0.8,0,0,0,0
Benjamin Phillips,4861819667998028,"Merchant: Reynolds, Kirby and Smith",grocery,34.55,6,6.02,0,0,1,0
James Snyder,4328395063502646,Merchant: Barrett Group,dining,13.84,11,0.1,0,0,1,0
Daniel Phillips,4794883250520831,Merchant: Robinson-Gomez,gas_station,37.49,7,21.99,0,0,0,0
Andrea Bryant,4255534490284090,Merchant: Smith-Smith,electronics,30.5,19,6.57,1,0,0,0
Melinda Thompson,4423927783203420,"Merchant: Mitchell, Kerr and Callahan",electronics,20.91,12,0.1,0,0,0,0
Jade Phillips,4156852301668008,Merchant: Richard-Lopez,grocery,42.71,14,6.02,1,0,1,0
Kyle Mooney,4651682563144970,Merchant: Martinez-Ramirez,online_shopping,40.73,16,3.45,0,0,0,0
Christine Leblanc,4416138278718737,Merchant: Booth-Hicks,grocery,37.87,12,2.14,0,0,1,0
Alexander Wright,4088396828698679,"Merchant: Garcia, Harrison and Burke",electronics,27.8,5,7.35,0,0,0,0
Joshua Cunningham,4067097495210104,Merchant: Garrett Ltd,online_shopping,94.68,17,15.92,0,0,1,0
Stephanie Mcintosh,4729142863642387,Merchant: Robinson-Reid,dining,105.74,7,1.32,1,0,1,0
Juan Chan,4176472502272306,"Merchant: Avery, Mclaughlin and Russo",electronics,8.66,13,4.94,0,0,1,0
Allen Weaver,4051080872259355,Merchant: Thompson-Stuart,grocery,13.91,11,0.7,1,0,3,0
Mr. Martin Morales,4544646645700050,Merchant: Garcia-Mueller,online_shopping,40.89,4,9.77,0,0,1,0
Ryan Cannon,4057728477736789,Merchant: Martinez-Rose,online_shopping,9.34,13,29.07,1,0,1,0
Catherine Crane,4894060415491039,"Merchant: Hughes, Flowers and Rivera",dining,36.53,7,22.4,1,0,0,0
Michelle Gould,4962155039952411,Merchant: Rosales-Burns,grocery,39.5,11,40.87,0,1,2,0
Mathew Olson,4944270802147181,"Merchant: Jones, Banks and Davis",online_shopping,39.71,21,2.28,1,0,1,0
Gary Walker,4990953841967163,Merchant: Mendez-Lewis,gas_station,19.27,12,14.26,0,0,0,0
Terry Williams,4108036821553374,Merchant: Juarez Group,dining,18.96,13,2.33,0,0,0,0
Melissa Riley,4727989169500038,"Merchant: Olsen, Wilson and Daniels",grocery,109.56,11,22.07,0,0,0,0
Jesse Anderson,4032324359429576,Merchant: Moran and Sons,gas_station,128.93,9,6.97,0,0,5,0
John Stone,4294057488966331,Merchant: Mason Group,gas_station,22.88,13,16.11,0,0,1,0
Joshua Griffin,4364858038940857,Merchant: Taylor Group,grocery,46.04,19,4.21,0,0,0,0
Virginia Morales,4092642560914582,Merchant: Pacheco-Fox,electronics,48.29,10,44.02,0,0,1,0
Ronald Cook,4349514761804188,Merchant: Martin PLC,dining,16.9,15,25.65,1,0,2,0
Louis Tyler,4840902289514104,Merchant: Harris LLC,dining,21.85,11,8.49,1,0,0,0
Mary Wall,4048620210637170,Merchant: Carter-Barrett,electronics,40.36,10,51.15,0,0,0,0
Dustin Mendez,4926721363862693,Merchant: Hobbs Inc,dining,20.24,14,4.37,0,0,1,0
Amy Martin,4957801834766749,Merchant: Russo Inc,electronics,55.92,10,3.67,0,0,1,0
Ashley Martinez,4778111072632257,Merchant: Williams Ltd,dining,29.42,7,20.2,1,0,0,0
Scott Gibbs,4945035292258734,"Merchant: Hardy, Odonnell and Snow",travel,19.47,5,27.19,1,0,0,0
Heather Rojas DDS,4208903748168546,"Merchant: Gutierrez, Walter and Kim",online_shopping,9.81,19,0.92,1,0,3,0
Ashley Shepard,4085766493917922,"Merchant: Gardner, Short and Herrera",electronics,12.43,18,7.58,0,0,0,0
Jessica Vasquez,4637453793271960,"Merchant: Rodriguez, Lopez and Jones",electronics,67.77,13,13.62,0,0,1,0
Melinda Rosario,4262977750466694,Merchant: Williams-Young,grocery,23.58,5,8.6,0,0,2,0
Jennifer Sanchez,4517550935600330,Merchant: Price-Conner,online_shopping,23.36,9,3.05,0,0,0,0
Christina Davis DDS,4897290937287659,Merchant: Cox-Nielsen,gas_station,29.98,14,17.54,1,0,1,0
Mrs. Heather Meyers,4388315523283840,Merchant: Mccullough-Johnson,online_shopping,42.3,19,32.65,1,0,1,0
Nicole Garcia,4525404023672167,Merchant: Gordon Ltd,grocery,43.42,1,10.79,0,1,1,0
Lisa Robinson,4735104125054357,Merchant: Roberts Ltd,dining,19.39,9,15.82,0,0,0,0
Katie Davis,4772998547234305,Merchant: Marshall-Kelley,online_shopping,18.15,9,1.52,1,0,0,0
Christine Farrell,4140320957661098,"Merchant: Gutierrez, Rodriguez and Johnson",online_shopping,28.26,8,1.83,0,0,0,0
Mariah Eaton,4696711364195563,"Merchant: Wilcox, Brown and Rose",grocery,46.36,9,34.59,0,0,3,0
Joseph Gould,4841672176274786,Merchant: Rodriguez-Kent,gas_station,22.97,0,15.45,1,0,1,0
Ashley Clark,4194752029100181,Merchant: Price Inc,online_shopping,50.91,7,7.05,0,0,0,0
Kathryn Simmons,4196782723882915,"Merchant: Williams, Brady and Gonzalez",travel,17.47,18,5.9,0,0,1,0
Colin Vega Jr.,4346935168520056,Merchant: Wood LLC,online_shopping,19.69,11,0.55,0,0,3,0
Robert Vazquez,4453628122631155,Merchant: Riley-Steele,gas_station,21.42,9,17.75,0,0,0,0
Bryan Monroe,4973039552964176,Merchant: Farmer PLC,online_shopping,27.6,6,22.16,0,0,0,0
Louis Rose,4341760832531338,"Merchant: Davidson, Carroll and Wise",grocery,14.4,8,27.55,0,0,2,0
Andrew Abbott,4234315213940895,Merchant: Leonard-Lewis,online_shopping,28.17,9,42.1,0,0,4,0
Lance Brown,4262514033011912,Merchant: Herring-Taylor,grocery,19.53,14,4.73,0,0,1,0
Christopher Howard,4182702125840010,Merchant: Carlson-Mata,dining,70.54,13,39.07,0,0,1,0
Jose Cook,4925893995050038,"Merchant: Hunter, Fowler and Castillo",electronics,25.8,9,0.78,0,0,0,0
Michael Mckee,4787426077548483,Merchant: Paul Inc,grocery,13.58,13,15.3,1,0,2,0
Cynthia Harper,4281453858309183,Merchant: George-Manning,gas_station,71.87,18,5.14,0,0,1,0
Olivia Martinez,4189722873692127,"Merchant: Boyer, Moore and Williams",online_shopping,48.83,6,0.74,0,0,1,0
Mr. Nicholas Munoz,4928924071016630,"Merchant: Holmes, Werner and Bullock",grocery,84.23,12,20.68,0,0,0,0
Thomas Waters,4995482320324980,Merchant: Davis Inc,electronics,20.32,18,6.34,0,0,1,0
Ashley Stokes,4638553819117672,Merchant: Petersen-Warren,electronics,28.83,14,10.04,0,0,0,0
Kyle Singh,4254675464254865,Merchant: Powell PLC,dining,41.74,8,2.31,0,0,0,0
Spencer Jones,4775951027769925,"Merchant: Green, Lucas and Young",gas_station,26.17,5,3.26,0,0,3,0
Vicki Fry,4790712021509308,Merchant: Black PLC,online_shopping,16.54,11,40.87,0,0,0,0
Johnny Fisher,4800126661792793,Merchant: King-Short,grocery,65.61,17,14.28,0,0,1,0
Timothy Fuentes,4608171211492761,Merchant: Orr and Sons,online_shopping,34.14,7,24.51,0,0,1,0
Michelle Sullivan MD,4487864694326185,Merchant: Moreno-Fischer,online_shopping,23.04,8,31.77,0,0,1,0
Jennifer Duncan,4022939847326159,"Merchant: Reed, Vasquez and Walker",grocery,36.83,6,2.56,0,0,2,0
David Summers,4838106678546610,Merchant: Leblanc-Ramirez,online_shopping,41.16,10,23.37,1,0,1,0
Kristen Flores,4571584893349971,"Merchant: Gray, Andrade and Ward",travel,37.51,14,17.54,0,0,0,0
James Parsons,4491454645639284,"Merchant: Soto, Francis and Mcfarland",grocery,5.13,6,2.31,0,0,2,0
Alexa Ingram,4421270878869462,Merchant: Torres-Finley,online_shopping,27.65,17,13.18,0,0,1,0
James Stanley,4862241899088750,"Merchant: Brown, Copeland and Flynn",electronics,16.1,10,6.48,0,0,0,0
Tyler Williams,4746391599016643,Merchant: Bush Ltd,grocery,18.27,16,25.5,0,0,1,0
Melissa Torres,4343209678598249,"Merchant: Clayton, Ellis and Bailey",online_shopping,43.65,11,6.7,0,0,1,0
Lauren Marshall,4148030164543672,"Merchant: Davidson, Gibbs and Brown",electronics,708.13,22,18.04,1,0,3,1
Suzanne Johnson,4161424170013733,Merchant: Nielsen-Thomas,dining,36.24,8,2.41,0,0,1,0
Miss Sharon Park,4423380546836740,Merchant: Kelley Ltd,grocery,42.91,12,10.78,0,0,1,0
Mark Mcclain,4650852855864384,Merchant: Copeland and Sons,travel,60.78,15,17.18,0,1,0,0
Tracy Frost,4644777760356417,"Merchant: Harrison, Smith and Potter",gas_station,10.62,13,5.74,0,0,1,0
Jordan Jones,4657126386045851,Merchant: Ballard-Valenzuela,online_shopping,54.31,11,1.55,0,0,1,0
Victor Ruiz,4607353895650259,Merchant: Cox Inc,grocery,31.86,19,11.26,0,0,1,0
Jodi Mendoza,4873499377973201,"Merchant: Coleman, Ramirez and Francis",online_shopping,3.94,17,20.21,0,0,2,0
John Perez,4377468945084792,"Merchant: Frederick, Berger and Le",grocery,7.87,7,3.4,0,0,3,0
Adam Gillespie,4621897281962951,Merchant: Espinoza and Sons,online_shopping,26.38,12,11.47,1,0,1,0
Matthew Lucas,4061956141894502,Merchant: Lucas LLC,grocery,43.84,17,24.2,1,0,3,0
Theresa Davis,4042433881508225,Merchant: Cole PLC,grocery,32.94,21,5.72,1,0,1,0
Sherry Franco,4787205011140536,Merchant: Lynn-Walker,gas_station,54.21,10,33.99,0,0,0,0
Robert Jenkins,4689150744201784,Merchant: Washington-Stone,electronics,64.1,23,4.18,0,0,0,0
Cathy Young,4703876520214706,Merchant: Morton-Roth,gas_station,47.5,13,17.52,0,0,3,0
Steven Davis,4697911590303556,Merchant: Miller-Maddox,grocery,16.45,11,3.61,0,0,0,0
Mariah Collins,4208889137932578,Merchant: Nichols-Smith,grocery,34.27,9,2.6,0,0,1,0
Edward Stanton,4687001583620463,Merchant: Campbell Ltd,online_shopping,28.36,19,6.33,0,0,2,0
Debra Caldwell,4806202751105495,"Merchant: Smith, Rhodes and Cook",grocery,37.1,2,53.3,1,0,0,0
Brooke Ramirez,4341656700288938,Merchant: Martinez Ltd,online_shopping,40.18,13,1.25,0,0,5,0
Nicole Smith,4037492338318437,"Merchant: Estrada, Johnson and White",grocery,78.43,8,8.05,0,0,0,0
Jessica Bell,4276117623408268,"Merchant: Barry, Davis and Guerrero",electronics,28.74,13,8.64,0,0,2,0
Ann Barnett,4886452197214350,"Merchant: Harris, Johnson and Huff",electronics,41.74,10,36.75,0,0,0,0
Mary Whitney,4243349110045531,"Merchant: Davis, Mora and Wilson",electronics,100.87,21,4.25,1,0,0,0
Donald Salazar,4086992342734818,"Merchant: Rogers, Fitzgerald and Watson",travel,96.86,4,5.0,1,0,6,1
Ashley Simpson,4772596522924450,"Merchant: Barnett, Campos and Duarte",dining,32.02,6,0.55,0,0,2,0
Joshua Mann,4519490002536653,"Merchant: Hawkins, Solomon and Young",online_shopping,27.07,14,0.33,0,0,1,0
Julie Flores,4449328554569794,Merchant: Powell-Boone,gas_station,25.84,4,4.12,1,0,0,0
Brandi Roberson,4446811924370699,Merchant: Galvan Inc,grocery,29.16,14,2.59,1,0,4,0
Melinda Hanson DDS,4570290369522056,"Merchant: Lester, Wade and Lee",gas_station,13.97,16,2.48,0,0,1,0
Janice Jones,4673275309757900,Merchant: Moore-Trevino,online_shopping,21.23,14,16.55,0,0,0,0
Penny Johnson,4918213401207768,Merchant: Brady-Powers,online_shopping,37.85,13,6.35,1,0,0,0
James Jensen,4498725378225968,Merchant: Combs Inc,dining,30.04,12,20.94,0,0,1,0
Kenneth Branch,4587301160692203,Merchant: Page Ltd,travel,37.96,16,15.88,0,1,1,0
Tyler Allen,4726303282311177,Merchant: Flores Inc,grocery,36.7,20,2.73,0,0,0,0
James Aguilar,4953233172556447,"Merchant: Williams, Jacobs and Brown",online_shopping,23.04,14,1.42,0,0,1,0
Jessica Thompson,4782007152711595,Merchant: Smith Group,dining,16.33,21,31.68,1,0,2,0
Gregory Hall,4875781071259104,Merchant: Flowers Ltd,electronics,93.79,12,27.43,0,0,0,0
Keith Davis,4139590749263519,Merchant: Walker and Sons,online_shopping,54.93,17,3.28,1,0,1,0
Rodney Patton,4748563667886192,Merchant: Farrell Group,dining,34.06,12,3.14,1,0,2,0
Michael Houston,4521748761520937,"Merchant: Fisher, Watson and Gray",grocery,19.51,17,0.88,0,0,1,0
Rachel Torres,4171226453935021,"Merchant: Ferguson, Thompson and Thompson",gas_station,24.76,17,15.62,0,0,1,0
Mark Hernandez,4766280540406752,Merchant: Mathis-Fernandez,travel,17.36,9,26.25,0,0,2,0
Jeff Thompson,4515090957623219,Merchant: Williams PLC,dining,29.17,10,12.51,0,0,2,0
Debra Lee,4947128225673083,"Merchant: Long, Crawford and Washington",gas_station,46.34,7,7.82,1,0,1,0
Megan Ryan,4096721810697084,"Merchant: Lloyd, Stephens and Watson",online_shopping,34.01,12,10.11,1,0,1,0
David Clark,4990813477352900,Merchant: Burns Ltd,dining,28.74,18,7.33,1,0,2,0
Todd Rojas,4562993800915058,Merchant: Mccann-Wheeler,grocery,27.64,8,21.11,1,0,0,0
Steven King,4798912300305608,Merchant: Roberts PLC,grocery,49.06,13,3.57,1,0,2,0
Jeffrey Stokes,4844930874506207,Merchant: Pennington-Martinez,dining,19.73,11,6.94,1,0,2,0
Casey Wright,4735309809442618,Merchant: Oconnor-Johnson,grocery,25.0,17,15.69,0,0,1,0
Janet Oliver,4313030984778382,"Merchant: Griffin, Dominguez and Lloyd",electronics,162.53,1,122.16,1,0,2,1
Gary Smith,4188848318670328,Merchant: Lane-Webb,online_shopping,64.08,21,1.35,1,0,0,0
Gerald Wall,4683749949275539,"Merchant: Lopez, Bray and Ayala",grocery,29.56,7,2.66,0,0,0,0
Hannah Dickson,4272258900221828,Merchant: Johnson PLC,dining,64.56,18,28.2,0,0,0,0
Madeline Boyle,4576816190173786,"Merchant: Quinn, Andrade and Bright",grocery,30.7,8,38.18,0,0,1,0
Virginia Lynch,4985821781051792,Merchant: Phillips-Knox,electronics,24.65,13,20.0,1,0,0,0
Tammy Bridges,4220567042768832,"Merchant: Kent, Fernandez and Mahoney",grocery,25.8,9,12.72,0,0,3,0
Danielle Simmons,4902803088004427,Merchant: Hale-Garcia,online_shopping,23.17,20,12.37,0,1,2,0
Shelly Henderson,4939288534118988,Merchant: Wilson LLC,grocery,153.93,14,23.63,0,0,2,0
Frank Davis,4734157006190857,Merchant: Wilson Ltd,electronics,2.04,8,42.31,0,0,2,0
Jennifer Williams,4260324470521940,Merchant: Hughes-Robertson,gas_station,16.85,14,1.34,1,1,0,0
Robert Mills,4698332821175748,"Merchant: Grant, Woods and Sims",online_shopping,52.88,8,29.72,1,0,2,0
Philip Yates,4360426324137747,"Merchant: Diaz, Jones and Walker",grocery,78.45,11,16.22,1,0,1,0
Chad Romero,4396781159819191,Merchant: Mosley Inc,gas_station,508.79,15,418.61,1,0,7,1
Timothy Odom,4553533944444960,"Merchant: Obrien, Montgomery and Smith",dining,19.79,5,10.21,0,0,0,0
Lisa Morales,4804717034390376,Merchant: Berg Ltd,online_shopping,41.27,9,1.72,1,0,2,0
Victor Jordan,4382978229189136,Merchant: Moreno-Harrell,dining,13.15,21,0.94,1,1,0,0
Lisa Scott,4943746436480578,"Merchant: Wood, Richards and Arnold",electronics,47.05,17,17.78,1,0,0,0
Michael Ellis,4599051171381645,"Merchant: Shannon, Andrews and Robinson",gas_station,45.06,18,56.98,1,0,0,0
Maria Brennan,4248388659795309,Merchant: Patterson-Hayes,grocery,4.73,8,5.64,0,0,0,0
Jessica Williams,4337147154962133,Merchant: Robbins-Franklin,electronics,23.42,8,2.13,0,0,1,0
Lisa Odonnell,4697461448536791,"Merchant: Garcia, Ingram and Diaz",gas_station,15.31,10,9.53,0,0,0,0
Victor Lewis,4890891114709352,Merchant: Mckenzie Inc,grocery,68.37,7,26.83,0,0,2,0
Rebecca Tapia,4541886333957470,"Merchant: Duncan, Richardson and Meyers",online_shopping,71.61,13,2.48,0,0,1,0
Joan Rogers,4147707608816167,Merchant: Jones and Sons,online_shopping,15.69,14,16.02,1,1,1,0
Mr. Jeffrey Nguyen,4483166413730521,"Merchant: Bush, Cole and Gutierrez",dining,128.08,11,3.26,0,0,1,0
Angela Luna,4393520726234119,Merchant: Holmes-Joseph,grocery,19.13,14,2.89,0,0,2,0
Alejandro Davis,4394995392511637,Merchant: Wyatt LLC,gas_station,29.76,8,25.87,1,0,1,0
Eduardo Hart DDS,4585851920327872,"Merchant: Jimenez, Lin and Cummings",dining,136.96,0,4.8,0,0,2,0
Duane Clark,4338417354451727,Merchant: Johnson-Bender,grocery,53.92,7,32.69,0,0,1,0
Lisa Bowman,4011556194567822,"Merchant: Brown, Gutierrez and Espinoza",online_shopping,16.63,12,16.8,0,0,3,0
Jose Smith,4598606893007389,Merchant: Davis PLC,dining,45.03,15,14.14,0,0,1,0
Tammy Nguyen,4223740280482427,Merchant: Wells and Sons,grocery,25.66,18,2.81,0,0,0,0
Maria Harrington,4015675395751526,"Merchant: Leonard, Johnson and Matthews",electronics,10.66,11,3.32,1,0,1,0
Michael Gibbs,4959545470816064,Merchant: Marquez-Ford,dining,43.18,9,10.1,1,0,1,0
Greg Williams,4878865567173437,Merchant: Massey PLC,dining,7.64,15,14.1,0,0,1,0
Nicole Baker,4220073937815069,"Merchant: Erickson, Johnson and Mooney",grocery,16.72,12,8.01,1,0,1,0
Justin Jones,4678571844092653,"Merchant: Romero, Smith and Bowen",dining,48.13,16,9.51,0,0,0,0
Kimberly Jackson,4443307269630790,"Merchant: Burch, Ortiz and Hayes",grocery,39.69,8,17.69,0,0,1,0
Jeremy Turner,4605210217847900,Merchant: Ward Inc,dining,24.23,14,58.71,0,0,0,0
Carlos Brown,4889876739817782,Merchant: Hernandez Inc,dining,65.26,0,95.59,1,0,3,1
Shannon Ryan,4496661696187592,Merchant: Davidson PLC,online_shopping,27.04,6,1.74,0,0,2,0
Yvonne Patterson,4943533136638105,Merchant: Sanchez-Velasquez,online_shopping,35.2,11,6.79,1,0,1,0
James Rivas,4434998581521765,"Merchant: Hunt, Henderson and Webster",gas_station,3.26,23,0.53,1,0,1,0
Rachel Soto,4092698300564020,"Merchant: Mccall, Phillips and Weiss",gas_station,35.35,11,33.76,0,0,1,0
Danielle Lucas,4928919149676472,Merchant: Ellis-Vega,electronics,29.3,9,5.01,0,0,1,0
Olivia Russell,4553831225484691,Merchant: Ryan-Richards,dining,48.24,21,10.18,0,0,1,0
Amber Cruz,4231362814159312,Merchant: Buchanan-Simmons,dining,51.59,17,32.21,0,1,3,0
Gregory Smith,4388098991761154,"Merchant: Lane, Tran and Lee",dining,7.26,19,5.58,0,0,2,0
Alison Miller,4258308695963353,Merchant: Golden PLC,travel,16.21,6,7.25,0,0,0,0
Jessica Lane,4491546361890254,Merchant: Martinez Ltd,grocery,9.95,7,13.34,0,0,2,0
Angela Drake,4572128632971981,Merchant: Brewer-Long,grocery,15.68,6,18.1,0,0,2,0
April Carter,4850423586576248,Merchant: Mcneil and Sons,dining,29.04,15,3.58,0,0,1,0
Shannon Hernandez,4636590930028190,"Merchant: Daniel, Powell and Holden",dining,46.85,11,13.21,0,0,1,0
Michelle Stevens,4623383838696176,Merchant: Baker-Hernandez,gas_station,34.23,15,0.83,1,0,4,0
Olivia Williams,4940655832475392,Merchant: Lynch-Romero,online_shopping,10.46,7,13.16,0,0,3,0
Garrett Thomas,4387209037401447,Merchant: Mcdonald-Cole,grocery,8.07,9,2.92,0,0,3,0
Nicole Lewis,4623564146524867,Merchant: Burns-Gould,gas_station,13.71,14,1.54,0,0,1,0
Douglas Fuller,4691380475384675,Merchant: Bennett and Sons,gas_station,13.81,14,2.6,0,0,3,0
Jordan Harper,4744664355009727,Merchant: Burke-Bradford,grocery,16.3,11,19.02,1,0,2,0
Michelle Hall,4584655361733824,Merchant: Riddle Group,grocery,26.83,18,22.65,1,0,1,0
Megan Hernandez,4494435252158053,Merchant: Thomas Group,dining,6.86,11,16.5,0,0,2,0
Jeremiah Fisher,4021675912974744,Merchant: Calhoun-Boone,electronics,82.31,14,5.98,0,0,1,0
Ryan Barrera,4485315808088858,Merchant: Small Group,gas_station,11.51,11,3.21,0,0,0,0
Daniel Martinez,4549376902518996,Merchant: Hughes-Howard,grocery,15.01,14,9.27,0,0,0,0
Douglas Howard,4069738569225878,Merchant: Welch-West,electronics,29.29,8,43.49,1,0,2,0
Jeffrey Leonard,4685860149150287,Merchant: Ramirez Ltd,grocery,25.21,14,17.17,0,0,2,0
Jasmine Hahn,4907121161073523,"Merchant: Martinez, Calhoun and David",dining,20.56,15,49.31,0,0,1,0
Erik Williams,4197694489197876,Merchant: Miller-Lowe,gas_station,17.86,10,0.42,0,0,4,0
Susan Melendez,4551551067606910,Merchant: Johnson-Erickson,grocery,38.79,21,13.49,0,0,1,0
Robin Baker,4391737607764673,Merchant: Harris-Martin,electronics,17.72,20,1.91,1,0,1,0
Raymond Brooks III,4740724488027089,"Merchant: Jordan, Fritz and Jordan",gas_station,34.6,23,0.51,0,0,3,0
David Mitchell,4687183991043304,Merchant: Zimmerman-Morales,dining,23.84,13,1.52,0,0,0,0
Felicia Matthews,4176102283849838,Merchant: Simon-Taylor,dining,183.13,13,44.05,0,0,1,0
Jill Stevens,4234385629968863,Merchant: Watts-Parker,grocery,20.0,7,5.66,0,0,1,0
Roger Johnson,4461453023457745,"Merchant: Stanton, Gray and Stein",grocery,9.67,15,5.57,0,0,1,0
Cynthia Price,4742450697171918,"Merchant: Cruz, Young and Garcia",online_shopping,33.1,14,30.57,1,0,1,0
John Johnson,4373187110548316,"Merchant: Carter, Davis and Williams",online_shopping,61.86,8,5.52,1,0,1,0
Alison Delacruz,4297788158980965,"Merchant: Green, Turner and Fernandez",electronics,19.23,18,11.42,0,0,0,0
Henry Parker,4389999595383536,Merchant: Coffey-Archer,dining,49.65,17,37.94,0,0,1,0
Curtis Davis,4134076109843939,Merchant: Kramer Inc,online_shopping,214.54,4,44.61,0,1,3,1
John Clark,4873063435330208,Merchant: Burton-Macdonald,online_shopping,6.73,9,4.82,0,0,0,0
Amy Chapman,4686164450811622,"Merchant: Jarvis, Leblanc and Campbell",dining,46.43,11,24.36,0,0,2,0
Maria Williams,4597280814033444,Merchant: Leon-Vega,dining,8.48,20,30.8,1,0,1,0
Nancy Hogan,4860748636724036,Merchant: Clark PLC,grocery,102.35,14,10.68,0,1,0,0
Howard Hunter,4322252303512032,"Merchant: Smith, Coleman and Mitchell",online_shopping,8.45,8,5.38,0,0,2,0
Dylan Baker,4452412003949049,Merchant: Williams PLC,grocery,100.67,8,12.0,1,0,0,0
William Mcbride,4575572229977124,"Merchant: Daniel, Adams and Jenkins",online_shopping,23.07,17,25.03,1,0,1,0
Jenny Sanchez,4570072353187512,Merchant: Horne-Turner,dining,29.22,7,6.28,0,0,3,0
Suzanne Hancock,4367083946944993,Merchant: Velasquez-Stanton,grocery,22.72,15,3.25,0,0,1,0
Jason Riggs,4971771042053333,Merchant: Jensen Inc,gas_station,42.57,6,25.15,1,0,0,0
Suzanne Lambert,4356135716062902,"Merchant: Wade, Brown and Estrada",dining,6.77,12,70.43,1,0,1,0
Tyler Green,4885197463502621,Merchant: Waters-Gibson,gas_station,13.43,7,12.7,0,0,2,0
Zachary Doyle,4966077850050248,Merchant: Rodriguez-White,gas_station,25.98,12,32.47,0,0,5,0
Noah Briggs,4299795825302141,Merchant: Frazier-Rodriguez,electronics,14.62,15,11.73,0,0,0,0
Nicole Ward,4683034786556485,Merchant: Charles-Reyes,grocery,22.77,11,11.45,0,0,1,0
Blake Norris,4596350314109837,Merchant: Ortiz Inc,dining,56.76,5,15.87,0,1,1,0
Latoya Fitzgerald,4514013050467277,Merchant: Davila-Bowen,travel,69.5,12,12.54,0,0,1,0
Wendy Miller,4293111016837802,Merchant: Smith-Mckinney,dining,45.33,8,32.0,1,0,0,0
Stephen Shaw,4031468462509393,"Merchant: Jenkins, Evans and Clark",electronics,68.95,7,2.19,0,0,0,0
Jo Hickman,4675924311421199,Merchant: Bell-Hill,online_shopping,289.9,5,201.57,1,0,6,1
Billy Cross,4637626508616104,Merchant: Matthews LLC,grocery,9.74,6,1.96,1,0,2,0
Jeffery Davis,4937819798005222,Merchant: Carey-Graves,travel,16.58,7,17.62,0,0,0,0
Maria Dixon,4539746249995234,"Merchant: Bender, Peterson and Bolton",travel,17.73,10,4.75,0,0,0,0
Diana Murray,4367146757814892,"Merchant: Byrd, Chavez and Jensen",online_shopping,60.26,13,2.98,0,0,1,0
Jennifer Curtis,4636172277322807,"Merchant: Dixon, Rivera and Vasquez",dining,39.87,13,13.81,0,0,2,0
Janet Mcclure,4724089052078193,Merchant: Hodges PLC,dining,17.08,6,19.05,0,0,2,0
Alexis Watson,4153303569315471,Merchant: Griffin-Richardson,dining,55.38,7,28.4,0,0,4,0
Jared Spence,4492640927628776,Merchant: Fleming-Horton,grocery,13.83,7,12.94,1,0,1,0
Alice May,4395398219635250,"Merchant: Campbell, Rocha and Nichols",grocery,9.16,7,27.27,1,0,0,0
Nathan Miles,4203375141007123,Merchant: Jimenez-Burton,dining,10.08,7,19.95,0,0,0,0
April White,4210150447966574,"Merchant: Reid, Stephenson and Jackson",dining,42.99,11,17.9,0,0,1,0
Kathleen Odonnell,4358895225128506,"Merchant: Barrera, Rogers and Prince",online_shopping,9.73,9,23.95,0,0,1,0
Emily Massey,4650220876431304,Merchant: Lewis-Rush,grocery,45.93,10,23.28,1,0,1,0
Lisa Henderson,4107536353190959,Merchant: Diaz LLC,gas_station,91.73,11,11.99,0,0,0,0
Andrea Brown,4534298756424765,Merchant: Cook-Lester,online_shopping,56.53,19,12.71,1,0,4,0
Shawn Patel,4387955229877840,Merchant: Williams-Miller,online_shopping,51.92,14,0.6,0,0,0,0
Eric Parker,4253318452422605,Merchant: Lynch Group,dining,49.64,10,3.07,0,0,4,0
Cindy Garza,4846501272725984,Merchant: Moore-Manning,dining,28.92,10,20.38,0,0,3,0
Jesse Yang,4965294232176572,Merchant: Torres and Sons,gas_station,70.84,6,0.84,0,0,4,0
Dean Evans,4254972607785628,Merchant: Murphy-Williams,dining,57.7,9,3.47,0,0,2,0
Carl Lopez,4564577606541826,"Merchant: York, Garza and Brown",travel,48.75,15,0.99,0,0,0,0
Diane Smith,4424035004452567,Merchant: Bradley-Saunders,electronics,57.18,5,0.59,1,0,4,0
Shelly Jackson,4945870419498551,Merchant: Jensen-Ramirez,online_shopping,14.22,16,13.69,0,0,2,0
Rachel Castillo,4122766447728941,Merchant: Day-Carson,dining,15.01,7,7.66,1,0,2,0
Hunter Miller,4557579118157801,"Merchant: Clark, Hall and Anderson",online_shopping,31.62,11,5.58,0,0,0,0
Melanie Fischer,4026859736974750,Merchant: Macias-Logan,dining,25.19,15,5.78,1,0,1,0
Eric Camacho,4965298888089849,Merchant: Jimenez-Flores,grocery,91.16,14,7.18,0,0,0,0
Eric Harris DVM,4730002599672727,"Merchant: Johnson, Baldwin and Mills",dining,79.34,14,5.59,1,0,0,0
Angela Craig,4911037040464044,"Merchant: Cook, Kerr and Smith",grocery,9.09,16,18.11,0,0,0,0
Henry Brooks,4799380707178516,Merchant: Robertson Ltd,online_shopping,66.83,15,49.57,0,0,1,0
Tony Barnes,4140617142548720,Merchant: Cox-Miller,online_shopping,45.08,18,12.14,1,0,2,0
Robert Bailey,4372524738069732,"Merchant: Curtis, Howe and Adams",gas_station,11.87,17,15.72,0,1,1,0
Taylor Parsons,4515199583063748,Merchant: Barnes LLC,grocery,18.77,5,32.41,0,0,1,0
Christopher Wilson,4256136847715534,Merchant: Duncan PLC,dining,14.3,14,1.68,1,0,2,0
Erin Mcdowell,4490223381621991,"Merchant: Cooper, Page and Acosta",grocery,19.77,0,20.63,0,0,0,0
Amy Ray,4773742147303469,"Merchant: Mcintosh, Fox and Whitehead",dining,12.27,19,3.68,1,0,1,0
Stephen Leon,4192718339570597,Merchant: Allen-Kelly,gas_station,41.25,11,55.1,0,0,0,0
Christopher Bolton,4971323274656001,Merchant: Bailey-Jones,grocery,63.64,11,18.97,1,0,0,0
Erin Aguirre,4131456775103227,"Merchant: Carter, Villegas and Matthews",online_shopping,51.39,7,21.55,0,0,1,0
Valerie Rodriguez,4510625580236072,"Merchant: Hernandez, Hayden and Rodriguez",grocery,138.38,12,0.84,0,0,3,0
Peter Thompson,4205911142547796,Merchant: Zavala-Martinez,online_shopping,29.51,17,1.28,0,0,0,0
Terri Davis,4002715209069395,"Merchant: Butler, Travis and Flores",grocery,27.39,11,15.22,0,0,1,0
Joseph Blevins,4517903568469343,Merchant: Shepherd-Burgess,dining,7.49,10,1.78,0,0,2,0
Steven Cannon,4127799853750302,Merchant: Jones LLC,grocery,39.89,0,3.02,0,0,1,0
Wendy Horne,4430139700763574,Merchant: Kelly-Montgomery,travel,29.92,11,3.38,0,0,0,0
David Cruz,4286179316988673,Merchant: Baker LLC,online_shopping,33.27,19,15.34,1,0,1,0
Michael Hendrix,4090701157776606,Merchant: Harrington Group,grocery,62.49,14,7.96,1,0,1,0
Thomas Garcia,4061457380695387,"Merchant: Bradford, Stephenson and Drake",dining,8.29,15,33.07,0,0,0,0
Jacqueline Ford,4750094266384533,Merchant: Roberts PLC,grocery,44.69,13,61.16,0,0,0,0
Vanessa Boone,4699508230196511,Merchant: Peterson Ltd,dining,17.59,5,26.69,1,0,2,0
Nancy Garcia,4207829386739523,"Merchant: Donovan, Jensen and Macdonald",grocery,88.62,23,14.86,0,1,1,0
Ernest Kennedy,4159968639409183,Merchant: Pearson PLC,gas_station,13.57,13,4.91,1,0,0,0
Brandon Miller,4427537617508310,Merchant: Arnold and Sons,online_shopping,14.11,18,0.67,0,0,0,0
Anita Wright,4872431558677526,Merchant: Howe-Sharp,grocery,30.03,8,1.97,0,0,1,0
Martin Cox,4998103396332502,Merchant: Johnson Inc,grocery,24.26,0,18.82,0,0,0,0
Tiffany Flores,4256726826071691,"Merchant: Williams, Harvey and Hicks",travel,18.26,15,11.35,0,0,1,0
Anthony Parker,4074512878626339,Merchant: Hunter-Huang,grocery,8.97,17,0.24,0,0,2,0
Jeremy Miller,4565666392291651,Merchant: Wright Ltd,dining,50.34,10,30.53,0,0,1,0
Stephanie Jensen,4611935997248216,Merchant: Costa-Hammond,online_shopping,49.22,16,9.12,0,0,0,0
Jennifer Austin,4368153381300958,Merchant: Hanson PLC,online_shopping,34.46,18,19.11,1,0,1,0
Randy Flores,4886657189372202,"Merchant: Powell, Odonnell and Ortega",online_shopping,16.5,11,16.73,0,0,1,0
Ryan Reynolds,4001651082840811,Merchant: Hurley-Lopez,grocery,35.14,11,1.1,1,0,0,0
Elizabeth Travis,4982860750642390,Merchant: Thornton and Sons,online_shopping,42.2,15,8.36,0,0,0,0
Richard Harmon,4594060916196551,"Merchant: Cunningham, Rogers and King",grocery,82.48,10,1.57,0,1,0,0
Kevin Thomas,4788967927725697,Merchant: Wood-Thomas,dining,8.8,15,0.88,1,0,3,0
Shannon Harper,4671872046594968,Merchant: Walker Inc,grocery,47.38,21,0.1,1,0,1,0
Anthony Parker,4396406301656388,Merchant: Macdonald Inc,grocery,6.29,16,4.53,1,0,2,0
Luke Gross,4469220966408775,Merchant: Whitehead Inc,electronics,14.19,13,0.21,0,0,1,0
Jason Garcia,4352513373209426,Merchant: Peterson-Webb,online_shopping,17.27,17,7.26,1,0,0,0
Janet Davidson,4626297682744246,Merchant: Sampson and Sons,grocery,11.53,15,16.81,0,0,1,0
Anna Brown,4221552235916413,"Merchant: Golden, Mathews and Patel",gas_station,58.71,14,8.13,0,0,1,0
Sara Park,4439216742484855,"Merchant: Drake, White and Evans",grocery,62.76,9,34.3,1,0,2,0
Brandi Beck,4489312828478306,Merchant: Fisher-Webb,grocery,57.97,9,0.39,0,0,1,0
Patrick Sullivan,4733248371944175,Merchant: Eaton PLC,grocery,21.61,9,3.3,0,0,0,0
Roger Buckley,4802356117306504,"Merchant: Blair, Jones and Bennett",online_shopping,21.63,9,5.38,1,0,2,0
Bradley Cochran,4231031730332838,"Merchant: Jimenez, Peterson and Olson",electronics,12.32,19,6.95,1,0,0,0
Mark Jackson,4148179265904380,Merchant: Stevenson-Adkins,grocery,27.97,14,4.88,0,0,1,0
Sara Carroll,4423523849109816,"Merchant: Arnold, Blanchard and Mooney",gas_station,48.28,12,4.15,0,0,1,0
Charles Rice,4495723634709571,Merchant: Morales-Moore,online_shopping,24.04,14,5.41,0,0,1,0
Kathleen Marsh,4288722862985425,Merchant: Torres Ltd,dining,53.55,12,0.94,0,0,0,0
Nichole Smith,4563353112808542,"Merchant: Berry, Jenkins and Hooper",grocery,162.09,8,1.75,1,0,3,0
Brenda Marsh,4075201690985136,Merchant: Brennan-Collins,travel,23.21,8,11.33,0,0,2,0
Taylor Schultz,4581584971618360,Merchant: Ballard and Sons,electronics,36.74,7,7.84,0,0,0,0
Peter Arnold MD,4039663453163216,Merchant: Jackson Ltd,electronics,134.8,20,1.09,0,0,2,0
Brooke Johnson,4255882289745544,"Merchant: Floyd, Quinn and Zhang",electronics,47.66,13,12.19,1,0,0,0
Mary Durham,4506826769251785,Merchant: Allen Ltd,grocery,13.33,12,6.64,1,0,1,0
Gerald Snyder,4862548083149705,Merchant: Mora-Stephens,grocery,15.85,9,9.05,0,1,1,0
Robert Hawkins,4538822382889277,Merchant: Armstrong Ltd,electronics,32.3,15,17.21,0,0,2,0
Brianna Bailey,4101255371957887,Merchant: Phillips Inc,gas_station,48.21,16,13.49,1,0,2,0
Cody Love,4600024007169036,Merchant: Ware-Hill,grocery,35.57,15,9.94,0,0,1,0
Michael Hunt,4890231700274166,"Merchant: Robles, Vega and Wiggins",dining,42.43,14,3.61,0,0,0,0
Maria Mccarthy,4852460448085115,"Merchant: Griffin, Martin and Mccullough",dining,26.48,6,13.54,1,0,0,0
Mark Black,4785865215971895,Merchant: Turner Inc,online_shopping,20.67,10,2.74,0,0,2,0
James Roberts,4137299770401061,Merchant: Pacheco LLC,grocery,58.13,14,34.76,0,0,3,0
Rick Decker,4650356724431276,"Merchant: Aguilar, Fox and Hale",dining,15.59,11,4.79,0,0,0,0
Jason Howard,4104804586672992,Merchant: Adams-Nicholson,electronics,36.48,23,31.68,0,0,1,0
John Hayes,4297757825414344,Merchant: Webb Inc,electronics,197.96,1,90.4,1,0,5,1
Melissa Lawson,4521472180215348,"Merchant: Browning, Evans and Smith",gas_station,30.64,7,4.58,0,0,1,0
Mitchell Johnson,4251921313865037,Merchant: Ramirez-Osborne,dining,79.8,10,1.37,1,0,2,0
Madison Stanton,4463636399660490,"Merchant: Baker, Wilson and Flowers",gas_station,49.37,16,5.22,1,0,1,0
Erin Myers,4342585911935095,Merchant: Massey and Sons,online_shopping,173.83,12,4.3,0,0,2,0
Christina Davis,4206197129820047,Merchant: Medina-Simmons,dining,93.76,15,5.78,0,0,2,0
Mark Gomez,4004003936565417,Merchant: Turner-Gonzalez,travel,21.04,9,5.71,0,0,1,0
Connie Hansen,4814406155775387,Merchant: Ramirez and Sons,online_shopping,51.58,2,8.86,0,0,2,0
Tammy Ramos,4157185219810399,"Merchant: Dunn, Conley and Weber",online_shopping,21.49,6,10.86,0,0,0,0
Hannah Terry,4687524527656467,Merchant: Petersen-Ortiz,grocery,97.61,11,4.8,0,0,2,0
Lisa Gallegos,4314007486205147,Merchant: Cunningham-Zimmerman,grocery,22.36,12,14.22,0,0,1,0
James Haley,4105327654963274,"Merchant: Stevens, Owens and Thomas",dining,68.53,9,0.51,0,0,0,0
Carl Pennington,4510806327218520,"Merchant: Jones, Molina and Newton",online_shopping,44.39,6,1.11,0,0,2,0
Allison Davis,4800363618820738,"Merchant: Gray, Reynolds and Freeman",gas_station,14.61,1,14.07,1,0,1,0
Nicholas Lee,4539776272603801,"Merchant: Johnson, Williams and Johnson",online_shopping,19.0,9,25.06,0,0,4,0
Thomas Olson,4384243217351869,Merchant: Williams LLC,online_shopping,23.56,22,11.4,1,0,5,0
Mary West,4734613163948289,Merchant: Zuniga-Tucker,online_shopping,25.32,16,1.56,1,0,0,0
Nicole Gilbert,4073808848738282,"Merchant: Ashley, Jackson and Young",dining,108.07,7,1.48,0,0,0,0
Alan Murphy,4587955911072005,"Merchant: Moore, Gonzalez and Fowler",grocery,11.18,5,10.22,0,0,1,0
Monica Vincent,4717537975896165,"Merchant: Salazar, Moreno and Case",gas_station,34.51,18,22.28,0,0,0,0
Rebecca Hubbard,4043846249921773,Merchant: Marsh-Adams,electronics,14.11,7,1.11,1,0,2,0
Kristin Sampson,4298522597454996,Merchant: Wood-Jones,dining,5.25,10,11.03,1,0,2,0
Elizabeth Lawrence,4645776787414307,Merchant: Mitchell Inc,online_shopping,55.68,10,12.4,0,0,1,0
Debbie Lamb,4973899187667118,"Merchant: Banks, Sloan and Golden",dining,27.99,9,4.69,1,0,1,0
Tina Hall,4549470281559281,Merchant: Garrett-Caldwell,grocery,92.36,15,9.96,0,0,4,0
Justin Chapman,4694485290080445,Merchant: Palmer-Wall,grocery,16.84,9,7.84,0,0,1,0
Tina Ortiz,4162235678028901,"Merchant: Norman, Li and Burns",dining,11.59,11,5.77,1,0,0,0
Anthony Elliott,4234597386833078,Merchant: Green-Sullivan,dining,85.83,17,0.55,0,0,1,0
Beth Cross,4494502703142745,Merchant: Howard-Clark,grocery,43.62,10,3.28,0,1,0,0
Robert Scott MD,4400051046124484,"Merchant: Gonzalez, Banks and Baker",travel,114.05,3,18.08,1,1,3,1
Robin Rice,4716732167832331,"Merchant: Morris, Smith and Perez",grocery,24.29,16,0.35,0,1,1,0
Sandra Rivera,4381005777189564,Merchant: Rodriguez and Sons,online_shopping,11.69,19,7.59,0,0,1,0
Brittany Macdonald,4073665594299574,Merchant: Hernandez PLC,electronics,29.13,17,9.91,0,0,1,0
Matthew Bates,4118746267014206,Merchant: Jackson Ltd,grocery,33.99,16,3.89,0,0,1,0
Shelia Moore,4916062240073192,Merchant: Berry-Daniels,online_shopping,35.05,15,9.84,1,0,2,0
Michelle Santana,4979489791876265,"Merchant: Jones, Pugh and Houston",grocery,57.17,7,7.62,1,0,2,0
Ashley Robinson,4486937915032864,"Merchant: Tyler, Escobar and Carter",grocery,47.9,11,0.33,0,0,0,0
Daniel Kim,4249617139895779,Merchant: Scott-Jarvis,online_shopping,16.67,10,38.75,1,0,1,0
Grace Nichols,4027192723910556,Merchant: Rivera-Young,grocery,7.34,7,22.47,0,0,0,0
Tom Henderson,4894388085914927,"Merchant: May, Cook and Hughes",dining,38.54,7,17.28,0,0,0,0
Margaret Shaw,4670511121695107,Merchant: Wallace Inc,online_shopping,37.57,7,6.81,0,0,1,0
Jennifer Nguyen,4584240515256657,Merchant: Fuller-Johnson,grocery,42.74,14,11.81,0,0,3,0
Karen Adams,4080979766262794,Merchant: Wheeler Ltd,grocery,66.26,18,3.72,0,0,0,0
Gabriel Andrews,4392595367767032,Merchant: Riley Inc,online_shopping,23.76,14,20.76,1,0,0,0
Bobby Howard,4086109486817586,"Merchant: Henderson, Ross and Wood",travel,29.11,6,10.12,0,0,1,0
Timothy Morris,4264820002280828,"Merchant: Graves, Johnson and Rivera",dining,13.02,8,12.68,0,0,0,0
Richard Rivera,4457773221167887,"Merchant: Smith, Aguilar and Medina",travel,18.87,7,2.49,0,0,1,0
Tammy Graves,4157927934432433,"Merchant: Potter, Peterson and Burton",dining,8.16,19,16.11,1,0,1,0
Joshua Ellis III,4500095689138086,Merchant: Robinson Group,grocery,27.3,19,28.62,0,0,1,0
Amy Fields,4789295672036782,Merchant: Johnson LLC,grocery,22.69,19,16.05,0,1,0,0
Janice Clay,4013550728404527,Merchant: Vasquez and Sons,online_shopping,32.74,9,10.17,1,0,1,0
Jessica Morris,4699334189190904,Merchant: Smith-Shea,online_shopping,46.61,9,25.98,1,0,1,0
Paul Wilson,4254466866932484,Merchant: White Group,dining,73.12,8,13.77,0,0,3,0
Katherine Scott,4564568942599305,"Merchant: Bridges, Arias and Gibson",gas_station,72.83,14,0.71,0,0,1,0
Louis Kelly,4908234532191749,Merchant: Pena and Sons,online_shopping,69.1,7,5.89,0,0,3,0
Randall Osborne,4394742677176862,Merchant: Moreno-Hayes,gas_station,93.68,14,41.66,0,0,0,0
Stephen Carr,4320774239642379,Merchant: Leach-Zuniga,grocery,81.1,8,10.18,0,0,1,0
Kyle Young,4163005669379657,"Merchant: Harper, Wilkinson and Dixon",dining,40.06,11,5.36,1,0,1,0
Susan Williams,4892242148585210,Merchant: Jones-Gonzales,dining,69.07,18,2.35,0,1,3,0
Heather Gordon,4464406028223030,"Merchant: Sanchez, Moore and Simmons",online_shopping,140.8,4,11.29,1,0,2,0
Russell Foster,4443208464241567,Merchant: Zimmerman-Campbell,grocery,11.93,7,9.47,0,0,1,0
Andrew Blake,4945207138012308,Merchant: Wright-Salazar,online_shopping,27.46,9,12.65,0,0,2,0
John Fowler,4644700723911946,Merchant: Watts-Brennan,grocery,25.9,13,5.14,0,0,0,0
Douglas Martinez,4926739730029861,"Merchant: Moore, Bennett and Clark",electronics,43.84,10,3.23,0,0,0,0
Joshua Mcgee,4916125328651237,"Merchant: Hunter, Nguyen and Cordova",dining,26.83,1,3.63,1,0,0,0
Matthew Jackson,4901390198738756,Merchant: Best Ltd,dining,47.63,7,1.44,0,0,1,0
Juan Bradley,4434908784561351,Merchant: Carter-Whitney,gas_station,29.13,6,51.09,0,0,1,0
Dawn Pena,4801280432706464,"Merchant: Garcia, Johnson and Moody",electronics,44.67,10,5.79,1,0,1,0
Bradley Schultz,4303919603024727,"Merchant: Marquez, Hansen and Frank",electronics,32.09,11,17.37,1,0,1,0
Amanda Smith,4450140650017743,Merchant: Jackson Ltd,online_shopping,59.86,10,16.37,0,0,1,0
Thomas Spencer,4373278232697964,Merchant: Irwin-Mathews,gas_station,70.05,18,27.44,0,0,1,0
Scott Harrell,4303683510505489,"Merchant: Thompson, Carter and Turner",grocery,35.05,7,2.59,0,0,0,0
David Norton,4054824697418176,Merchant: Parker-Adams,online_shopping,24.19,11,35.6,0,0,0,0
Jennifer Burgess,4069880761032932,Merchant: Welch Ltd,grocery,31.47,16,4.49,0,0,1,0
Gregory Green,4347254271456466,Merchant: Burns Ltd,dining,41.35,22,6.8,0,0,1,0
Alan Sanchez,4472487777437237,Merchant: Weber-Sutton,online_shopping,12.12,12,5.05,1,1,2,0
James Gilbert,4728779885740862,Merchant: Alvarez-Russell,travel,35.06,11,6.82,1,0,3,0
Scott Velazquez,4137091004955982,Merchant: Barron-Gregory,grocery,53.28,7,10.39,0,0,1,0
Jennifer Graves,4313126296806240,"Merchant: Smith, Jones and Ellis",online_shopping,164.12,0,52.56,1,0,1,1
Anthony Cook II,4039701279275424,"Merchant: Schneider, Terry and Zhang",dining,23.24,16,10.13,1,0,1,0
Sarah Evans,4727631737045787,Merchant: Deleon-Crane,grocery,59.31,11,1.74,0,0,1,0
Ashley Vazquez,4540587903504509,Merchant: Vazquez-Lawrence,grocery,147.99,15,18.66,0,0,1,0
Samantha Bailey,4551070910938537,Merchant: Flores-Kelley,grocery,18.13,14,10.82,0,0,0,0
Mark Vega,4140776497789535,Merchant: Smith Ltd,online_shopping,37.55,22,9.78,0,0,5,0
Holly Williams,4025674865598549,"Merchant: Whitaker, Alexander and Key",dining,6.37,11,10.22,1,0,1,0
Dr. Tiffany Booker,4496071410203875,Merchant: Bridges and Sons,grocery,12.32,12,8.15,0,0,0,0
Sarah Banks,4593085034611968,Merchant: Garrett Group,gas_station,22.12,6,3.39,0,0,1,0
Kristin Valencia,4398534708972005,Merchant: Ford Ltd,online_shopping,42.42,10,6.11,0,0,1,0
Jordan Baxter,4730834068450270,Merchant: Montoya-Hansen,dining,56.66,19,6.32,0,0,1,0
Ann Moore,4285296144058205,"Merchant: Perez, Edwards and Mcdonald",grocery,25.59,18,36.14,0,1,2,0
David Dunlap,4787692942882031,"Merchant: Diaz, Horton and Fitzgerald",dining,63.88,7,12.17,1,0,2,0
John Hunt,4126950582536303,Merchant: Porter-Giles,travel,21.9,5,9.45,1,0,1,0
James Griffin,4779832187499600,"Merchant: Ruiz, King and Cruz",dining,32.84,9,7.27,0,0,1,0
Sandra Guerra,4168302773844923,"Merchant: Schmidt, George and Thornton",online_shopping,64.45,10,19.76,1,0,0,0
Angela Harrington,4863495324305887,Merchant: Smith PLC,dining,33.06,15,10.63,0,0,1,0
Laura Garcia,4497483964482483,Merchant: Davis Ltd,electronics,22.46,9,15.66,0,0,1,0
Joy Brooks,4707960222701982,"Merchant: Martin, Orozco and Marquez",grocery,19.3,12,4.6,0,0,0,0
Kenneth Watts,4328867481036340,Merchant: Salazar PLC,online_shopping,15.38,11,35.93,0,0,0,0
Ricky Munoz,4602732388515613,Merchant: Hudson PLC,dining,18.21,15,2.22,0,0,0,0
Daniel Garcia,4506525982879246,"Merchant: Fitzgerald, Roberts and Berry",grocery,11.44,14,26.75,0,0,1,0
Lisa Thompson,4227468313289405,Merchant: Valdez Group,online_shopping,26.09,9,10.79,0,0,1,0
Olivia Holmes,4815595726540566,Merchant: Ramirez and Sons,grocery,35.13,12,58.93,0,1,2,0
Mary Alvarez,4215578743616045,Merchant: Clay-Jackson,gas_station,14.86,9,3.28,0,0,1,0
Jeffrey Gray,4325550138164219,Merchant: Williams-Simon,electronics,11.79,10,6.62,0,0,0,0
Steven Olson,4000718666954846,Merchant: Hayes-Alvarez,grocery,9.4,18,2.61,1,0,0,0
Eric Salazar,4251833823718343,Merchant: Sullivan-Snyder,grocery,12.36,8,15.96,1,0,0,0
Michelle Fowler,4648234261763861,"Merchant: Smith, Harris and Walton",online_shopping,11.86,15,22.17,0,0,0,0
William Reynolds,4029015938606669,Merchant: Roman PLC,gas_station,25.88,8,4.51,1,0,3,0
Johnathan Rogers,4269441391269085,Merchant: Phillips PLC,grocery,47.77,18,0.35,0,0,0,0
Justin Sampson,4648124492951155,Merchant: Mullen Group,gas_station,74.97,14,4.92,1,0,2,0
Sandra Baker,4439448753506892,Merchant: Nunez PLC,grocery,7.85,10,1.17,1,0,0,0
Stephanie Tucker,4591651756045537,"Merchant: Lee, Phillips and Aguirre",grocery,34.01,21,16.88,1,0,0,0
Melissa Evans,4214334610793181,"Merchant: Dunlap, Estrada and Powell",grocery,64.21,9,12.25,0,0,0,0
Daniel Wheeler,4154295150199943,Merchant: Miller Group,electronics,87.67,14,10.25,1,0,1,0
Zachary Beck,4652428134533724,Merchant: Rodriguez and Sons,grocery,9.66,15,20.31,1,0,0,0
Travis Schneider,4229370421391727,"Merchant: Oliver, Harris and Jordan",online_shopping,135.26,19,3.92,0,0,1,0
Scott Miranda,4193945627214815,Merchant: Schneider-Owens,grocery,34.52,15,22.55,0,0,1,0
Deborah Alvarado,4343709826392494,Merchant: Wise LLC,grocery,15.84,11,13.64,0,0,1,0
Mary Benson,4260114310230301,Merchant: Lloyd-Snyder,grocery,8.47,0,1.93,0,0,0,0
Mr. Tommy Mcdonald,4973497914557510,Merchant: Garcia and Sons,dining,20.55,18,31.95,0,0,3,0
Jennifer Garcia,4879501604144011,Merchant: Williams Inc,grocery,45.74,15,15.06,1,0,0,0
Matthew Simon,4326212039355300,Merchant: Yang-Nelson,dining,65.29,19,3.63,0,0,1,0
Brandon Ferguson PhD,4018136210079947,Merchant: Smith-Rowe,online_shopping,66.35,9,12.65,1,0,0,0
Daniel Ortega,4870798922376890,Merchant: Dennis Inc,dining,15.91,12,8.12,0,0,0,0
Scott Herrera,4046203269633515,Merchant: Martin-Martin,grocery,60.88,13,29.31,1,0,1,0
Hannah Smith,4064785520772972,Merchant: Mckenzie-Taylor,grocery,14.41,7,2.44,0,0,1,0
Nicole Floyd,4688620750644698,Merchant: Randall-House,grocery,23.2,6,26.8,0,0,1,0
Katelyn Harper,4614674060086230,Merchant: Valencia PLC,electronics,54.89,10,9.58,1,0,1,0
Heidi Mason,4746817941491951,Merchant: Ellis-Rogers,online_shopping,83.94,14,2.74,0,0,1,0
Jennifer Moore,4571544008291559,Merchant: Fowler-Waters,grocery,44.91,21,12.95,0,0,0,0
Kiara Stout,4385551737288323,"Merchant: Carr, Wise and Mcknight",gas_station,6.55,19,6.3,0,0,2,0
Autumn Lee,4772178976779647,Merchant: Bradley-Sanders,gas_station,62.35,15,8.03,0,0,3,0
Daniel Fitzgerald,4659408708081337,"Merchant: Henry, Gonzalez and Mack",travel,65.5,20,1.69,0,0,0,0
Margaret Wallace,4762004720397985,Merchant: Vaughn-Castillo,gas_station,51.62,5,18.4,0,0,2,0
John King,4937969675601534,"Merchant: Lawson, Garcia and Reid",dining,20.24,10,7.42,1,0,2,0
Yolanda Wallace,4135544768907203,"Merchant: Lyons, Lewis and Bishop",grocery,71.19,11,3.95,1,0,2,0
Dawn Werner,4461391659530791,Merchant: Pacheco Inc,dining,16.95,7,26.93,0,0,1,0
Katherine Pacheco,4352660973506998,"Merchant: French, Gay and Black",grocery,13.01,15,2.36,0,1,1,0
Danielle Carter,4132213644099048,Merchant: Kelly-Garcia,grocery,51.62,10,15.28,0,0,0,0
Michelle Armstrong,4982471192485925,Merchant: Hess Group,online_shopping,54.62,0,21.65,0,1,2,0
Kelly Robinson DVM,4940282698472817,"Merchant: Walters, Payne and Reeves",grocery,11.76,16,41.56,0,0,2,0
Randall Johnson,4681786587378144,Merchant: Greer-Maldonado,dining,19.26,8,0.89,1,0,0,0
Connor Summers,4256579628454460,Merchant: Hayes Inc,grocery,18.12,1,6.96,1,0,1,0
Blake Bailey,4954775508626145,"Merchant: Stephens, Carlson and Vasquez",online_shopping,46.81,15,1.26,0,0,1,0
Mary Williams,4448502154503087,"Merchant: Lawrence, West and Harmon",grocery,20.43,12,12.14,1,1,0,0
Paul Bentley,4331971051086035,Merchant: Garcia-Cantu,dining,29.4,14,40.12,1,0,0,0
Richard Nelson,4157482801055446,Merchant: Reynolds Ltd,dining,12.42,10,10.81,0,0,4,0
Joshua Haynes,4717147426560806,"Merchant: Paul, Fernandez and Villanueva",electronics,9.02,9,15.8,0,0,2,0
Joseph Edwards,4919372564813694,Merchant: Stone-Moore,online_shopping,73.29,9,22.05,1,0,1,0
Steven Moore,4602546041012770,Merchant: Rocha-Hooper,grocery,24.88,11,11.55,0,0,1,0
Holly Cochran,4729637162996970,"Merchant: Martinez, Patton and Robinson",dining,23.14,1,4.34,0,0,2,0
Joshua Moody,4473518407726711,Merchant: Foster-Jennings,gas_station,24.53,9,14.9,1,0,2,0
Jill Rhodes,4846057635749013,Merchant: Taylor Ltd,travel,294.47,2,12.22,0,0,5,1
Craig Patterson,4268886596912395,Merchant: Garcia-James,online_shopping,78.98,19,4.26,0,0,3,0
Mrs. Megan Kelly DDS,4301721448660836,Merchant: Davidson Ltd,grocery,27.48,14,6.28,1,1,2,0
John Gibson,4043041516804866,Merchant: Riddle-Reyes,electronics,27.72,7,1.28,0,0,1,0
Joshua Nelson,4989986110766331,Merchant: Brown Group,travel,29.52,10,1.94,1,0,1,0
Daniel Owen,4161199446145614,"Merchant: Chavez, Lara and Hicks",online_shopping,18.05,18,7.63,0,0,0,0
Nicole Salazar,4221968101889361,Merchant: Patton Ltd,electronics,35.24,7,30.02,0,1,2,0
Colton Munoz,4847739600122289,Merchant: Tanner PLC,travel,52.84,13,50.6,0,0,3,0
Emily Vasquez,4299803757160311,Merchant: Greene-Park,online_shopping,47.05,15,5.47,0,0,2,0
Lucas Reynolds,4363813984949940,Merchant: Maxwell Ltd,grocery,32.64,8,3.42,1,0,2,0
Tammy Edwards,4382488327129588,Merchant: Cochran-Jones,dining,20.01,5,8.74,1,0,1,0
Monica Gutierrez,4614006796158837,"Merchant: Higgins, Smith and Harmon",online_shopping,78.85,3,11.45,1,0,3,0
Stacey Sampson,4439980885147278,Merchant: Hall-Gates,dining,25.58,5,16.58,1,0,4,0
Victor Gonzalez,4302985837996544,Merchant: Turner-Sanders,grocery,16.91,10,5.14,0,0,2,0
Valerie Contreras,4994262480016878,"Merchant: Davis, Spencer and Myers",grocery,42.93,6,10.94,0,0,1,0
Suzanne Nunez,4745529571152727,Merchant: Weaver Ltd,online_shopping,20.34,17,17.74,0,0,1,0
Jackson Fuller,4724294204085399,"Merchant: Jensen, Sanchez and Hess",travel,44.49,6,46.66,0,0,1,0
Kristina Hernandez,4613587825423426,Merchant: White-Johnson,online_shopping,25.39,17,7.32,1,0,1,0
Kayla Mccann,4628265095365014,Merchant: Thornton-Boyd,grocery,33.03,14,12.93,0,0,1,0
Travis Caldwell,4317901941488388,Merchant: Reese Inc,electronics,34.92,11,32.45,0,0,0,0
Nicholas Pacheco,4095623110745210,Merchant: Garcia-Romero,grocery,97.43,8,3.63,0,0,0,0
Michelle Marsh,4765307679987855,"Merchant: Stone, Johnson and Nolan",online_shopping,67.86,20,5.96,0,0,0,0
Jonathon Gallagher,4933292627993659,Merchant: Stewart-House,grocery,40.55,16,75.52,0,0,2,0
Todd Garcia,4137976750241852,Merchant: Roberts Inc,grocery,179.89,15,17.55,0,1,1,0
Megan Krueger,4928802600532659,Merchant: Richardson-Smith,dining,21.47,20,0.95,0,0,1,0
Carol Baker,4459169454916231,Merchant: Nguyen-Barron,grocery,15.74,14,7.06,0,0,1,0
Erica Moore,4321774296555687,"Merchant: Snow, Sanchez and Brown",grocery,14.75,7,30.93,1,0,1,0
Thomas Richards,4486803450845732,Merchant: Hernandez-Valentine,electronics,70.45,9,30.14,1,0,0,0
Kimberly Shaffer,4677699633949527,Merchant: Logan LLC,grocery,85.36,11,0.12,1,0,1,0
Gary Montgomery,4792601572339801,Merchant: Jenkins-Walker,online_shopping,36.55,12,4.58,0,0,2,0
William Blake,4340115120164618,Merchant: Wise and Sons,grocery,39.76,5,3.17,0,0,0,0
Dennis Soto,4447715064074152,"Merchant: Graves, Goodwin and Hill",gas_station,33.44,19,8.49,0,0,2,0
Jaime Lewis,4547952510171014,Merchant: Walsh and Sons,travel,15.15,3,9.81,0,0,2,0
Robert Ramirez,4252413601456926,"Merchant: Clarke, Jones and Simpson",electronics,42.92,7,17.2,1,0,4,0
Ashley Davis,4640063405095767,Merchant: Jackson Ltd,grocery,24.13,7,17.81,1,0,1,0
Kim Horn,4065350796093675,Merchant: Owens-Baker,grocery,14.86,12,28.18,0,0,1,0
Grace Lewis,4033364249592380,Merchant: Reyes Inc,dining,34.15,15,0.38,0,0,1,0
Chelsea Burch,4580604935234475,Merchant: Thomas-Davenport,online_shopping,24.8,7,10.83,1,0,1,0
Brianna Harris,4840317552936928,Merchant: Smith-Hernandez,online_shopping,33.22,14,12.04,1,1,1,0
Maria Garcia,4898405043450756,"Merchant: Harper, Mckenzie and Benitez",travel,28.91,16,8.31,0,0,0,0
Jill Bean,4902448434571685,Merchant: Logan PLC,online_shopping,16.87,18,3.81,0,0,1,0
Eric Garcia,4094939940967936,"Merchant: Porter, Fleming and Orozco",grocery,27.2,16,6.7,0,0,0,0
Diana Crawford,4457358848750735,Merchant: Watson Inc,grocery,80.48,15,31.29,0,0,0,0
James Taylor,4425945489465034,Merchant: Mccoy-Adkins,electronics,87.62,10,1.19,0,0,0,0
Benjamin Stanley,4669617173367678,"Merchant: Nelson, Brown and Taylor",dining,117.67,16,15.22,0,0,1,0
David Adams,4742254335774533,"Merchant: Dickerson, Gordon and Adams",grocery,39.24,19,0.83,1,0,1,0
Brent Lopez,4686489219091418,Merchant: Villarreal-Arias,dining,17.65,15,21.7,0,0,2,0
Daniel Price,4583657990916052,Merchant: Frederick-Mccarthy,electronics,12.49,18,12.86,1,0,0,0
Jordan Johns,4194579510791586,"Merchant: Schultz, Thornton and Martin",grocery,16.96,4,45.2,0,0,2,0
Eddie Velez,4935853816127793,Merchant: Thompson Ltd,dining,47.27,15,38.08,1,0,1,0
Kenneth Esparza,4157759810848873,Merchant: Le-Michael,dining,28.44,8,5.21,0,0,1,0
Karen Rodriguez,4085289637464164,"Merchant: Benson, Roberts and Levy",online_shopping,53.03,12,28.3,0,0,0,0
Patricia Bennett,4625454360683714,"Merchant: Leonard, King and Dominguez",online_shopping,31.72,8,16.56,0,0,1,0
Jacqueline Webb,4755206843651698,"Merchant: Kelly, Ryan and Hernandez",dining,33.34,11,2.68,0,0,2,0
Melissa Jones,4073725592239731,Merchant: Ford-Stokes,grocery,30.68,11,8.94,0,0,0,0
Tyler Porter,4187111665687044,"Merchant: Trevino, Meyer and Aguirre",online_shopping,49.76,12,17.25,1,0,1,0
Joshua Singleton,4306804218205761,Merchant: Moore-Garcia,grocery,16.07,8,12.77,1,0,0,0
Anthony Evans,4079500842668326,Merchant: Wilson Group,gas_station,39.9,13,2.41,0,0,0,0
Robin Walker,4260087898107465,"Merchant: Haynes, Pearson and Garcia",gas_station,22.95,4,3.27,0,0,0,0
Ronald Martin,4632444999084336,Merchant: Tran LLC,dining,25.22,9,20.08,0,0,3,0
Martha Flynn,4763230943186660,Merchant: Farley PLC,electronics,34.01,9,3.48,1,0,1,0
Jeffrey Evans,4144491244962643,Merchant: Williams-Murray,dining,146.86,14,7.42,1,0,0,0
Angela Johnson,4259963975762781,Merchant: Sanchez and Sons,travel,812.0,22,88.13,1,0,5,1
Melinda Hall,4537851195588603,"Merchant: Spencer, Harris and Crawford",travel,627.11,4,59.23,1,0,5,1
Jasmine Buck,4302297596129873,Merchant: Hoffman LLC,grocery,29.24,10,11.21,0,0,0,0
Laura Sanford,4301263535610457,"Merchant: Hawkins, Bowen and Smith",travel,15.11,10,7.19,0,0,2,0
Nicole Brewer,4378601474238624,Merchant: Stuart and Sons,dining,13.12,14,9.63,0,0,2,0
Carlos Olsen,4991813180102054,Merchant: Daniels LLC,gas_station,253.89,22,450.0,1,1,4,1
Dr. Linda Fleming MD,4754253063008564,"Merchant: Wilson, Williams and Ramos",grocery,24.29,8,0.96,0,0,0,0
Scott Hansen,4556842077815509,"Merchant: Gross, Butler and Aguirre",gas_station,9.76,12,12.44,0,0,0,0
James Gardner,4136819038115194,Merchant: Larsen Inc,online_shopping,79.6,22,4.65,1,0,0,0
Julie Smith,4333909724281797,"Merchant: Mathis, Calderon and Clayton",gas_station,36.55,19,3.57,0,0,2,0
Bruce Rivera,4677004440618581,"Merchant: Stewart, Elliott and Vargas",dining,9.59,11,13.11,0,0,2,0
Kyle Walsh,4953002246667690,Merchant: Johnson LLC,grocery,11.0,8,5.74,0,0,0,0
Charles Baxter,4653459459143624,Merchant: King-Willis,grocery,31.81,9,11.31,1,0,2,0
Jennifer Smith,4176459606504841,"Merchant: Campos, Chung and Sutton",grocery,43.86,11,4.38,0,0,0,0
Jay Moss,4083869126956143,Merchant: Turner Group,grocery,17.05,19,6.51,0,0,0,0
Krista Hicks,4827688532903866,"Merchant: Taylor, Henson and Newton",dining,45.54,9,0.32,1,0,1,0
Donald Smith,4154062956545269,"Merchant: Wright, Young and Schroeder",grocery,40.99,8,34.0,0,0,2,0
Tanya Hall,4291608979023470,"Merchant: Ellis, Mcdonald and Bowman",grocery,27.1,8,1.71,0,0,1,0
Isabel Hall,4709001917984126,Merchant: Williams and Sons,grocery,50.45,21,10.08,0,0,0,0
Elizabeth Fleming,4615703670824232,Merchant: Pierce-Vang,gas_station,19.34,15,8.78,0,0,2,0
Angela Russell,4382934797189867,Merchant: King Group,dining,136.39,9,69.39,0,0,0,0
Stephen Nguyen,4042558688340420,"Merchant: Dougherty, Scott and Bishop",electronics,31.54,20,16.44,0,0,0,0
Eric Hull,4657733370691531,Merchant: Conrad-Monroe,dining,41.12,7,0.85,1,0,1,0
Daniel Vaughn,4238626985195856,Merchant: Andrews LLC,travel,10.6,14,3.55,0,0,0,0
Alexander Martin,4571035493635491,Merchant: Brooks LLC,online_shopping,21.57,10,30.09,1,0,1,0
Anthony Morton,4788873260789995,Merchant: Solis-Pham,gas_station,30.3,12,4.74,0,0,0,0
Thomas Sanchez,4344550342489821,Merchant: Brown-Allen,gas_station,93.44,8,0.55,0,0,2,0
Gary Palmer,4113228553598460,Merchant: Bruce-Rivera,online_shopping,30.69,21,10.41,0,0,1,0
Michelle Knight,4956972709124750,"Merchant: Massey, Cole and Jones",dining,27.42,8,8.25,1,0,0,0
Daniel Morton,4344088307037236,"Merchant: Perez, Cole and Adams",electronics,22.75,13,12.85,0,0,0,0
Jordan Vasquez,4597319534856179,"Merchant: Velazquez, Thomas and Boone",travel,489.52,18,10.17,1,0,6,1
Scott Lyons Jr.,4789964216054888,Merchant: Rojas and Sons,electronics,34.65,9,1.48,0,0,1,0
Jonathan Solomon,4360229983276016,Merchant: Hughes Group,grocery,20.31,11,3.32,0,0,2,0
Elizabeth Anderson,4620029793489460,Merchant: Lynch PLC,travel,15.18,7,18.71,0,0,1,0
Melissa Smith,4010953172853988,Merchant: Parks Ltd,gas_station,37.91,10,2.56,0,0,1,0
James Fernandez,4579303362208895,Merchant: Green and Sons,gas_station,6.43,7,16.58,1,0,2,0
Mark Peters,4287754047065717,Merchant: Ramirez Group,grocery,8.53,22,22.71,1,0,1,0
David Cruz,4674338675912068,Merchant: White LLC,online_shopping,37.69,10,3.55,0,0,2,0
Peter Chavez,4499047268357150,"Merchant: Cohen, Riley and Stone",grocery,15.92,12,3.94,0,0,1,0
Judith Glenn,4763714997658120,Merchant: Logan-Pitts,dining,23.57,9,31.94,0,0,1,0
Antonio Hughes,4307197837051966,Merchant: Webb Inc,grocery,17.53,12,1.0,0,0,2,0
Frederick Finley,4221117286036758,Merchant: Garcia-Bowen,dining,25.28,5,8.57,0,0,2,0
Tara Lloyd,4414714662434412,"Merchant: Wolf, Ross and Riddle",grocery,25.67,16,9.28,1,0,1,0
Mark Wilkinson,4032886284040124,Merchant: Michael-Jensen,electronics,6.97,10,9.93,1,0,2,0
Margaret Kennedy,4820238175515911,Merchant: Conner and Sons,dining,7.01,12,8.66,0,0,1,0
Darren Thompson,4797480726117792,"Merchant: Avery, Patterson and Robinson",grocery,78.64,17,1.05,0,1,0,0
Jennifer Poole,4640497741464891,"Merchant: Smith, Singh and Joseph",electronics,40.19,16,64.27,0,0,4,0
Felicia Fischer,4157166299991564,Merchant: Powell-Olson,online_shopping,9.56,14,30.28,0,0,1,0
Dr. Zachary Peterson DDS,4957561467926149,Merchant: Bowman-Perry,grocery,19.01,14,6.63,0,0,2,0
Douglas Ferguson,4851882700036125,Merchant: Dennis-Jackson,electronics,34.04,8,3.76,0,0,0,0
Eric Marks,4259819687051113,Merchant: Burke-Douglas,online_shopping,56.91,5,2.88,0,0,2,0
Robert Anthony,4288728095190022,Merchant: Hudson-Berger,travel,34.87,13,15.2,0,0,3,0
Wanda Hughes,4491195771369689,"Merchant: Hall, Tapia and Chavez",dining,14.61,11,22.91,1,0,1,0
Sarah Martin,4932312010747743,Merchant: Smith and Sons,online_shopping,11.83,16,7.35,0,0,1,0
Kristopher Allison,4842130971216394,Merchant: Johnson and Sons,grocery,36.45,5,19.4,0,0,1,0
Heather Riley,4698916233441829,"Merchant: Davis, Guerrero and Rasmussen",grocery,21.0,8,6.39,0,1,2,0
Rebekah Gutierrez,4534633103123365,Merchant: Richardson-Pacheco,online_shopping,31.66,5,12.86,0,0,1,0
Brian Webb,4587847725908906,Merchant: Mcneil-Mcknight,grocery,22.67,9,8.04,0,0,1,0
Kaitlyn Parker MD,4017080893376017,Merchant: Bullock-Miles,grocery,9.43,11,31.47,0,0,1,0
Patrick Barnes,4504169109826822,"Merchant: Frank, Wagner and Fitzgerald",dining,19.32,9,18.25,0,0,0,0
Jorge Tyler,4211443042188002,Merchant: Martinez-Kelly,travel,65.83,14,0.44,0,0,3,0
James Ray,4544373262528678,Merchant: Anderson Group,grocery,16.96,14,7.92,1,0,0,0
George Harding,4488266139663355,"Merchant: Wright, Bryant and Ewing",online_shopping,24.72,9,19.78,0,0,0,0
Olivia Carpenter,4353448134350418,Merchant: Smith-Harris,online_shopping,7.85,10,9.23,0,0,0,0
Deanna Jennings,4675271286872539,Merchant: Greene LLC,grocery,33.34,6,2.43,0,0,0,0
Hannah Butler,4541393573090633,Merchant: Bowman-Morris,online_shopping,25.32,14,2.42,1,0,1,0
Jamie Lawrence,4803555068861198,"Merchant: Conway, Smith and Jackson",online_shopping,50.27,10,17.82,0,0,1,0
Tammy Finley,4201160944963876,Merchant: Williams-Cameron,dining,28.77,9,15.23,0,0,0,0
Jennifer Robinson,4737051132634598,"Merchant: Hernandez, Davis and Owens",online_shopping,11.52,11,2.96,0,0,0,0
Jason Kelley,4905144949426351,"Merchant: Barnes, Barajas and Hunt",electronics,50.11,6,22.08,0,0,0,0
Randall Ramos,4194927775951595,"Merchant: Thompson, Weber and Curtis",dining,30.26,11,4.96,0,0,0,0
Jesus Carlson,4320599853721518,"Merchant: Lee, Estrada and Sullivan",grocery,15.11,7,8.24,1,1,3,0
Peter Harris,4986459041114313,Merchant: Sanford Inc,grocery,21.63,12,23.81,0,0,2,0
Samantha Thomas,4984679809162020,"Merchant: Smith, Hill and Howell",grocery,17.18,14,18.22,1,0,0,0
John White,4134024940091300,"Merchant: Henderson, Lewis and Williams",online_shopping,97.39,7,9.15,0,0,0,0
Olivia Wallace,4542120327980374,"Merchant: Wright, Douglas and Blankenship",dining,17.43,13,2.53,0,0,2,0
Angela Potts,4748562341983516,Merchant: Manning LLC,grocery,11.14,16,19.47,0,0,1,0
Virginia Martinez,4120008434379749,"Merchant: Douglas, Ramirez and Davis",grocery,48.01,18,5.45,0,0,1,0
Jennifer Lopez,4571461824180025,Merchant: Lopez-King,online_shopping,48.47,14,0.1,0,0,0,0
Jennifer Rasmussen,4423502327725558,Merchant: Taylor and Sons,electronics,19.68,15,2.95,0,0,0,0
Carol Harris,4263765827406945,Merchant: Welch-Marshall,grocery,58.52,16,14.76,0,0,0,0
Michael Parsons,4579536247949585,Merchant: Harris Ltd,grocery,38.12,16,30.85,1,0,0,0
Charles Jensen,4819447576501809,Merchant: Hampton Group,grocery,96.88,6,18.21,0,0,0,0
Darlene Gray,4738709848358419,"Merchant: Graham, Baker and Sims",grocery,36.52,7,5.11,0,0,2,0
Robin Preston,4840981944447223,Merchant: Hale-Buck,grocery,33.69,13,9.08,0,0,2,0
Tiffany Gray,4964888301393504,"Merchant: Sanders, James and Barry",dining,25.65,11,10.91,0,0,0,0
Mrs. Cristina Stark,4275350820214095,"Merchant: Perez, Drake and Ibarra",grocery,46.74,11,19.41,1,0,0,0
Gregg Anderson,4584564551038079,Merchant: Burns-Byrd,electronics,19.72,17,6.23,1,0,2,0
Joshua Myers,4702472794859565,Merchant: Hogan and Sons,dining,24.83,8,18.63,0,0,0,0
Linda Davis,4676873224478847,Merchant: Welch-Scott,online_shopping,36.08,10,7.64,0,0,2,0
Dana Baldwin,4696730820313065,Merchant: Thompson-Murphy,grocery,68.9,5,14.65,0,0,1,0
Richard Hensley,4342722355646058,Merchant: Johnson-Stephens,online_shopping,20.23,11,12.24,1,1,0,0
Joseph Clayton,4084537655392753,"Merchant: Garcia, Burns and Brooks",grocery,38.47,10,10.36,0,0,1,0
Joseph Chan,4751546380373329,Merchant: Long PLC,grocery,24.78,4,5.2,0,0,1,0
Brian Nixon,4033274218009086,Merchant: Sanchez-Davis,online_shopping,94.67,4,4.66,1,0,0,0
Pamela Meyer,4435169522778984,Merchant: Smith-Booker,grocery,43.16,21,18.1,1,0,3,0
Christopher Bell,4085909932238308,Merchant: Meza LLC,travel,57.82,7,3.22,0,0,4,0
Charles Pham,4955317149766904,Merchant: Bell-Reyes,dining,32.67,7,4.45,0,0,0,0
William Ortiz,4041122636229663,"Merchant: Wade, Schwartz and Perkins",dining,21.74,10,1.45,1,0,1,0
Tracy Diaz PhD,4384876213787279,Merchant: Travis-Brown,gas_station,147.39,15,23.88,0,0,0,0
Scott Bean,4093261113278558,Merchant: Clements Group,grocery,56.87,0,15.64,0,0,2,0
Marcia Griffin,4912369278956824,Merchant: Larson LLC,electronics,21.3,10,32.39,0,0,1,0
Michael Williams,4345869298531116,Merchant: White Ltd,grocery,46.99,0,10.65,0,0,2,0
Tiffany Jackson,4177885410545167,"Merchant: Williams, Hutchinson and Mcdaniel",grocery,12.37,21,5.97,0,0,0,0
Benjamin Castillo,4009317852789206,Merchant: Mueller and Sons,grocery,25.88,12,11.33,0,0,3,0
Anna Novak,4905744488809808,"Merchant: Brown, Harrison and Banks",dining,23.12,16,2.21,0,0,0,0
Kristin Brandt,4932051762927836,Merchant: Liu Ltd,online_shopping,21.75,16,14.94,0,0,0,0
Tiffany Rowe,4448803654588028,"Merchant: Holt, Stuart and Hernandez",dining,19.36,3,1.42,1,1,2,0
Kimberly Kennedy,4605257887676028,Merchant: Carson-Hoffman,online_shopping,27.77,19,0.34,0,0,2,0
Karen Gillespie,4319916444724426,"Merchant: Mason, Gilbert and Diaz",grocery,7.22,11,6.78,1,0,1,0
Christina Salinas,4350219311742377,"Merchant: Jackson, Carroll and Meyer",electronics,39.92,9,11.95,0,0,2,0
Robert Shaffer,4400930264870342,"Merchant: Nelson, Davenport and Rodriguez",electronics,10.73,8,0.23,0,0,0,0
Rebecca Thompson,4621612911419227,"Merchant: Green, Knox and Lewis",dining,57.77,7,30.67,0,0,0,0
Kara Estrada,4886987922348908,Merchant: Berg-Williams,electronics,28.96,16,18.73,0,0,0,0
Eric Simmons,4181916851932301,"Merchant: Morales, Gutierrez and Cruz",electronics,13.7,10,40.01,0,0,1,0
Philip Weaver,4747247838868732,"Merchant: Martinez, Weaver and Russell",online_shopping,8.83,15,24.9,0,0,0,0
Kaitlin Smith,4264777768439800,Merchant: Turner-Gardner,grocery,79.29,18,13.76,0,0,1,0
Andrew Rose,4949283037495668,"Merchant: Stevens, Ramirez and Sims",dining,47.95,13,15.42,1,0,2,0
Michael Hernandez,4856067009109303,Merchant: Gray-Williams,grocery,117.57,11,7.81,0,0,1,0
Michael Cross,4107858507863293,Merchant: Shepherd PLC,online_shopping,3.88,13,4.32,0,0,2,0
April Cummings,4463820276291435,"Merchant: Cardenas, Hayes and Perez",dining,101.75,12,13.84,0,0,2,0
Edward Valentine Jr.,4503530113183396,Merchant: Brooks PLC,dining,42.47,11,22.15,0,0,0,0
Jonathan Taylor,4933240507735542,Merchant: Cardenas-Mendoza,online_shopping,15.72,13,22.21,0,0,1,0
Andrea Oneill,4970271203700344,"Merchant: Hernandez, Scott and Whitehead",grocery,24.11,11,3.09,0,0,3,0
Jason Baxter,4239263754836418,Merchant: Williams Ltd,gas_station,25.03,13,10.91,1,0,2,0
Patrick Chan,4733420101368906,Merchant: Jones PLC,electronics,29.54,14,0.57,0,0,2,0
Jared Becker,4714472790328538,"Merchant: Hess, Rodriguez and Olson",grocery,43.03,9,7.89,1,0,2,0
Donald Bryan,4051211272589691,"Merchant: Nolan, Rosales and Adams",online_shopping,69.42,13,0.7,0,0,0,0
Nathan Brown,4668773574531544,"Merchant: Burke, Watson and Curry",grocery,25.21,9,14.32,0,0,2,0
Pamela Carter,4561925361076335,"Merchant: Long, Landry and Moreno",online_shopping,26.62,13,18.93,1,0,3,0
Teresa Lopez,4314080408844541,Merchant: Torres-Morgan,dining,38.22,9,0.14,0,0,0,0
Walter Romero,4039190897682429,Merchant: Gallagher Group,electronics,12.56,1,40.79,0,0,0,0
Steven Barker II,4363324933188614,Merchant: Garner Ltd,travel,72.99,5,31.52,0,0,0,0
Maria Simmons,4913911848559445,"Merchant: Thomas, Harrison and Wood",grocery,21.93,9,4.35,1,0,0,0
Sharon Rogers,4027154809805613,Merchant: Carey PLC,grocery,19.12,13,4.2,0,0,3,0
Brittany Taylor,4192314436726314,Merchant: Flores-Hill,grocery,28.29,6,6.57,0,0,0,0
Mr. Matthew Peterson,4327449719456292,Merchant: Henry PLC,dining,53.58,10,2.9,1,0,2,0
Lisa Stevens,4636266315864455,Merchant: Castillo-Cobb,online_shopping,6.87,14,9.71,0,0,2,0
Andrew Rodriguez,4075151536010419,"Merchant: Brown, Schmidt and Hinton",grocery,12.25,8,1.57,0,0,2,0
Lee Boone,4066954450518965,"Merchant: Weeks, Sullivan and Marsh",grocery,24.9,13,7.33,0,0,1,0
Mr. Luis Bell,4913278452303902,Merchant: Wilson Group,grocery,30.48,9,6.6,0,0,1,0
Amber Allison,4802649060496508,Merchant: Daniels-Mason,online_shopping,39.33,8,3.0,1,0,0,0
Nathaniel Gomez,4696198101682337,"Merchant: Davis, Patrick and Johnson",dining,48.16,9,14.44,0,0,1,0
Michael Montes,4720422653165818,Merchant: Taylor-Krueger,grocery,27.82,12,36.84,1,0,5,0
Aaron Adams,4322291532543996,Merchant: Jimenez-Taylor,online_shopping,15.27,14,8.78,1,0,2,0
Christina Woods,4819452932614825,Merchant: Long Group,grocery,63.22,2,11.27,0,0,2,0
Christopher Blankenship,4631080890971162,Merchant: Taylor Ltd,travel,62.37,13,11.25,0,0,1,0
Vincent Welch,4411425150192015,Merchant: Thomas and Sons,electronics,11.73,8,85.26,0,0,0,0
Frank Martinez,4831661690700394,Merchant: Gillespie Group,online_shopping,31.81,0,21.23,0,0,2,0
Daniel Munoz,4855116951228610,Merchant: Osborn-Hernandez,online_shopping,32.31,7,11.15,0,0,1,0
Douglas Martin,4124565808800226,Merchant: Jacobs-Daniel,online_shopping,33.45,16,0.16,1,0,0,0
Richard Cook,4006887495192623,Merchant: Wong-Hernandez,grocery,17.56,7,2.65,1,0,0,0
Elizabeth Villarreal,4377630478559405,Merchant: Wang LLC,travel,6.72,10,23.46,0,0,1,0
Tracey Melendez MD,4747418618913440,Merchant: Shannon and Sons,dining,42.55,16,5.73,0,0,0,0
Samantha Aguilar,4118465031861822,"Merchant: Dyer, Elliott and Martinez",grocery,23.7,8,9.55,1,0,0,0
Carlos Burke,4666462286655757,Merchant: Middleton Ltd,grocery,30.35,20,4.69,0,0,0,0
Kimberly Steele,4727919029904054,Merchant: Drake LLC,travel,30.26,14,11.9,1,0,0,0
Matthew Farley,4032594259908131,Merchant: Richards LLC,electronics,11.65,11,18.21,0,0,2,0
Suzanne Luna,4400776365731689,"Merchant: Vega, Martin and Gonzalez",grocery,23.97,7,21.29,1,0,0,0
Thomas Hamilton,4963151405549922,"Merchant: Wilson, Yoder and Stanley",dining,53.5,7,34.08,1,0,2,0
Karen Macias,4593372005396393,Merchant: Mcguire-Gutierrez,dining,23.2,15,11.5,1,0,2,0
Corey Torres,4880623539587259,Merchant: Navarro-Harrell,grocery,14.66,4,4.35,0,0,0,0
Grace Torres,4066299453286446,"Merchant: Martin, Rogers and Barnes",electronics,69.04,12,0.92,0,0,1,0
Kelly Martin,4925822373278457,"Merchant: Mays, Rogers and Jones",dining,21.94,18,18.38,0,0,0,0
Jamie Woods,4181354117940977,"Merchant: Garza, Marshall and Moore",electronics,81.9,12,2.92,0,0,2,0
Jared Dawson,4270737561501323,"Merchant: Thompson, Stanley and Carey",gas_station,17.68,13,1.16,0,0,2,0
Steven Delacruz,4299794681621215,"Merchant: Stephens, Perry and Taylor",dining,58.61,14,7.53,1,0,0,0
Sandy Austin,4114748268476982,"Merchant: Johnson, Reed and Roman",dining,8.66,14,14.42,0,0,0,0
Pamela Perez,4552209681303898,Merchant: Vang-Cooper,grocery,25.67,17,9.49,0,0,3,0
Maria Davidson,4146831282047096,Merchant: Carter PLC,online_shopping,31.43,11,38.0,0,0,2,0
John Lin,4751124456586800,Merchant: Perez Ltd,online_shopping,19.94,22,4.26,0,0,0,0
Lori Le,4533612292172350,Merchant: Parker Group,gas_station,13.96,7,4.89,0,0,1,0
Alexandra Jones,4143121362979159,Merchant: Rivera Ltd,online_shopping,20.53,21,11.47,0,0,2,0
Karen Woods,4850281244963798,Merchant: Lopez Ltd,dining,70.82,11,38.19,1,0,0,0
Shawn Sullivan,4814277663045468,Merchant: Walker-Steele,travel,35.01,20,10.09,0,0,1,0
Tracy Whitaker,4550679900673218,"Merchant: King, Durham and Johnson",grocery,9.8,12,8.17,1,1,3,0
Dennis Moore,4603603635959715,"Merchant: White, Clark and Kirby",electronics,60.15,16,32.2,0,0,3,0
Jason Greene,4474834636196207,"Merchant: Butler, Anderson and Scott",grocery,161.32,17,3.33,0,0,4,0
Philip Robbins,4390258061871699,"Merchant: Pruitt, Oconnor and Sanders",dining,31.67,21,3.48,0,0,0,0
Ronald Villegas,4472795207737681,Merchant: Spencer LLC,grocery,54.58,7,51.28,0,0,2,0
Meghan Hernandez,4924534133094428,Merchant: Carter LLC,grocery,34.4,13,8.62,0,0,0,0
Tony Wilson,4879572690684970,Merchant: Hayes and Sons,dining,27.62,10,15.39,0,0,1,0
Robert Foster,4485413745882085,Merchant: Thomas-Beasley,grocery,68.95,6,64.12,0,0,0,0
Deanna Choi,4951122648018227,"Merchant: Davis, Blake and Rogers",online_shopping,46.96,9,6.38,0,1,3,0
Kenneth French,4243333428925642,"Merchant: Sandoval, Massey and Garcia",grocery,33.18,18,2.87,0,1,2,0
Madison Boyd,4732436871949239,Merchant: Bowman Inc,gas_station,51.79,18,11.37,0,0,1,0
Leroy Walker,4948260991425643,"Merchant: Camacho, Butler and Gibbs",travel,21.37,13,0.25,0,0,1,0
Lisa Mercer,4491777509224334,"Merchant: Brooks, Lowery and Francis",online_shopping,42.68,10,8.1,0,0,0,0
Robert Martin,4026387956529773,Merchant: Reid-Blanchard,grocery,16.94,7,6.39,0,0,1,0
Marcia Flowers,4705110194562135,Merchant: Mitchell-Thompson,online_shopping,165.31,4,2.25,0,0,0,0
Maria Morris,4943775094294294,Merchant: Conrad-Mason,online_shopping,53.39,6,2.13,1,0,1,0
Jason Steele,4252197053049012,"Merchant: Rivera, Hanson and Sellers",dining,37.54,9,8.43,0,0,0,0
Rebecca Miller,4359447225171380,"Merchant: Mitchell, Wallace and Phillips",online_shopping,48.77,10,7.08,0,0,2,0
Scott Smith,4572748576754828,Merchant: Roberts-Nelson,grocery,41.54,17,9.48,0,0,1,0
Jeffrey Durham,4602628676014063,Merchant: Lee Ltd,online_shopping,45.73,10,9.36,0,0,0,0
Julie Chan,4862750621502052,Merchant: Baird-White,online_shopping,23.04,6,6.44,0,0,4,0
Adam Cortez,4114371992948240,Merchant: Payne-Myers,dining,6.98,8,7.0,0,0,0,0
Justin Andrews,4544974508249563,"Merchant: Norris, Thomas and King",online_shopping,16.82,7,7.39,0,0,0,0
Makayla Reynolds,4723124787936760,"Merchant: Walker, Becker and Peck",online_shopping,98.15,18,21.23,0,1,1,0
Jennifer Hancock,4026029482501476,Merchant: Reynolds-Mendez,dining,16.22,12,3.67,0,0,0,0
Elizabeth Hayes,4392332093705718,"Merchant: Peck, Hayes and Bennett",online_shopping,10.97,7,18.71,1,0,2,0
Ryan Thornton MD,4356968669527046,Merchant: Ramsey and Sons,grocery,33.46,8,32.36,0,0,0,0
Amy Morse,4523932653654743,Merchant: Martinez-Harris,online_shopping,41.82,14,4.73,0,1,0,0
David Morales,4563416642203128,"Merchant: Woods, Perez and Malone",travel,19.8,8,7.49,0,0,1,0
Charles Thornton Jr.,4008530046827762,"Merchant: Brown, Smith and Burns",travel,14.94,19,12.39,0,1,1,0
Trevor Shepherd,4917974386962427,"Merchant: Richard, Conley and Johnson",electronics,28.99,15,15.96,1,0,0,0
Kenneth Howell,4822017598475103,Merchant: Crawford-Mckenzie,grocery,17.15,21,23.88,0,0,1,0
David Andrews,4625831017014239,Merchant: Baker Group,grocery,223.16,3,21.8,1,0,0,0
Destiny Nash,4318370344736778,Merchant: Thompson-Williams,online_shopping,112.91,19,4.77,1,0,0,0
Megan Grimes,4252881621037878,Merchant: Salinas-Spencer,travel,661.44,18,5.0,1,0,5,1
Melissa Thompson,4248399704385947,"Merchant: Reynolds, Ramirez and Andrews",grocery,38.63,7,3.77,1,0,0,0
Michael Cook,4639284906251955,Merchant: Carpenter PLC,dining,63.53,15,14.44,0,0,0,0
Ronald Mckenzie,4766665544130087,Merchant: Trevino Inc,online_shopping,28.27,19,22.61,0,0,0,0
Daniel Smith,4604544778237411,"Merchant: Russell, Reyes and Davis",dining,13.88,13,3.57,0,0,2,0
Mr. David Villanueva,4357967363739997,Merchant: Clark Inc,dining,46.19,11,28.92,0,0,1,0
Amber Odom,4559544603204433,"Merchant: Valdez, Spencer and Collins",online_shopping,30.1,17,3.0,1,0,0,0
Brian White,4433053692200254,"Merchant: Green, Small and George",grocery,30.45,13,5.86,1,0,2,0
John King,4215270108155864,Merchant: Campos Group,grocery,28.57,12,7.39,1,0,0,0
Kimberly Lee,4140147404261036,Merchant: Scott Ltd,gas_station,36.68,10,7.79,0,0,1,0
Brooke Allen,4192850510381336,"Merchant: Daniels, Morris and Crane",dining,10.12,10,11.39,1,0,2,0
Frederick Jones,4851318429562893,"Merchant: Jordan, Miller and Black",grocery,15.64,9,12.77,0,0,1,0
David Anderson,4164260625177690,"Merchant: Randall, Blair and Taylor",online_shopping,12.64,10,0.45,0,0,0,0
Allen Erickson,4083696042644606,Merchant: Sharp and Sons,grocery,20.71,8,52.54,0,0,2,0
Herbert Ferguson,4476277425406130,"Merchant: Campbell, Davis and Jones",grocery,48.75,16,21.38,1,0,0,0
Dr. Tyler Adams DVM,4300273117879009,"Merchant: Hansen, Hill and Lewis",dining,26.79,8,25.0,0,0,1,0
Christian Woodard,4060282514036485,"Merchant: Castillo, Robinson and Mejia",electronics,32.2,6,6.72,0,0,1,0
Megan Shah,4785595377043155,Merchant: Taylor-Barnes,electronics,166.01,16,5.67,1,1,2,0
Benjamin Wheeler,4100129079139455,Merchant: Hancock-Gonzalez,electronics,408.99,6,8.35,1,0,4,1
Robert Foley,4076318828246170,Merchant: Dennis-Rosales,grocery,96.44,17,8.82,1,0,1,0
David Owen,4490940954170292,Merchant: Davis PLC,grocery,63.68,18,3.64,1,0,2,0
John Black,4369267489378119,"Merchant: Smith, Cooper and Nelson",travel,19.87,14,11.76,1,0,2,0
Sarah Short,4218503504528533,Merchant: Hunter-Lam,grocery,11.84,8,5.9,0,0,1,0
Stacey Berger,4820975186419027,Merchant: Montes Group,electronics,152.52,12,16.94,0,0,0,0
Patrick Daniel,4032536462512127,Merchant: Pittman-Farley,grocery,12.87,14,1.24,0,0,0,0
Tyler Huynh,4787657417815188,Merchant: Williams and Sons,electronics,37.8,7,1.2,0,0,1,0
Lisa Baxter,4757662089759868,"Merchant: Holt, Davis and Petty",electronics,51.67,19,0.1,0,0,1,0
Michael Garrison,4761208778320960,"Merchant: Moreno, Perkins and Hawkins",online_shopping,45.04,9,14.55,0,0,1,0
Jon Martinez,4607438768108251,Merchant: Marshall Inc,grocery,49.92,6,11.42,0,0,0,0
Jessica Hall,4174581903297407,"Merchant: Anthony, Mcconnell and Reynolds",grocery,19.54,16,16.15,1,0,4,0
Lynn Anderson,4967262128815981,Merchant: Brown-Lloyd,grocery,21.12,12,3.78,0,0,0,0
David Larsen,4196589456231214,"Merchant: Tucker, Allen and Rodriguez",grocery,8.61,0,9.0,0,0,3,0
Patrick Anderson,4458868423932226,Merchant: Thomas Ltd,online_shopping,15.98,17,13.04,1,0,1,0
Megan Salas,4741306701321587,Merchant: Williams-King,travel,222.97,10,133.2,1,1,2,1
Stephanie Moran,4463463930253218,Merchant: Allen-Davis,grocery,76.67,17,9.41,0,0,0,0
Carlos Sawyer,4718663294462874,Merchant: Bond Ltd,online_shopping,39.81,22,23.36,1,0,2,0
Jeffrey Jones,4327094810259193,Merchant: Ross-Trevino,grocery,116.18,13,3.37,0,0,1,0
Christian Edwards,4915168887821263,Merchant: Morris-Buchanan,online_shopping,17.86,9,12.86,0,0,1,0
Janice Stokes,4046379538820966,Merchant: Martin LLC,online_shopping,24.59,2,2.18,0,0,1,0
Jennifer Griffin,4022163721070789,Merchant: Burgess-Hanson,online_shopping,92.86,18,4.22,0,0,2,0
Elizabeth Jennings,4676701470397066,"Merchant: Walker, Black and Huff",grocery,58.39,14,12.54,0,0,0,0
Jenny Durham,4051343078279910,Merchant: Turner-Hill,grocery,13.78,16,11.55,0,0,0,0
Natasha Watkins,4334633061383342,Merchant: Johnson-Romero,online_shopping,50.69,22,15.73,0,1,3,0
Blake Mitchell,4709807748541921,Merchant: Howard LLC,grocery,31.52,3,11.82,1,0,0,0
Morgan Atkinson,4281815103878685,Merchant: Graham-Swanson,dining,34.55,11,9.54,0,0,2,0
Lindsay Washington,4410150631942660,Merchant: Palmer and Sons,online_shopping,43.74,13,2.63,0,0,1,0
Kathryn Garcia,4578649450197999,"Merchant: Mitchell, Hoffman and Stewart",grocery,48.48,11,13.18,0,0,0,0
Amanda Lloyd,4257109974789555,Merchant: Goodwin-Johnson,grocery,67.95,11,0.82,0,0,0,0
Mary Cruz,4163703927665640,"Merchant: Johnson, Caldwell and Christian",electronics,40.17,8,16.02,1,0,2,0
Joseph Russell,4398764485224615,Merchant: James LLC,gas_station,4.52,9,10.31,0,0,2,0
Michelle Gross,4784249093277876,Merchant: Hicks-Nelson,electronics,15.12,8,12.68,0,0,3,0
Robert Gomez,4078254958432538,"Merchant: Berry, Moore and Brown",grocery,45.44,19,30.23,0,0,5,0
Kyle Kaiser,4503385860149961,"Merchant: Jones, Martinez and Fuller",online_shopping,40.01,12,17.24,0,0,1,0
Mary Reyes,4750871871364319,Merchant: Wilkinson Group,dining,9.08,12,2.82,0,0,1,0
Olivia Herrera MD,4290998152705246,Merchant: Sherman-Fletcher,dining,30.03,11,6.5,0,0,0,0
Joseph Smith,4943716552442504,Merchant: Perry Inc,travel,80.32,14,1.68,0,0,3,0
Michelle Moore,4009596731136495,Merchant: Evans-Wyatt,electronics,28.47,8,17.24,0,1,1,0
Mark Spencer,4366001482686456,Merchant: Salazar-Haynes,grocery,21.16,12,5.15,0,0,0,0
Terri Roberts,4060736095678130,Merchant: Little-Spencer,gas_station,46.52,7,18.5,1,0,0,0
Corey Clark,4939914789380151,Merchant: Johnson Inc,gas_station,43.01,20,13.53,0,0,0,0
Albert Black,4442281991809496,Merchant: Tyler-Hernandez,online_shopping,44.24,18,15.21,0,0,1,0
Michelle Johnson,4538991802016223,"Merchant: Sullivan, Lee and Bailey",grocery,65.48,17,2.05,0,0,2,0
Amber Ross,4893891200303984,Merchant: Sullivan LLC,dining,13.89,7,2.09,0,0,1,0
Stephen Wolf,4532865393124115,Merchant: Valenzuela-Martinez,dining,41.28,11,13.56,0,0,0,0
Virginia Watson,4888998899331387,"Merchant: Lynn, Hooper and Hart",grocery,25.78,9,2.01,1,0,1,0
Hannah Campbell,4434908331498552,"Merchant: Franco, Howe and Reed",grocery,82.32,21,19.54,0,0,1,0
Jennifer Snow,4151871370888862,Merchant: Hall Group,online_shopping,10.01,2,8.0,0,0,0,0
John Elliott,4027505336073266,"Merchant: Martin, Campbell and Howell",dining,29.22,9,10.34,0,0,4,0
Jamie Robertson,4986699659808546,"Merchant: Vega, Palmer and Rivera",grocery,22.08,9,19.17,1,0,1,0
Jaime Oneill,4266245678022114,"Merchant: Hodges, Fuller and Moss",dining,15.2,7,5.91,0,0,4,0
John Garcia,4916694107588431,Merchant: Boyd LLC,grocery,115.18,14,9.71,0,0,1,0
Hector Williams,4738322020037874,Merchant: Howe Ltd,gas_station,15.0,17,29.79,0,0,2,0
Rebecca Nicholson,4138482807364515,"Merchant: Prince, Booth and Johns",dining,17.74,12,9.98,0,0,2,0
Eric Howe,4439867665184482,Merchant: Foley-Bradley,grocery,14.19,15,3.2,1,0,2,0
Anthony Garrett,4522062047726618,Merchant: Young and Sons,online_shopping,21.43,14,12.38,0,0,1,0
Kevin Thomas,4864085805771571,Merchant: Mullins-Gonzales,grocery,22.98,15,9.73,1,0,2,0
Brandy Moreno,4789541187406014,Merchant: Cox LLC,grocery,30.59,17,7.44,0,0,2,0
Jessica Chang,4635223525513878,Merchant: Robertson-Roberts,online_shopping,41.92,17,7.58,0,1,1,0
Randy Warner,4666457358453016,"Merchant: Williams, Reyes and White",travel,20.73,12,26.98,0,0,1,0
Mr. Michael Garcia,4363316794770761,Merchant: Robertson-Morales,online_shopping,162.2,11,5.84,0,0,1,0
Justin Rodriguez DDS,4666846519222155,Merchant: Robinson LLC,grocery,23.09,1,14.37,1,0,0,0
Ashley Campbell,4482862899358289,"Merchant: Ortiz, Morrison and Warner",grocery,85.33,10,22.46,0,0,1,0
Mr. Samuel Thomas,4187292348517111,"Merchant: Burton, Gutierrez and Hernandez",grocery,35.25,14,0.71,0,0,2,0
Brenda Brooks,4436442086516796,"Merchant: Mcneil, Dyer and Rodriguez",electronics,15.35,15,2.26,0,0,1,0
Gabrielle Johnson,4708010596259008,Merchant: Scott and Sons,grocery,17.58,15,16.43,0,0,0,0
Glenn Lawrence,4471505441079035,Merchant: Smith-Harris,grocery,16.66,8,10.34,0,0,0,0
Wyatt Cortez,4421771655876042,Merchant: Chang Ltd,online_shopping,27.41,7,8.98,0,0,0,0
Laurie Pierce,4264211422594123,Merchant: Thomas Group,grocery,31.59,12,10.1,1,0,2,0
Ryan Morales,4047346036765455,Merchant: Thompson-Miller,electronics,47.81,2,0.75,1,0,2,0
Joseph Mendoza,4428002714665751,Merchant: Odonnell LLC,grocery,92.2,7,0.67,0,0,1,0
Brent Lewis,4103719244263805,Merchant: Osborn Ltd,grocery,23.4,13,5.72,0,0,5,0
Ricky Campbell,4706567111687031,"Merchant: Smith, Davis and Lin",grocery,21.46,8,14.62,0,0,2,0
Patricia Brown,4062191767780053,"Merchant: Coleman, Hunter and Flores",dining,33.26,15,50.41,0,0,0,0
Bobby Walker,4134494416228811,Merchant: Dean Group,gas_station,87.59,9,10.07,0,0,1,0
Eric Giles,4596054377045504,"Merchant: Roberts, Nelson and Griffin",grocery,133.61,7,4.45,1,0,1,0
Mrs. Valerie Ramirez,4423268534887587,"Merchant: Reed, Stafford and Williams",grocery,28.72,8,3.28,1,0,1,0
Keith Nixon,4341524816041882,Merchant: Holmes LLC,dining,85.07,17,2.65,0,0,2,0
William Gutierrez,4838206176053356,"Merchant: Chavez, Harding and Ingram",grocery,52.81,4,35.16,0,0,0,0
Jose Crawford,4822124529654440,"Merchant: Patel, Hughes and Cannon",grocery,52.77,3,0.18,0,0,0,0
Brett Obrien,4056706246514670,"Merchant: Davis, Finley and Horton",grocery,60.03,12,5.64,0,0,1,0
Charles Moore,4885686791486358,Merchant: Pierce-Brewer,electronics,11.07,12,42.79,0,1,2,0
Lynn Brown,4230042351206277,Merchant: Valenzuela-Smith,online_shopping,20.75,3,5.48,0,0,2,0
David Anderson,4957820279113423,"Merchant: Rios, Stanley and Watson",grocery,31.85,0,7.35,1,0,1,0
Donna Watson,4313620828605492,"Merchant: Munoz, Maynard and Campbell",grocery,37.17,7,9.61,0,0,1,0
Jocelyn Charles,4222777263482777,Merchant: Anderson Inc,grocery,25.54,16,11.66,1,0,1,0
Cathy Miller,4404969595714635,Merchant: Peters-Turner,gas_station,6.94,7,9.44,0,0,2,0
Justin Williams,4830975780631785,Merchant: Edwards-Gonzalez,gas_station,16.66,21,5.61,0,0,1,0
Thomas Rosales,4835639242913877,Merchant: Cowan and Sons,online_shopping,74.53,12,8.82,0,0,2,0
Scott Khan,4116560890510494,"Merchant: Schroeder, Schroeder and Pena",grocery,51.42,13,0.98,1,0,1,0
Benjamin Powell,4312676129754364,"Merchant: Anderson, Whitney and Benson",grocery,30.35,12,17.72,1,1,0,0
Joshua Wilson,4036356542249053,Merchant: Faulkner Inc,online_shopping,10.62,3,2.04,1,0,0,0
Kent Freeman,4960026512123089,"Merchant: Jacobs, Crawford and Andrews",gas_station,19.24,13,6.74,1,0,1,0
Patricia Tucker,4196988136652288,Merchant: Lewis Inc,grocery,17.95,19,1.94,1,0,2,0
Lauren James,4796927029711680,Merchant: Horn-Bates,dining,44.34,9,4.57,0,0,0,0
Bradley Taylor,4296033287462176,Merchant: Cooper-Yang,grocery,20.97,12,15.98,1,0,0,0
Frank Arnold,4714016801380762,Merchant: Finley Group,grocery,36.2,21,0.64,1,0,0,0
Shannon Turner,4016710070954381,Merchant: Tucker-Valencia,grocery,6.41,7,12.87,0,0,1,0
Charles Lloyd,4859412270957872,"Merchant: Mitchell, Clark and Sullivan",electronics,64.26,14,36.68,1,0,1,0
Justin King,4465554341515795,Merchant: Hoffman PLC,grocery,13.36,17,0.34,0,0,0,0
Jenna Ramsey,4389386465248702,"Merchant: Wright, Le and Lewis",electronics,24.43,16,3.05,0,0,2,0
Joel Murray,4954238221721834,Merchant: Arnold-Roach,online_shopping,24.76,18,27.76,0,0,2,0
Andrew Hahn,4098783683348508,Merchant: Hubbard and Sons,grocery,86.74,21,17.87,0,1,1,0
Shelby Gentry,4048350559364570,Merchant: Williams-Lopez,grocery,19.45,13,6.67,0,1,0,0
Christian Shelton,4291095820306207,"Merchant: Garner, Schmitt and Vance",gas_station,35.54,5,6.97,1,0,1,0
Robin Mora,4257329125629860,Merchant: Hernandez-Hill,electronics,26.36,11,3.9,0,0,1,0
Lindsey Wright,4586032817094292,Merchant: Davis Ltd,grocery,57.02,7,35.7,0,0,1,0
Abigail Miller,4694499516499032,Merchant: Wilson PLC,gas_station,39.52,14,8.34,1,0,1,0
Timothy French,4728844061917880,"Merchant: Bell, Martinez and Rodriguez",online_shopping,262.12,15,0.3,1,0,0,0
Laura Garner,4749755064648659,"Merchant: Wolfe, Garcia and Oconnor",online_shopping,30.88,6,12.61,0,0,1,0
Robin Brock,4834655287104348,Merchant: Gonzales Ltd,travel,7.16,14,13.65,0,0,1,0
Morgan Boone,4002045961517609,Merchant: Bowers Inc,grocery,94.23,11,3.15,1,0,2,0
Matthew Greene,4896243517294679,"Merchant: Escobar, Hoffman and Harrison",electronics,22.1,16,4.36,0,0,2,0
Molly Ortiz,4215606555539060,Merchant: Mclaughlin Inc,dining,4.79,14,20.6,0,0,0,0
Paula Roberts,4815966546389676,Merchant: Walker LLC,dining,66.86,1,21.13,0,0,1,0
Connie Miller,4238409353635260,Merchant: Johnson-Mathis,electronics,30.38,15,17.02,1,0,1,0
Perry Black,4279658954658739,"Merchant: Pace, Davis and Taylor",electronics,16.33,8,16.69,1,0,3,0
Scott Bond,4889513727486714,Merchant: Conway-Russell,online_shopping,12.42,6,3.67,0,0,4,0
Emily Rush,4623347409612029,"Merchant: Ramirez, Dougherty and Martin",grocery,60.01,21,9.04,1,0,5,0
Brady Padilla,4657267120615409,"Merchant: Barnes, Mills and Stewart",grocery,39.12,12,7.72,0,0,0,0
Mark Wallace,4575283198784380,Merchant: Ross-Miller,grocery,12.18,16,35.44,0,0,3,0
April Collins,4330135974493717,Merchant: Solomon-Mercado,grocery,43.62,6,11.78,0,0,0,0
Isaac Smith,4177271845231022,Merchant: Mcbride-Love,dining,8.62,17,2.2,0,0,0,0
Rebecca Roman,4678193715809402,"Merchant: Herman, Miller and Webb",gas_station,70.21,7,0.1,0,0,0,0
Jody Phillips,4721882603272486,Merchant: Horn-Duarte,dining,21.24,7,2.16,1,0,2,0
Judy Lewis,4553495913669532,Merchant: Haney-Morris,grocery,28.93,16,2.58,0,0,2,0
Brian Pacheco,4900567827311201,Merchant: Smith Group,grocery,12.96,8,0.86,0,0,0,0
Thomas Nelson,4505386746001986,"Merchant: Mcmillan, Green and Wright",grocery,20.87,7,10.52,0,0,0,0
Travis Hernandez,4165074680748827,"Merchant: Chen, Tate and Wright",online_shopping,13.06,18,1.42,0,0,1,0
William Greene,4782009938256762,"Merchant: Gonzalez, Rose and Yates",online_shopping,68.37,8,2.89,1,0,0,0
Jordan Adams,4980585465649297,Merchant: Liu and Sons,gas_station,34.83,19,4.68,1,0,2,0
Scott Pineda,4947539242377781,Merchant: Smith LLC,grocery,15.95,15,2.94,0,0,1,0
Luke Carpenter,4545976939864257,Merchant: Davidson PLC,grocery,24.92,22,13.28,1,0,1,0
Kelly Smith,4188102428361307,Merchant: Smith Group,grocery,89.39,7,2.52,1,0,4,0
Danielle Rodriguez,4404617363773974,Merchant: Nguyen Group,grocery,33.91,17,11.29,1,0,1,0
Paul Duarte,4704030506276607,Merchant: Simpson Ltd,grocery,32.94,1,37.44,0,0,0,0
Cody Mccoy,4178897665124092,Merchant: Swanson LLC,grocery,18.99,8,5.87,0,0,0,0
Andrea Bass,4422137148528179,Merchant: Baker Ltd,dining,24.13,6,4.8,1,0,0,0
Christopher Blake,4120508330254862,Merchant: Brown-Mclaughlin,electronics,22.11,2,25.98,1,0,3,0
David Jones,4557307441166483,"Merchant: Pearson, Wood and Hines",online_shopping,38.75,2,8.67,0,0,2,0
Amber Burns,4489756881109622,"Merchant: Anderson, Nelson and Martin",dining,26.75,13,9.35,0,0,2,0
Dana Jennings,4733634737114514,"Merchant: Gibson, Gates and Jackson",grocery,54.42,14,4.01,1,0,2,0
Alexander Ferguson,4949621378369077,Merchant: Hudson PLC,online_shopping,36.17,6,1.21,1,0,0,0
Gary Russell,4570926620632461,Merchant: Johnson-Parker,grocery,31.59,6,11.9,0,0,1,0
Frank Foster,4415751776923301,Merchant: Moore-Weber,grocery,72.35,10,16.51,0,1,0,0
Dylan Brown,4727140772468409,Merchant: Mendez-Cross,grocery,31.45,7,3.58,1,0,0,0
Trevor Ross,4945516753044390,Merchant: Wallace Ltd,online_shopping,30.65,10,16.54,0,0,2,0
Sherri Gray,4854286538381827,"Merchant: Bell, Schultz and Martin",electronics,47.68,8,10.29,0,0,1,0
Lauren Stone,4954756176939887,"Merchant: Harris, Thomas and Parker",electronics,37.15,16,1.94,0,0,1,0
David Jones,4587810319836362,Merchant: Oliver-Foster,dining,64.08,13,2.01,1,0,1,0
Matthew Sullivan,4280484583395768,Merchant: Garrett Inc,dining,27.4,17,1.67,0,0,0,0
William Morse,4749596039974766,Merchant: Cruz-Walters,grocery,24.03,6,26.06,0,1,3,0
John Molina,4096347427201159,Merchant: Scott LLC,travel,19.83,15,4.71,0,0,0,0
Travis Hubbard,4610103956286773,Merchant: Jimenez and Sons,dining,19.12,17,12.33,0,1,1,0
John Andrews,4549128656738530,Merchant: Jackson Ltd,travel,13.56,12,16.83,0,0,2,0
Craig Harris,4137722630393400,"Merchant: Tyler, Wong and Booth",dining,112.68,13,0.77,0,0,1,0
Amanda Rose MD,4373583852406244,Merchant: Hamilton Inc,grocery,27.95,10,3.63,0,0,0,0
Jessica Berry,4148068255248629,"Merchant: Velazquez, Williams and Butler",gas_station,149.79,12,0.33,1,0,1,0
Sandra Haney,4593908535714009,"Merchant: Buchanan, Bryant and Cordova",dining,12.28,2,15.44,0,0,2,0
Alexander Weeks,4474341713773254,Merchant: Brooks-Warner,dining,12.7,11,7.16,1,0,1,0
Edward Duffy,4355864656779388,Merchant: Phelps-Miller,grocery,28.8,11,8.54,0,0,0,0
Felicia Vargas,4625070613784271,"Merchant: Taylor, Gonzalez and Davis",electronics,26.9,11,25.43,0,0,0,0
Darren Hall,4290823723599672,Merchant: Taylor Group,online_shopping,28.78,14,0.81,1,0,0,0
Elizabeth Cunningham,4534363942910661,"Merchant: Ward, Finley and Smith",grocery,12.53,12,12.48,0,0,3,0
Michael Peterson,4092600534906027,Merchant: Underwood Group,gas_station,21.03,13,14.89,0,0,1,0
Crystal Duke,4947231166271600,Merchant: Buck Group,travel,34.65,8,2.19,0,0,2,0
Michael Cardenas,4821294616321749,Merchant: Maldonado-Pierce,online_shopping,66.93,5,5.61,0,0,2,0
Heather Meadows,4505028587748461,Merchant: Sparks-Green,dining,100.93,5,26.02,0,0,1,0
Nicole Collins,4599734028923038,Merchant: Sanders-Montoya,online_shopping,31.53,13,28.54,1,0,2,0
Laurie White,4273213874930655,"Merchant: Brown, Cowan and Velasquez",dining,62.06,17,5.79,0,0,0,0
Veronica Lewis,4921251267482179,"Merchant: Becker, Wood and Graves",online_shopping,13.73,17,0.2,0,0,0,0
Brian Singh,4383717647140563,Merchant: Richard-Kelley,dining,37.84,19,2.81,0,0,0,0
Ronald Young,4197354110052434,Merchant: Walker-Collins,online_shopping,37.98,12,12.45,1,0,1,0
Cindy Bradley MD,4754798516258315,Merchant: Wright-Davis,dining,13.1,8,27.47,0,0,1,0
Thomas Nelson,4747002655230908,Merchant: Alvarado and Sons,gas_station,6.1,19,4.89,0,0,0,0
Nathan Hickman Jr.,4477377988155717,Merchant: Diaz-Williams,gas_station,66.04,16,5.36,0,0,3,0
Kristin Bailey,4007147956470797,Merchant: Evans-Martin,grocery,43.45,8,3.11,0,0,2,0
Shannon Booker,4170575991806636,Merchant: Arias-Barber,grocery,14.84,9,10.39,0,0,0,0
Marc Glenn,4250963917555284,"Merchant: Boyd, Pierce and Perry",online_shopping,33.44,1,20.01,1,0,0,0
Jasmine Chavez,4725662390523283,"Merchant: Gilbert, Rose and Bruce",electronics,30.13,7,4.03,1,0,1,0
Michael Ritter,4302796151152071,Merchant: Valentine and Sons,grocery,61.66,11,24.62,1,0,1,0
Denise Gonzalez,4806654253193058,Merchant: Williams Inc,grocery,12.45,6,8.95,0,0,3,0
Phillip Lowery,4085041735876454,"Merchant: Coleman, Burton and Moreno",dining,59.44,9,38.22,0,0,1,0
Timothy Jordan,4852591445809394,Merchant: Hart Group,electronics,23.08,8,2.82,0,0,0,0
Justin Garcia,4585307503585519,Merchant: Lawson Ltd,gas_station,35.27,22,1.88,0,0,0,0
Samantha Ford,4288983727573257,Merchant: Edwards and Sons,electronics,28.26,11,7.01,0,0,2,0
Stanley Martinez,4342978175504618,Merchant: White Inc,travel,11.71,18,10.59,0,0,0,0
Alexander Terry,4310319000648338,Merchant: Edwards PLC,dining,137.69,13,4.95,0,0,0,0
Lisa Michael,4785501043588185,"Merchant: Wright, Richardson and Miller",dining,21.89,16,15.69,0,0,1,0
Dennis Turner,4493330195250839,"Merchant: Barrett, Ramirez and Taylor",dining,25.01,9,9.35,0,0,2,0
Kevin Benson,4625733645821870,"Merchant: Thomas, Mercer and Coleman",online_shopping,221.16,1,186.56,0,0,1,1
Brian Phillips,4578344093835227,Merchant: Parker Ltd,grocery,14.18,14,25.21,0,1,0,0
Maria Ward,4007123899881390,Merchant: Arroyo-Pittman,electronics,105.52,3,20.99,0,0,2,0
Shane Greene,4688859569047921,Merchant: Mann-Duncan,online_shopping,22.47,6,28.31,0,0,2,0
Matthew Alvarez,4252009108454354,Merchant: Tucker LLC,dining,19.32,4,5.05,1,0,1,0
Annette Weaver,4128950766941160,Merchant: Berg-Blankenship,grocery,19.93,10,68.05,1,0,0,0
Troy Aguilar,4506199141847963,Merchant: Pierce-Baker,grocery,24.84,8,4.35,1,0,1,0
Frank Munoz,4986144301776262,Merchant: Medina PLC,grocery,17.65,22,4.09,0,0,0,0
Amy Johnson,4322929930123974,Merchant: Lozano Inc,travel,10.11,13,9.46,1,0,0,0
Jean Brown,4429745396161130,"Merchant: Lucero, Fuller and Kennedy",dining,68.45,9,2.53,0,1,1,0
Bobby Mullen,4410080299997245,Merchant: Ramos and Sons,grocery,55.68,6,24.98,1,0,2,0
Mary Brady,4908911162238151,Merchant: Burns-Scott,electronics,21.86,13,10.91,0,0,1,0
Gabriel Jones,4113038303084731,Merchant: Burton PLC,grocery,26.92,8,3.3,1,0,2,0
Kevin Lee,4166431644821273,"Merchant: Alvarado, Cox and Campbell",gas_station,38.34,7,5.87,0,0,0,0
David Wise,4414137545370035,Merchant: George-Bailey,grocery,34.06,9,4.35,1,0,0,0
Kayla Taylor,4227553734024901,Merchant: Jones-Miller,grocery,120.88,7,1.76,0,0,0,0
David Williams,4182221306039623,"Merchant: Keller, Santiago and Decker",grocery,75.22,22,0.24,1,0,0,0
Kayla Rios,4021900014180531,Merchant: Fitzpatrick and Sons,grocery,72.15,12,0.38,0,0,2,0
Scott Wade,4205967192205339,"Merchant: Franklin, Baker and Hudson",grocery,25.16,2,9.16,0,0,0,0
Kenneth Williams,4152899086784371,Merchant: Cooley-Allen,grocery,26.04,20,9.81,0,0,3,0
Tiffany Gentry,4546023353383875,Merchant: Pruitt PLC,electronics,78.9,7,22.96,0,0,0,0
Sarah Woods,4214367486587485,"Merchant: Johnson, Barnes and Rodriguez",online_shopping,82.83,10,10.06,1,0,1,0
Timothy Jones,4746257999761098,Merchant: Malone-Hayes,grocery,48.87,6,27.24,1,0,1,0
Dennis Martinez,4489788303478301,"Merchant: Jenkins, Perez and Lam",online_shopping,49.29,8,0.81,0,0,1,0
Terry Owens,4121814377291638,"Merchant: Durham, Scott and Mcdaniel",dining,43.19,9,3.42,0,0,0,0
Lori Gutierrez,4300031889078121,"Merchant: Parsons, Dunn and Wood",gas_station,101.87,9,2.31,1,0,0,0
Heidi Stewart,4287608472232939,Merchant: Barton-Collins,grocery,18.66,8,19.19,0,0,2,0
Larry Martinez,4382653632633877,Merchant: Oneill LLC,grocery,10.54,19,20.09,1,0,3,0
William Payne,4237666143026701,Merchant: Morris Ltd,grocery,11.25,14,5.48,0,0,1,0
Alisha Lewis,4406412165257840,Merchant: Grant-Hernandez,gas_station,73.45,10,32.1,0,0,0,0
Nicholas Sanders,4810720960566888,Merchant: Adams PLC,online_shopping,27.44,18,20.57,0,0,1,0
John Brown,4825241852369987,Merchant: Barnett PLC,grocery,71.05,6,3.79,1,0,2,0
Vanessa Walker,4383820368537916,Merchant: Ward Ltd,grocery,19.16,13,45.5,0,0,1,0
Colton Green,4465843488303556,Merchant: Anderson Inc,grocery,37.51,15,6.58,0,0,4,0
Mark Lawson,4957485593201039,Merchant: Ball PLC,grocery,36.42,16,27.86,0,0,0,0
Collin Gentry,4644282831047699,Merchant: Jenkins-Sims,dining,52.47,11,20.24,0,0,1,0
Andrea Abbott,4639309284116569,Merchant: Bond-Jordan,dining,30.83,9,4.99,1,0,3,0
Adrian Sanchez,4988805409811387,"Merchant: Roberts, Weber and Lee",dining,28.31,3,7.06,1,0,1,0
Kenneth Jones,4021605179817419,Merchant: Webster PLC,electronics,24.88,23,12.93,1,0,0,0
Crystal White,4565311447770801,Merchant: Bowers-Dennis,dining,16.83,7,4.62,0,0,2,0
Richard Ferguson,4345941981346134,Merchant: Adams LLC,dining,32.32,18,9.86,1,0,1,0
Madison Morales,4266286850955572,Merchant: Brady and Sons,electronics,17.49,8,4.71,0,0,0,0
Brian James,4413088883500652,Merchant: Boyle Inc,electronics,35.53,4,89.82,0,0,4,1
Julia Green,4475669108471178,Merchant: Mills-King,grocery,58.16,11,17.19,0,0,3,0
Latoya Singleton,4736029925404800,"Merchant: Hunter, Watts and Vega",grocery,15.02,8,7.06,1,0,2,0
Cody Lopez,4053419610448391,Merchant: Fields-Peters,grocery,20.96,13,14.66,0,0,2,0
Pamela Scott,4019322709334204,Merchant: Smith PLC,dining,63.82,9,5.19,1,0,1,0
Diana Ali,4012090205834285,Merchant: Mejia Group,grocery,16.41,10,2.55,1,0,2,0
Nicole Patterson,4464122106316378,Merchant: Gomez and Sons,grocery,61.0,6,12.95,0,0,1,0
Kimberly Hunter,4425993170845122,Merchant: Calderon Group,dining,91.67,11,2.97,0,0,3,0
Stacey Jones,4199144469385362,Merchant: Cherry-Davis,online_shopping,52.38,13,3.5,0,0,0,0
Courtney Williams,4626622580015219,Merchant: Ross and Sons,grocery,13.1,12,8.86,1,0,0,0
Larry Stone,4254549961404846,"Merchant: Briggs, Johnson and Becker",online_shopping,28.71,15,21.85,0,0,0,0
Jonathan Miller,4530033769294499,"Merchant: Miller, Foster and Gray",gas_station,23.52,10,16.96,0,0,2,0
Michael Wheeler,4069588799722420,"Merchant: Sutton, Mullins and Maldonado",dining,75.18,16,10.93,0,0,1,0
Melissa Wise,4939780230039955,"Merchant: Jackson, Holloway and Lewis",grocery,23.43,7,13.53,0,0,1,0
Melissa Jackson,4407888681410881,Merchant: Moran Ltd,grocery,72.1,5,10.43,1,0,0,0
Mr. Leonard Jackson,4872390442797215,Merchant: Thompson and Sons,dining,33.18,14,7.71,0,0,2,0
Brent Hernandez,4673713858257617,"Merchant: Morris, Hogan and Pittman",grocery,20.17,11,0.96,0,0,2,0
Deborah Price,4588213644129448,Merchant: Downs-Brooks,grocery,11.06,11,0.4,0,0,0,0
Christopher Gutierrez,4288961141150274,Merchant: Carney-White,online_shopping,60.36,7,1.48,0,0,1,0
Tracy Foster,4148451614400158,"Merchant: Nolan, Zhang and Park",grocery,30.45,14,0.57,0,0,2,0
Charles Nguyen,4911713300129929,"Merchant: Carpenter, Edwards and Torres",online_shopping,6.95,12,3.49,0,0,1,0
Joseph Smith,4638801734938270,"Merchant: Mcguire, Perez and Jacobson",electronics,5.25,12,15.1,0,0,1,0
Haley Harvey,4837655224295255,Merchant: Bauer Inc,electronics,40.44,8,3.37,1,0,1,0
Katherine Hammond,4693652677753206,Merchant: Floyd Ltd,grocery,34.66,8,2.29,0,0,1,0
Tracy Hogan,4266914199271803,Merchant: Smith-Murray,electronics,59.41,8,8.61,0,1,0,0
Ronald Davila,4892768348849907,Merchant: Castillo-Hood,dining,44.22,10,3.46,0,0,0,0
Emily Reed,4224202694755202,"Merchant: Scott, Maldonado and Mckinney",gas_station,26.79,16,2.1,1,0,2,0
Maria Thomas,4609855801289210,Merchant: Thompson Ltd,grocery,34.76,15,1.3,1,0,1,0
Debra Miller,4958248459254685,Merchant: Parker Group,grocery,39.66,15,26.28,0,0,0,0
Michael Huerta,4226862618665213,"Merchant: Hancock, Jones and Smith",dining,41.06,17,4.44,0,0,0,0
Joy Robinson,4305417740047329,"Merchant: Cunningham, Martinez and Jones",electronics,38.93,15,4.97,0,0,1,0
Brittany Kelly,4138887565311823,"Merchant: Aguilar, Martinez and Ballard",dining,31.71,22,8.53,0,0,0,0
Julie Jordan,4873380683018198,"Merchant: Gray, Jordan and Powell",dining,23.99,7,38.04,0,0,1,0
Jacob Peters,4424537592939400,Merchant: Flores-Schmidt,electronics,8.41,9,2.44,0,0,0,0
Caitlyn Clark,4128386008629752,"Merchant: Brown, Bennett and Rivera",dining,117.58,17,5.79,0,1,2,0
Kimberly Ward,4709678949049406,"Merchant: Wagner, Farmer and Vang",dining,14.98,20,2.95,1,0,2,0
Amanda Gould,4849128905387805,"Merchant: Khan, Adams and Estrada",gas_station,126.18,6,6.74,1,0,0,0
Laura Martin,4921314573149021,Merchant: Brown-Travis,electronics,58.27,12,3.19,0,1,1,0
Mark Taylor,4782755646790555,Merchant: Anderson LLC,online_shopping,21.15,8,32.22,0,0,0,0
Tyrone Roberson,4885065001365571,"Merchant: Barnes, Berry and Garcia",grocery,4.68,13,0.9,0,0,2,0
Brian Barron,4753107151252081,Merchant: Lee Ltd,grocery,109.99,13,15.2,1,0,1,0
Kelly Harris,4510272661922286,Merchant: Chen Group,dining,20.78,8,0.51,0,0,1,0
Jeremy Moran,4108720118315411,"Merchant: Thomas, Rollins and Wilkins",online_shopping,32.45,16,12.82,0,1,1,0
Dr. Donna Bailey,4065328846989936,"Merchant: Rios, Riley and Johnson",grocery,29.89,10,0.43,0,0,0,0
John Smith,4208884205479537,"Merchant: Torres, Winters and Walker",grocery,185.82,8,17.02,0,0,1,0
Sarah Pierce,4965391449510740,Merchant: Miller-Landry,grocery,48.56,16,4.91,0,0,0,0
John Gallegos,4471577191465128,"Merchant: Rogers, Jones and Dalton",dining,57.98,13,9.98,1,0,0,0
Michael Moore,4387252865354189,Merchant: Rodriguez-Evans,grocery,35.25,9,2.0,0,0,0,0
Jessica Barron,4161662825207719,Merchant: Stevens Ltd,online_shopping,61.7,12,8.67,1,0,2,0
Erika Moore,4965548874481651,"Merchant: Adams, Zhang and Hood",dining,66.36,21,25.87,1,0,0,0
Erin Rivera,4328196840273869,Merchant: Carlson Inc,online_shopping,48.84,10,10.18,0,0,2,0
Alicia Krueger,4814911255179943,Merchant: Miles-Cruz,electronics,25.53,7,5.9,1,0,1,0
Amanda Wilson,4493575605820213,"Merchant: Martinez, Taylor and Bauer",grocery,12.26,9,3.39,0,0,0,0
Joshua Scott,4127923750585419,"Merchant: Alexander, Gilbert and Rivera",dining,29.11,5,4.42,0,0,2,0
Jeffrey Thompson,4431354276450717,Merchant: Lee PLC,grocery,14.79,2,3.7,0,0,0,0
Alexandria Barnes,4149325872665562,Merchant: Sims PLC,dining,22.77,14,1.14,0,1,1,0
Brandy Allen MD,4804249299520034,Merchant: Fisher and Sons,gas_station,43.12,13,4.51,0,0,1,0
Kendra Smith,4780590158278547,Merchant: Silva-Howard,grocery,32.21,21,10.99,1,0,2,0
Mckenzie Vega,4645225604251062,"Merchant: Thomas, Spencer and Lee",travel,6.74,19,6.81,0,0,1,0
Margaret Gonzalez,4041250856038389,Merchant: Thompson-Haas,gas_station,20.41,11,1.35,0,0,2,0
Robert Andrews,4759431003025501,Merchant: Fitzpatrick PLC,grocery,61.5,4,9.27,1,0,0,0
Dr. Brenda Frye,4286844705803581,"Merchant: Guzman, Mccoy and Harris",dining,51.7,7,11.24,0,0,0,0
Larry Pitts,4072900879858351,Merchant: Galloway Group,online_shopping,19.11,9,18.0,0,0,0,0
Connie Henderson,4519150495913096,Merchant: Banks-Vasquez,dining,10.49,9,3.14,0,0,3,0
Jessica Cruz,4292349749135729,Merchant: Jones Ltd,gas_station,87.9,21,8.24,1,0,0,0
Monica Torres,4962600105773274,Merchant: Miller-Johnson,electronics,68.36,18,9.39,1,0,3,0
Scott King,4425662421626280,Merchant: Horton PLC,online_shopping,7.57,18,15.63,0,1,0,0
David Hahn,4978979638194865,"Merchant: Sims, Roberts and Martin",grocery,9.36,10,36.19,0,0,0,0
Jeffrey Baker,4651244755998521,"Merchant: Bowen, Russell and Turner",grocery,82.22,13,19.59,1,0,0,0
Andre Payne,4085912093951594,Merchant: Weaver-Tyler,online_shopping,17.3,11,11.95,0,0,3,0
Nicholas Tran,4745041673132912,Merchant: Clark PLC,grocery,10.02,12,6.48,1,0,0,0
Nicholas Davis,4359070186083186,Merchant: Mccullough and Sons,dining,28.57,8,9.83,0,0,0,0
Charles Dougherty,4868124998326228,Merchant: Garcia-Pope,gas_station,42.54,10,23.53,1,0,1,0
Carolyn Smith,4268159995670240,Merchant: Conway Inc,dining,25.31,3,7.78,0,0,0,0
Brendan Howard,4346194019963020,Merchant: Green-Anderson,gas_station,64.97,8,4.12,1,0,0,0
Albert Bishop,4583465768309470,Merchant: Moran Ltd,grocery,15.34,7,22.17,0,0,0,0
Lisa Good,4751508485522366,Merchant: Powers-Carpenter,dining,31.41,16,1.25,0,0,3,0
Nicholas Mejia,4514097928393732,"Merchant: Morgan, Whitehead and Coleman",travel,32.89,11,22.27,0,0,0,0
Russell Erickson,4459567829522339,"Merchant: Thompson, Harper and Wilkinson",online_shopping,52.4,1,1.9,0,0,1,0
Michael Horton,4710628795506733,Merchant: Scott-Johnston,electronics,25.95,4,1.44,1,0,2,0
Ricky Tran,4077883967759787,Merchant: Warner Ltd,grocery,8.82,7,6.31,0,0,1,0
Jonathan Kelley,4250094404919047,Merchant: Hoffman Group,dining,30.4,4,0.49,0,0,1,0
Miss Makayla Young,4687805834692992,Merchant: Parsons-Mayer,dining,21.35,14,11.83,0,0,1,0
Natalie Blevins,4436045510459994,Merchant: Madden Ltd,grocery,48.62,14,2.83,0,0,0,0
Elizabeth Carney,4280251296013248,"Merchant: Hall, Ellis and Walls",online_shopping,27.5,12,13.69,0,0,1,0
Gerald Berg,4768069247998585,Merchant: Edwards and Sons,gas_station,32.64,11,8.64,0,0,0,0
Jackson Ingram,4064021374395508,Merchant: West Group,online_shopping,23.97,16,0.15,0,0,0,0
Thomas Parsons,4715796712816108,Merchant: Williams LLC,grocery,12.46,13,7.27,0,0,3,0
Emma Jennings,4601978134915166,"Merchant: Bradford, Johnson and Coleman",electronics,45.4,2,43.53,0,0,3,0
Julie Padilla,4446227168922931,Merchant: Pratt Inc,grocery,20.86,10,2.84,1,0,1,0
Cassandra Williams,4682201484241394,Merchant: Johnson PLC,online_shopping,36.07,18,11.36,1,0,1,0
Jeremy Schmidt,4175147607718137,Merchant: Jenkins PLC,electronics,16.16,15,27.29,1,0,2,0
David Scott,4672882670407766,Merchant: Miles-Miller,electronics,4.11,11,8.72,0,0,1,0
Rebekah Ferguson,4872289352259101,Merchant: Forbes PLC,online_shopping,35.29,10,11.42,1,0,0,0
Adriana Malone,4679489340326682,Merchant: Williams Ltd,online_shopping,123.6,11,13.42,0,0,0,0
Russell Reynolds,4040529826167597,Merchant: Campbell-Kelley,dining,42.52,20,1.63,1,0,1,0
Sarah Collins,4328868333476098,Merchant: Gregory-Marshall,grocery,9.79,10,0.33,0,0,1,0
Cassandra Frey,4563236779817015,Merchant: Fuller-White,grocery,47.3,13,3.29,1,0,2,0
Tyler Murphy,4644093830764048,Merchant: Martin Group,grocery,61.79,1,2.69,0,0,0,0
Elizabeth Simon,4696995213479886,Merchant: Hill-Rice,dining,91.22,9,20.05,0,0,0,0
Catherine Nguyen,4759680438041141,Merchant: King Group,electronics,49.16,13,10.37,0,0,2,0
Kristy Ramos,4945994507674483,"Merchant: Smith, Johnston and Diaz",online_shopping,26.78,13,13.03,0,0,1,0
Kyle Haas,4140450133897900,Merchant: Nelson-Foster,grocery,58.69,9,21.33,0,0,1,0
Michael Glover,4845791667050350,Merchant: Frye-Harrison,online_shopping,32.18,10,6.35,0,0,3,0
Rebecca Walker DDS,4354308836414921,"Merchant: Jones, Humphrey and Hooper",grocery,13.68,9,10.03,0,0,2,0
Julie Mata,4558263607137322,"Merchant: Morton, Ruiz and Martinez",dining,50.9,8,0.84,1,0,0,0
David Wang,4031971721283197,Merchant: Barnes-Gilbert,grocery,40.2,12,10.34,1,0,1,0
Anita Price,4637996617215001,"Merchant: Campbell, Erickson and Richards",grocery,29.33,4,14.2,0,0,1,0
Veronica Sweeney,4842117749883720,"Merchant: Lane, Myers and Lawson",dining,24.31,6,20.04,0,0,0,0
Laura Buck,4243857290308255,Merchant: Lopez-Campbell,online_shopping,30.21,14,42.64,0,0,2,0
Peter Humphrey,4820238581602311,"Merchant: Lane, Deleon and Wilson",gas_station,24.5,18,10.12,1,0,1,0
Tracey White,4943091949683578,Merchant: Parker PLC,gas_station,26.82,10,1.42,0,0,1,0
Christina Fletcher,4292358529312564,Merchant: Brown LLC,online_shopping,43.56,13,1.55,1,0,0,0
Jamie Smith,4072197049540411,Merchant: Holmes PLC,dining,37.79,18,32.49,0,0,1,0
Denise Reynolds,4944246223695941,"Merchant: Lewis, Clark and Aguilar",grocery,41.24,13,0.63,0,0,0,0
Beverly Romero,4712306040696850,Merchant: Kelley-Roberts,travel,85.51,7,42.64,0,0,2,0
Kelli Williamson,4026066373616971,Merchant: Davis LLC,dining,23.84,15,9.0,0,0,2,0
Michael Mccall,4484922864790565,Merchant: Davis-Miller,grocery,30.5,22,0.86,0,0,1,0
Steven Yang,4903679964266242,Merchant: Crane Group,grocery,17.08,18,13.05,0,0,2,0
Monica Armstrong,4341463464734748,Merchant: Aguilar-Mckinney,dining,47.05,8,13.96,1,0,1,0
Karen Henson,4172297442409708,Merchant: Maxwell-Reynolds,dining,14.74,6,8.44,0,0,1,0
Beth Garcia,4802221133288591,Merchant: Warren-Peterson,electronics,52.12,10,10.06,0,0,1,0
Erin Long,4464320331889660,Merchant: Bird-Gill,dining,63.44,12,24.87,0,0,2,0
Richard Sweeney,4722924698398344,Merchant: Sullivan-Rogers,dining,22.45,8,3.97,1,0,1,0
Michael Goodman,4087211398515495,Merchant: Robles-Gray,dining,85.47,21,8.0,0,0,2,0
Megan Khan,4089985011991229,"Merchant: Austin, Jackson and Medina",dining,43.35,14,18.08,1,0,1,0
Jacob Day,4666161193427561,"Merchant: Odonnell, Davis and Moore",online_shopping,12.99,17,1.8,0,0,3,0
Shannon Hunt,4889032405772055,Merchant: Figueroa PLC,online_shopping,46.7,17,1.94,0,0,0,0
Ashley Mejia,4780305032593452,"Merchant: Vincent, Smith and Leonard",dining,21.37,21,0.1,0,1,3,0
David Johnston,4250380851167333,"Merchant: Lee, Smith and Bennett",grocery,35.4,6,5.46,0,0,1,0
David Joseph,4132894943638592,Merchant: Weiss Inc,grocery,23.83,9,3.81,0,0,1,0
Alexa Smith,4241838143847402,Merchant: Lee Group,grocery,38.32,8,35.05,1,0,0,0
Kevin Gilbert,4019663183647466,Merchant: Perkins PLC,grocery,28.88,14,6.29,0,0,1,0
Dr. Terri Valdez,4198287199409100,"Merchant: Gomez, Ellis and Cochran",travel,5.13,11,24.02,0,0,1,0
Donald Ford,4156134325880327,Merchant: Shannon-Porter,gas_station,40.68,16,9.48,1,0,1,0
Mary Kane,4250652201892814,Merchant: Greer-Banks,gas_station,35.39,9,1.42,0,0,2,0
Brian Mccarty,4156766830992574,"Merchant: Jenkins, Webster and Fritz",online_shopping,66.95,16,101.58,0,0,3,0
Kevin Clayton,4272623219538081,Merchant: Smith and Sons,grocery,77.82,10,1.78,1,0,2,0
Brandy Bowman,4043382476989747,Merchant: Davis-Reyes,online_shopping,54.36,17,16.8,0,0,1,0
Dominique Hall,4396439771700311,Merchant: Sullivan-Caldwell,travel,91.25,2,163.13,1,0,4,1
Sandra Holder,4940415038125113,"Merchant: Pierce, Crosby and Lee",dining,25.21,2,11.93,0,0,0,0
James Zuniga,4404896189349819,"Merchant: Smith, Scott and Kelley",online_shopping,53.21,14,31.44,0,0,2,0
Danielle Riley,4535236057361186,Merchant: Hammond-Pena,online_shopping,15.66,18,14.08,0,0,1,0
Christine Carr,4910476358842618,Merchant: Silva Ltd,grocery,10.48,14,9.98,0,0,1,0
Mark Page,4752467467408491,Merchant: Coleman-Gardner,gas_station,73.47,9,1.79,1,0,0,0
Amy Burnett,4586475800265967,Merchant: Morales-Villanueva,grocery,14.93,19,16.25,1,0,1,0
Laura Patterson,4901005582385168,"Merchant: Reid, Burch and Hicks",grocery,105.67,8,39.87,0,0,0,0
Emily Romero,4852619370566190,Merchant: Nelson Ltd,grocery,29.5,10,12.88,1,0,1,0
Michael Rivera,4008115428539068,"Merchant: Duran, Jones and Rodriguez",gas_station,10.03,14,7.27,1,0,0,0
Rebecca Jones,4659056716850415,"Merchant: Mosley, Davis and Garrett",dining,19.4,3,0.57,0,0,1,0
Eric Colon,4928761046416390,Merchant: Crawford-Allen,grocery,27.97,15,11.75,0,0,2,0
Megan Burns DVM,4294055447209819,Merchant: Jones Group,dining,5.25,10,0.91,0,0,2,0
Zachary Pearson,4239752652306540,Merchant: Campbell-Pollard,gas_station,20.04,18,41.37,1,0,0,0
Michael Owens,4411119683876133,"Merchant: Larson, Reed and Martin",online_shopping,61.14,18,18.5,1,0,1,0
Anna Morse,4373966635906673,Merchant: Jones Inc,electronics,16.45,13,7.93,0,0,1,0
Cheryl Sandoval,4171354408199657,"Merchant: Maddox, Malone and Richardson",grocery,21.53,13,1.02,0,0,1,0
April Romero,4534644732382728,Merchant: Wyatt and Sons,electronics,40.59,15,17.2,0,0,0,0
Kevin Hernandez,4395895218263778,Merchant: Avila and Sons,grocery,18.83,19,0.57,0,0,0,0
Michael Morris,4739911339482240,Merchant: Conner Group,gas_station,22.57,6,8.82,0,0,0,0
Tanner Ortiz,4843012560001727,Merchant: Bishop-Hughes,electronics,36.69,19,28.66,0,0,0,0
Gina Finley,4168679722765857,Merchant: Long Group,grocery,45.78,13,2.4,0,0,2,0
Ralph Luna,4180832489868265,Merchant: Howard-Torres,dining,14.41,14,32.1,0,0,3,0
Phillip Hayden,4494967618993013,"Merchant: Ellis, Shaw and Leon",dining,8.04,11,0.1,1,0,3,0
Melinda Long,4367865274427801,Merchant: Hill-Thomas,dining,13.22,6,15.81,1,0,0,0
Jimmy Edwards,4358898361256974,"Merchant: Crawford, Dalton and Walker",gas_station,11.65,10,1.22,0,0,0,0
Erin Wilson,4662828949344670,Merchant: Harris-Robinson,travel,54.37,10,16.41,0,0,1,0
Brittney Wheeler,4156407940966808,"Merchant: Davis, Taylor and Woods",dining,60.27,11,6.95,0,0,1,0
Charles Anderson,4128082018038478,"Merchant: Horton, Johnston and Gibbs",electronics,32.73,8,14.09,0,0,2,0
John Carter,4832845343986042,Merchant: Adams Ltd,gas_station,52.77,20,15.48,0,0,3,0
Erin Johnson,4675079922765995,Merchant: Durham-Padilla,online_shopping,25.43,7,1.3,0,0,1,0
Howard Richardson,4161891615995197,Merchant: Patel-Skinner,dining,9.1,20,2.0,0,0,1,0
Victoria Williams,4988873884529551,"Merchant: Bowen, Smith and Wood",travel,43.73,5,10.63,1,0,2,0
Mrs. Jennifer Ruiz,4552885908454778,Merchant: Brooks-Bell,online_shopping,17.57,10,10.22,1,0,1,0
Jason Parker,4801838666459819,"Merchant: Farrell, Key and West",online_shopping,8.87,17,60.05,1,0,1,0
Rebecca Elliott,4867612873057166,"Merchant: Miller, Bryan and Willis",grocery,71.25,6,22.15,0,0,2,0
Rebecca Rodriguez,4080903701150492,Merchant: Beck LLC,dining,24.49,16,1.47,0,0,1,0
Juan Wright,4254258220346018,"Merchant: Rodriguez, Pena and Thompson",travel,27.51,5,5.66,0,0,1,0
Anna Reid,4701555152763733,"Merchant: Wheeler, Cox and Garcia",online_shopping,40.33,7,8.1,0,0,2,0
Nicholas Floyd,4923038649452303,Merchant: Robbins-Martin,dining,11.23,8,7.07,1,0,1,0
Erika Kim,4960149673750167,Merchant: Snyder PLC,online_shopping,36.5,15,5.86,0,0,1,0
Terrance Jackson,4379050707590659,Merchant: Johnson Group,online_shopping,15.52,16,4.05,0,0,0,0
William Banks,4814320030361455,Merchant: Hanson Inc,dining,15.37,9,4.72,0,0,1,0
Mackenzie Diaz,4829292882247871,Merchant: Bird and Sons,dining,24.23,6,1.51,1,0,1,0
Jason Neal,4021390241556416,Merchant: Owens-Mccall,gas_station,31.64,18,10.39,0,0,5,0
Aaron Scott,4846568575980475,Merchant: Gordon-Hughes,dining,16.45,16,3.13,0,0,1,0
Robert Peterson,4859139405071119,Merchant: Patterson-Maddox,grocery,12.69,11,38.85,0,0,2,0
Cameron Russell,4410645909863340,Merchant: Phillips Group,grocery,50.37,12,0.77,0,0,1,0
Jessica Porter,4294748308756775,Merchant: Jackson LLC,grocery,22.69,7,19.17,0,0,0,0
Mr. Robert Collins,4076766369602245,Merchant: Young PLC,dining,54.48,12,32.72,1,0,0,0
Crystal Taylor,4911025861501531,Merchant: Reynolds Group,online_shopping,17.28,6,9.12,0,0,2,0
William Ray,4342950161116806,"Merchant: Goodman, Jones and Miller",online_shopping,233.87,2,1.24,0,0,2,0
Deborah Colon,4018146766158425,Merchant: David Ltd,grocery,354.37,10,4.25,0,0,0,0
Joseph Benson,4132212600832541,"Merchant: Torres, Rose and English",grocery,40.91,11,27.8,0,0,2,0
Jennifer Bennett,4773466931355093,Merchant: Sanchez LLC,online_shopping,42.34,15,12.79,0,0,0,0
Sally Thomas,4971134016288494,Merchant: Daniels Inc,online_shopping,26.27,18,31.64,0,0,1,0
Stacy Hart,4779067819327032,Merchant: Brown-Fox,online_shopping,30.94,15,1.24,0,0,0,0
Michael Hernandez,4922218307168570,Merchant: Davidson-Wilson,travel,23.9,17,19.76,1,0,0,0
Jade Rogers,4009025820148310,Merchant: Hughes-Morris,grocery,13.6,14,26.22,1,0,1,0
Brian Mejia,4176024876325416,"Merchant: Reid, Ray and Williams",electronics,26.75,18,0.62,1,0,3,0
Mason Moon,4720322625429708,"Merchant: Bailey, Johnson and York",grocery,15.16,11,47.91,0,1,2,0
Nathan Blanchard,4472380510864371,"Merchant: Ramirez, Woods and Black",grocery,82.61,5,6.95,1,0,0,0
Carrie Brown,4475339817131014,"Merchant: Wood, Lopez and Lucero",dining,39.27,17,3.54,0,0,0,0
Christine Parker,4558736054582843,"Merchant: Ramirez, Wilkins and Patel",dining,138.84,15,14.36,0,0,1,0
Jeffrey Alvarez,4288663437916810,Merchant: Lee PLC,dining,31.9,9,7.9,1,0,1,0
Brian White,4235161935428937,Merchant: Smith LLC,online_shopping,19.26,14,10.78,1,0,1,0
Matthew Jennings,4072179863767205,Merchant: White LLC,online_shopping,57.02,7,6.86,0,0,1,0
Sabrina Chapman,4024435168759688,Merchant: Munoz Ltd,grocery,65.82,14,19.85,0,0,0,0
Sara Yang,4735805553544418,Merchant: Evans-Miles,dining,45.09,15,0.14,0,0,1,0
Thomas Logan,4290604352088199,Merchant: Walton-Dalton,grocery,11.17,11,1.72,0,0,0,0
Ashley Horn,4463068996170618,Merchant: Perry LLC,electronics,29.03,5,12.79,0,0,1,0
John Moore,4642848413767698,Merchant: Spencer Ltd,grocery,21.05,10,13.6,0,0,0,0
Amanda Brown,4979044476016669,"Merchant: Rosario, Wilson and Green",dining,28.8,2,17.04,0,0,0,0
Stacey Dixon,4984198114838745,Merchant: Santiago Ltd,gas_station,22.26,8,1.31,0,0,2,0
Jill Ramirez,4685488781600789,Merchant: Brown PLC,grocery,17.99,8,0.1,0,0,3,0
Anthony Mitchell,4730192383973066,"Merchant: Campos, Shepard and Campbell",grocery,57.75,16,2.15,0,0,1,0
Katherine Weaver,4948030371745518,"Merchant: Williamson, Moody and Fitzgerald",grocery,24.46,6,2.68,0,1,1,0
Rachel Macdonald,4496355713959212,Merchant: Alvarez-Mckee,gas_station,93.68,16,2.74,0,0,1,0
Amy Lee,4325089680019950,Merchant: Hall Group,online_shopping,36.01,7,2.68,0,0,1,0
Matthew Rivas,4262843713254439,Merchant: Reynolds-Thompson,online_shopping,36.46,13,3.51,0,0,2,0
Allison Miller,4121322374194276,Merchant: Watson LLC,grocery,19.2,10,1.68,1,0,0,0
Jennifer Ray MD,4186984158839806,Merchant: Stevens-Martinez,grocery,72.82,12,19.67,0,0,0,0
Jason Barnes,4662462739400359,Merchant: Burton Inc,dining,8.58,14,52.17,1,0,0,0
Erica Yang,4638423443303371,"Merchant: Cole, Nielsen and Wilkins",grocery,21.92,6,29.37,1,0,1,0
Jason Kirk,4308667985007746,"Merchant: Rodriguez, Pham and Estrada",grocery,26.29,16,12.75,0,0,1,0
Michael Smith,4451141423360211,"Merchant: Nguyen, Meyer and Bond",online_shopping,25.02,9,5.11,0,0,1,0
Ronald Baker,4814939380963428,Merchant: Collins-Watson,electronics,24.74,10,30.15,1,0,1,0
Mark Rangel,4988407591699280,"Merchant: Reyes, Hickman and Mccoy",dining,100.32,18,4.53,0,0,1,0
Mrs. Julia Chavez DDS,4701994731878300,"Merchant: Foster, Walters and Martin",online_shopping,12.02,23,26.12,0,0,0,0
Johnny Escobar,4505645492145150,Merchant: Blackwell LLC,grocery,48.57,15,9.18,0,0,1,0
Jeremy Cochran,4061958885042744,Merchant: Foster and Sons,dining,43.95,7,2.3,0,0,1,0
Denise Stewart,4092323727328814,Merchant: Larson Inc,grocery,41.56,18,1.15,1,0,1,0
Reginald Brown,4615121239749826,Merchant: Pena and Sons,grocery,33.2,9,10.87,1,0,1,0
Charles Mendez,4988377569350168,Merchant: Ellis LLC,electronics,57.51,22,8.72,0,0,0,0
Jordan Morse,4710768007974772,Merchant: Blevins LLC,dining,12.15,8,2.71,0,1,1,0
Brittney Boyd,4758230515057163,Merchant: Reed Ltd,dining,50.56,15,12.14,0,0,1,0
Brandy Hogan,4943541213002202,"Merchant: Coleman, Adams and Gibson",online_shopping,82.22,16,7.65,0,0,1,0
James Ball,4803116000072749,Merchant: Jones LLC,dining,151.95,7,0.28,1,0,0,0
Nicole Scott,4802971140710058,"Merchant: Garcia, Lee and Smith",online_shopping,35.12,14,3.07,1,0,1,0
Aaron Gonzalez,4761362270667285,Merchant: Matthews-Anderson,grocery,16.98,11,18.11,0,0,0,0
Matthew David Jr.,4159080911201674,Merchant: Fitzgerald Group,dining,37.27,12,2.85,0,0,1,0
Mitchell Daniels,4135097424966998,Merchant: Sullivan-Thomas,grocery,36.76,14,11.28,0,0,2,0
Dakota Vaughn,4821353215269004,Merchant: Bowen-Diaz,grocery,47.68,18,9.38,0,0,2,0
Jennifer Torres,4281959412754599,Merchant: Cook LLC,gas_station,27.9,10,22.25,1,0,1,0
Sergio Massey,4767540799741111,"Merchant: Melendez, Rojas and Romero",grocery,22.81,13,2.34,0,0,1,0
Brianna Aguilar,4676148969081522,Merchant: Johnson Ltd,online_shopping,21.72,10,13.37,0,0,3,0
Bryce Thompson,4328956444765630,"Merchant: Schroeder, Kelley and Beltran",grocery,48.51,9,4.92,0,0,3,0
Deborah Hawkins,4641597006938791,"Merchant: Cox, Gallagher and Robinson",grocery,31.21,15,3.61,1,0,0,0
William Chambers,4713905163359813,Merchant: Rodriguez and Sons,grocery,19.01,17,38.8,0,0,1,0
Ryan Conner,4826977108800700,"Merchant: Mooney, Cooper and Simon",dining,44.68,18,14.03,0,0,0,0
Larry Rowland,4223583562042109,"Merchant: Smith, Huynh and Oneill",grocery,38.49,20,19.38,0,0,2,0
Deborah Smith,4981654998077860,Merchant: Richardson-Haney,dining,74.93,8,0.84,0,0,2,0
Timothy Wilson,4393542341377388,"Merchant: Miller, Coleman and Duncan",gas_station,15.99,18,10.95,0,0,0,0
Jose Ramsey,4952565609195831,"Merchant: Sanford, Clark and Lee",online_shopping,20.3,17,4.33,0,0,1,0
Shane Garcia,4314719112817620,Merchant: Kelly-Bell,online_shopping,28.57,13,9.61,0,0,1,0
John Banks,4697233363920387,Merchant: Farmer-Cunningham,dining,18.05,7,14.44,0,0,2,0
Amy Wilcox,4773970625428157,"Merchant: Vargas, Gallegos and Cooper",dining,81.19,10,0.15,0,0,2,0
Darrell Coleman,4974177003953254,Merchant: Robinson-Ferrell,grocery,29.11,18,1.16,0,0,3,0
Jacqueline Ramos,4740842618633368,"Merchant: Wallace, Benson and Reed",grocery,14.01,15,15.66,1,0,1,0
Michael Wong,4685561157786257,Merchant: Alvarado Inc,online_shopping,37.59,19,8.07,1,0,2,0
Bradley Brown,4336709281296858,"Merchant: Clark, Smith and Boyd",online_shopping,7.02,10,30.8,0,0,1,0
Anna House,4598867557017037,Merchant: Morrison-White,gas_station,22.38,3,12.58,0,0,1,0
April Rhodes,4731080994787323,Merchant: Jones Inc,grocery,25.07,14,12.39,0,0,0,0
Brian Peters,4354613421281043,"Merchant: Nguyen, Atkins and Rodriguez",online_shopping,16.2,10,11.59,0,0,0,0
Nicholas Smith,4426837725672490,Merchant: Simon LLC,dining,40.32,10,2.48,0,0,1,0
Gregory Roberts,4928551507561200,Merchant: Wise-Henderson,online_shopping,18.9,2,19.92,1,0,1,0
Michael Conrad,4768664958901370,"Merchant: Daniel, Knight and Davis",grocery,23.49,8,2.04,0,0,2,0
Michael Thompson,4696404993289268,Merchant: Bell LLC,dining,43.82,18,7.91,0,0,2,0
William Jackson,4460123400991506,Merchant: Grant-Haynes,grocery,22.26,14,10.91,0,0,0,0
Julie Conway,4826621814434822,Merchant: Rasmussen-Salas,electronics,50.49,12,13.05,1,0,1,0
Kara Wong,4649971034306085,Merchant: Peck and Sons,online_shopping,17.65,10,1.2,1,0,2,0
Martha Dalton,4292399852911663,Merchant: Rodriguez Inc,electronics,15.79,18,7.12,0,0,1,0
David Greene,4927195914129689,Merchant: Hancock Group,online_shopping,26.17,12,3.05,1,0,1,0
Sean Huerta,4834244101154480,Merchant: Freeman LLC,dining,20.03,16,13.61,1,0,2,0
Dawn Wolf,4320204770710674,"Merchant: Smith, Martinez and Hernandez",online_shopping,22.86,12,11.12,1,0,1,0
James Gregory,4398537798321371,Merchant: Townsend LLC,grocery,9.98,20,14.69,0,0,1,0
Natalie Caldwell,4603621884798055,Merchant: Murphy LLC,online_shopping,22.68,9,13.5,0,1,0,0
Douglas Sullivan,4922954957335628,Merchant: Pollard Ltd,online_shopping,42.34,17,4.08,0,0,0,0
Richard Clark,4932453663872212,"Merchant: Forbes, Walker and Bauer",online_shopping,22.28,7,5.27,0,0,0,0
Todd Buchanan,4740983075833180,Merchant: Smith-Miller,online_shopping,14.9,13,22.43,0,0,0,0
Anna Villanueva,4456460590952252,Merchant: Wagner PLC,dining,36.66,14,16.59,1,0,3,0
Jimmy Norman,4870630938089573,"Merchant: Carrillo, Lowe and Russell",grocery,22.13,12,10.28,1,0,0,0
Crystal Wallace,4670227039459649,Merchant: Lucas Group,grocery,29.98,15,10.97,0,0,2,0
Paul Figueroa,4646078935425817,Merchant: Ramirez-Mack,travel,14.21,18,3.02,1,1,1,0
Melissa West,4082132913760876,Merchant: Henry-Reed,dining,89.48,9,16.33,1,0,1,0
Natasha Lester,4985019686434805,Merchant: Mays-Butler,dining,11.19,1,15.22,1,0,2,0
Abigail Moreno,4831051015110612,"Merchant: Nguyen, Torres and Jones",online_shopping,31.08,10,4.24,0,0,0,0
Randall Stokes,4081976604919139,Merchant: Powell-Davis,online_shopping,46.22,11,2.74,1,0,1,0
Kyle Williams,4154543355731220,Merchant: Bauer Ltd,grocery,23.92,12,12.21,1,0,1,0
Edward Cummings,4422251408818020,"Merchant: Henderson, Campbell and Moore",electronics,10.32,0,10.85,0,0,0,0
Angela Nelson,4857421592017564,"Merchant: Mitchell, Ashley and Patterson",grocery,20.11,9,6.95,0,0,0,0
Kaylee Lewis,4764255071650103,Merchant: Torres Group,online_shopping,26.23,15,0.45,0,0,1,0
Gail Morales,4867058094185610,Merchant: Howell-Cole,electronics,88.23,14,23.31,0,1,2,0
Andrew Kelly,4018665067369019,"Merchant: Foster, Lewis and Webster",online_shopping,21.09,15,5.75,0,0,1,0
Gary Cunningham,4535916432119868,Merchant: Morgan-Hancock,gas_station,68.52,12,10.59,0,0,0,0
Jessica White,4085629242368823,"Merchant: Davis, Lewis and Smith",online_shopping,12.75,3,0.85,1,0,1,0
David Thomas,4152334301201282,Merchant: Price LLC,grocery,43.1,5,18.14,0,0,1,0
Kevin Davis,4508177285920927,Merchant: Wood-Ross,online_shopping,14.91,19,1.97,0,0,2,0
Michael Brown,4274245336280112,"Merchant: Tapia, Brock and Armstrong",grocery,24.51,15,1.66,0,0,2,0
Jacqueline Steele,4467743377561496,Merchant: Campbell and Sons,grocery,70.33,15,21.84,0,0,1,0
Joseph Jenkins,4201829004682903,Merchant: Bell-Garza,grocery,49.42,17,17.43,0,0,0,0
Jorge Spencer,4607397480762094,"Merchant: Benson, Morgan and Abbott",gas_station,58.87,14,10.67,0,0,2,0
Erica Walker MD,4882403073388739,Merchant: Moore Ltd,grocery,17.85,10,20.43,0,0,0,0
Ronald Jenkins,4677621058168706,Merchant: Jones-Wise,online_shopping,15.53,14,16.08,0,1,1,0
Christine Cardenas,4072163520684870,"Merchant: Baker, Johnson and Phillips",online_shopping,48.69,22,314.59,1,1,6,1
Michael Curtis,4863401884921279,Merchant: Miles LLC,online_shopping,29.05,16,1.19,1,0,0,0
Sarah Smith,4323398543760110,Merchant: Morton Ltd,gas_station,33.7,12,16.57,0,1,1,0
Stacey Hernandez,4097127108302651,Merchant: Shields Inc,grocery,14.32,20,25.57,0,0,1,0
Deborah Reed,4824140880862776,"Merchant: Hines, Brown and Jones",dining,51.33,8,18.23,0,0,2,0
Kathleen Randolph,4949330615311245,Merchant: Gray Ltd,online_shopping,7.42,8,3.58,0,0,1,0
Samuel Phillips,4443430261421859,Merchant: Drake Ltd,grocery,9.23,18,6.56,0,0,0,0
Samantha Holmes,4444191478735304,Merchant: Rhodes-Butler,grocery,108.07,10,41.36,0,0,1,0
Kari Conner,4228244872502945,Merchant: Mcmillan-Brock,grocery,32.4,14,2.11,0,0,2,0
Michelle Thomas,4246610807615606,Merchant: Delgado Ltd,grocery,31.74,15,5.63,0,0,0,0
Peter Campbell,4834145043603031,"Merchant: Fischer, Smith and Parker",dining,32.83,10,4.08,0,0,1,0
Dawn Daniel,4745978003776431,"Merchant: Thomas, Torres and Scott",online_shopping,13.63,22,10.41,0,0,0,0
Eric Smith,4715052928505477,Merchant: Hernandez-Jones,dining,33.84,22,32.41,0,0,2,0
David Bryant,4609710878414771,"Merchant: Gutierrez, Davis and Baldwin",online_shopping,15.89,10,3.53,0,0,1,0
Nathan Ellison,4626158112322369,Merchant: Bell-Smith,dining,22.21,9,36.68,1,0,3,0
Victoria Hobbs,4454977823012358,Merchant: Lewis-Ramirez,grocery,69.19,6,0.76,0,0,2,0
Jeffrey Ellis,4952492149514829,"Merchant: Collins, Garcia and Smith",grocery,49.18,16,31.81,0,0,0,0
Mr. Robert Cooper Jr.,4506410886430497,Merchant: Mosley-Simmons,grocery,72.99,18,8.08,0,0,1,0
Catherine Griffin,4729894220022550,Merchant: Pope-Lester,grocery,39.78,7,10.91,1,0,0,0
Jessica Calhoun,4946279444468515,Merchant: Camacho-Ashley,grocery,14.91,11,60.74,0,0,1,0
Lisa Lawrence,4549596667433434,Merchant: Acevedo Inc,grocery,20.65,12,2.32,0,0,2,0
Julia Ruiz,4897609812977524,"Merchant: Wade, Hunt and Mason",grocery,78.64,11,19.91,0,0,0,0
Gary Scott,4752666858592652,"Merchant: Stewart, Morrow and Miller",grocery,38.83,11,1.21,1,0,0,0
Edward Jones,4218172160276645,Merchant: Mcdaniel Ltd,dining,48.57,15,10.49,0,0,2,0
Brian Bishop,4005852683895073,Merchant: Travis Group,dining,24.55,10,18.1,0,0,1,0
Miranda Perkins DDS,4109983795337871,"Merchant: Campos, Mclaughlin and Jones",electronics,32.46,9,0.23,0,0,1,0
Zachary Stark,4624794588308425,Merchant: Fry PLC,grocery,34.3,19,6.3,1,0,2,0
Tonya Graham,4174190993637611,Merchant: Vasquez-Mccullough,online_shopping,23.82,19,1.62,0,0,1,0
Faith Ritter,4338198007785154,Merchant: Baldwin-Gutierrez,grocery,12.78,12,20.43,1,0,2,0
Lauren King DVM,4008777092049607,"Merchant: Gillespie, Kelly and Johnston",dining,12.15,18,1.52,0,0,0,0
Alyssa Hernandez,4440112828285422,"Merchant: Fletcher, Peterson and Kelly",grocery,19.29,11,18.61,0,0,5,0
William Mitchell,4328356756945211,"Merchant: Holland, Murphy and Murray",online_shopping,106.63,14,3.42,0,0,1,0
Larry Henderson,4805427704596752,"Merchant: Perez, Wood and Luna",grocery,22.34,17,26.35,0,0,0,0
Hannah Wilson,4600459527105005,Merchant: Petersen-Scott,gas_station,11.18,14,8.09,1,0,3,0
Veronica Ortiz,4659492677626967,Merchant: Garcia and Sons,grocery,3.14,12,20.96,0,0,0,0
Brandy Anderson,4699766834555793,"Merchant: Clarke, Jones and Jimenez",dining,33.47,14,2.43,0,0,0,0
Shawna Brown,4585203559248906,Merchant: Hall LLC,gas_station,27.2,8,16.07,1,0,1,0
Julie Sandoval,4400744000672866,Merchant: Martinez-Adams,grocery,22.74,12,7.19,0,0,0,0
David Johnson,4479095649319047,Merchant: Mathis-Smith,dining,18.68,8,4.28,0,0,0,0
David Gray,4940550010343936,Merchant: Rodriguez Ltd,grocery,65.68,10,18.08,1,0,0,0
Carlos Reid,4415981041344740,Merchant: Taylor-Gill,grocery,21.87,10,10.67,0,0,0,0
David Lewis,4833298877654272,"Merchant: Meyer, Bates and Cox",electronics,17.61,19,1.11,1,0,2,0
Michael Stokes,4513342385311418,"Merchant: Melendez, Ortega and Chung",electronics,22.94,13,11.29,0,0,0,0
Michelle Kerr,4063828181936352,Merchant: Walter-Willis,travel,69.17,14,9.32,1,0,3,0
Jason Wong,4126681678044635,Merchant: Good-Beltran,grocery,61.62,15,6.59,0,0,0,0
Jesus Sawyer,4071410149748912,Merchant: Kelley-Jones,dining,106.55,3,153.81,1,0,5,1
Scott Marsh,4976053539090861,Merchant: Walker-George,dining,206.16,1,3.97,0,0,0,0
Mario Clark,4669334988436884,Merchant: Cruz-Berry,online_shopping,51.78,15,0.21,1,0,0,0
Katherine Boone,4563697649399965,"Merchant: Young, Brown and Mills",grocery,14.21,9,22.39,1,0,0,0
Katherine Chang,4882143910389009,Merchant: Vargas PLC,grocery,23.68,14,0.52,0,0,0,0
James Jones,4447203749742220,"Merchant: Patterson, Lutz and Simmons",electronics,19.01,13,7.45,0,0,1,0
Elizabeth Dean,4892990582842832,Merchant: Rice-Duke,online_shopping,25.07,6,12.69,0,0,1,0
Kayla Bennett,4334662387291053,Merchant: Benton-Hoover,dining,36.84,9,0.42,1,0,2,0
Gabriel Whitaker,4038277631337492,Merchant: Berg Group,gas_station,11.54,17,8.01,0,0,1,0
Timothy Martin,4698697200605170,Merchant: Everett-Wood,grocery,34.42,14,12.74,0,0,2,0
Melanie Thompson,4780429235144341,Merchant: Welch Group,online_shopping,48.54,14,12.37,0,1,0,0
Todd Melendez,4827076048362308,"Merchant: Mitchell, Smith and Rich",online_shopping,29.55,20,1.12,0,0,2,0
Kimberly Reynolds,4397854326902452,Merchant: Mueller Inc,dining,68.44,6,8.47,0,0,2,0
Timothy Flowers,4150335547818823,Merchant: Jones-Griffin,online_shopping,21.94,15,3.62,0,0,0,0
Jeanette Nielsen,4625402548834865,"Merchant: Todd, Morgan and Martinez",grocery,41.3,14,5.04,1,0,2,0
Paige Thompson,4278075599971636,Merchant: Becker Group,online_shopping,43.81,14,6.68,1,0,2,0
Brooke Schwartz,4821503150995241,Merchant: Hardy-Martinez,grocery,29.28,7,2.41,0,0,1,0
Donna Stephenson,4522667696609582,Merchant: Floyd Ltd,electronics,24.93,9,42.35,1,0,0,0
Andrew Miller,4502687076201259,Merchant: Johnson Group,electronics,21.35,15,8.72,0,0,1,0
Michael Olsen,4810712826113641,"Merchant: Foster, Anderson and George",grocery,37.24,12,3.73,0,0,2,0
Sharon Stevens,4121976091595311,Merchant: Roberts LLC,travel,39.59,19,2.47,0,0,1,0
Nicole Jackson,4775779453180311,Merchant: Jones-Gonzalez,grocery,64.89,8,8.96,0,0,2,0
Tabitha Clark,4120295395280640,"Merchant: Morgan, Jones and Yang",online_shopping,74.4,17,36.21,0,1,2,0
James Kim,4885645946730102,"Merchant: Robbins, Ware and Garcia",electronics,66.96,6,23.72,0,0,0,0
Richard Noble,4611785296643694,Merchant: Nelson-Smith,dining,69.17,13,15.5,0,0,0,0
Kimberly Taylor,4188863602980622,Merchant: May-Dominguez,grocery,41.91,12,13.31,0,0,0,0
Michaela Strickland,4721192895277478,"Merchant: Wilson, Young and Stuart",grocery,62.93,13,30.96,0,0,0,0
Charles Ford,4849643113501179,Merchant: Green and Sons,dining,110.83,15,9.97,0,0,1,0
Allen Sanchez,4733739127478955,"Merchant: Harrison, Carter and Thompson",travel,35.03,11,1.83,0,0,1,0
Xavier Webb,4931320362523787,"Merchant: Smith, Parker and Ramos",online_shopping,35.05,14,4.62,0,0,2,0
Sandra Kim,4102397299918804,Merchant: Rasmussen-Livingston,grocery,32.2,9,15.33,0,0,2,0
Patrick Russell,4958913177503834,Merchant: Guerrero-Daniels,grocery,139.97,13,10.57,0,0,1,0
Crystal Walker,4646704183490068,Merchant: Marshall-Moore,grocery,41.68,19,11.31,0,0,3,0
Hannah Berg,4696626720642605,"Merchant: Boyd, Ortega and Greene",dining,31.98,16,2.12,1,0,3,0
Tina Padilla,4239414791132671,Merchant: Calderon-Nguyen,grocery,18.94,7,2.26,0,0,2,0
Mr. Jeffery Lee,4008782744738318,"Merchant: Fuentes, Wolfe and Stanley",electronics,20.01,1,4.57,0,0,2,0
Shannon York,4901601058187300,"Merchant: Olsen, Hess and Perry",gas_station,24.08,12,11.26,0,0,2,0
Matthew Wang,4272130452214511,"Merchant: Mejia, Wells and Johnson",travel,24.35,15,3.15,1,0,1,0
Gary Morgan,4301279996515324,Merchant: Hill Ltd,online_shopping,27.81,18,0.99,0,0,1,0
Kevin Robinson,4470015898162970,Merchant: Francis-Morris,dining,20.48,21,9.03,0,0,0,0
Patty Walker,4467982219449763,Merchant: Martin Group,dining,25.83,10,15.67,0,0,1,0
Samantha Jackson,4228010215925360,Merchant: Smith Inc,dining,32.3,13,7.05,0,0,0,0
Tim West,4720673717783513,"Merchant: Lynch, Brown and Davis",grocery,85.87,8,28.69,0,1,2,0
Emily Martin,4889583711284672,Merchant: Morris Inc,dining,11.25,8,1.56,0,0,0,0
Phillip Maddox,4185256712965240,"Merchant: Maxwell, Ramos and Reynolds",grocery,24.09,10,6.96,1,0,1,0
George Odonnell,4059077957535115,"Merchant: Walker, Duncan and Robinson",online_shopping,11.72,12,4.56,1,0,0,0
Molly Graves,4655603035769240,Merchant: Thomas-Cruz,dining,50.98,8,18.72,0,0,1,0
Kent Cole,4742578210168340,Merchant: Chavez PLC,grocery,62.98,12,5.91,1,1,1,0
Judith Johnson,4813987964401787,Merchant: Fleming-Bell,dining,25.82,13,4.21,0,0,1,0
Jason Maddox,4781129721762080,"Merchant: Garcia, Davis and Ramirez",travel,52.33,17,10.83,0,0,0,0
Tiffany Ward,4566496328959828,Merchant: Shaw Group,grocery,61.35,7,62.72,1,0,1,0
Marcia Lin,4809955886144922,Merchant: Olson Group,travel,56.81,8,10.62,0,0,2,0
Matthew Hall,4521554619379314,Merchant: Zimmerman-Hunt,grocery,21.28,10,22.79,0,0,1,0
Richard Russo,4060094614423657,Merchant: Campbell-Wong,online_shopping,31.5,19,4.07,0,0,0,0
Adam Maynard,4877724356427556,Merchant: Bryant LLC,gas_station,25.13,11,12.0,0,0,2,0
Michael Hurst,4751685396827496,Merchant: Newman and Sons,grocery,8.85,9,0.82,0,0,1,0
Jessica Reese,4055125092776864,"Merchant: Olson, Daniels and Sanders",travel,24.63,19,1.43,0,1,3,0
Michael Hanson,4000296240873642,Merchant: Smith-Allen,gas_station,96.62,9,20.85,0,0,1,0
Michael Campbell,4118631420425988,Merchant: Reynolds-Ferguson,grocery,63.95,20,24.33,0,0,1,0
Heather Marshall,4970081018319929,Merchant: Barrett-Hudson,electronics,7.39,18,32.14,1,0,2,0
Alyssa Hopkins,4078366796622292,"Merchant: Simmons, Williams and Williamson",gas_station,42.27,6,12.88,1,0,0,0
Christopher Byrd,4971502932657374,Merchant: Steele LLC,online_shopping,20.85,0,24.05,1,0,0,0
Erik Pittman,4691206694401745,Merchant: Parker-Johnson,grocery,12.99,16,22.83,0,0,2,0
Diana Moore,4982401243896028,"Merchant: Cross, Young and Jones",dining,152.52,16,18.82,0,0,2,0
John Johnson,4298809347583947,Merchant: Knight-Blackburn,travel,158.39,16,66.33,1,0,7,1
Erica Brown,4155642228563080,Merchant: Miller Inc,electronics,94.62,18,6.91,0,0,2,0
Nathan Perez,4865188877509827,"Merchant: Johns, Wilson and Mason",grocery,41.74,3,20.43,0,0,0,0
Laura Johnson,4264442770282280,Merchant: Day and Sons,grocery,30.27,0,5.66,0,0,2,0
Nathan Wagner,4459610092367279,Merchant: Cooper PLC,electronics,89.65,5,27.98,1,0,2,0
Peter Thomas,4812108644425457,"Merchant: Jackson, Hunt and Hunt",grocery,23.24,20,15.86,0,0,2,0
Henry Dunn,4436313959001234,"Merchant: Briggs, Cooper and Johnson",grocery,6.64,18,18.49,0,0,1,0
Steven Kelley,4019962651287932,Merchant: Edwards and Sons,online_shopping,8.69,10,14.52,0,1,0,0
Mrs. Megan Potts MD,4643498195966594,Merchant: Martinez Inc,gas_station,24.37,10,7.76,0,0,1,0
Jim Monroe,4009313909512527,"Merchant: Nelson, Goodwin and Villegas",travel,19.0,11,17.66,1,0,0,0
Jamie Smith,4202122907085617,Merchant: Medina LLC,grocery,44.94,18,6.96,1,0,1,0
Joanna Martin,4531723957016444,"Merchant: Keller, Webb and Webb",online_shopping,34.52,8,3.32,0,0,2,0
Andrea Flores,4725288286025355,"Merchant: Garrett, Dixon and Thomas",grocery,124.57,12,9.32,1,0,0,0
Lee Keller,4781460308394785,Merchant: Downs-Smith,grocery,25.68,12,5.46,1,0,3,0
Michael Perkins,4737741076310086,Merchant: Burke Inc,grocery,25.59,15,4.16,0,0,2,0
Heather Simpson,4417686919845946,Merchant: Phillips-Williams,grocery,61.76,11,8.92,0,0,0,0
Lisa Wood,4975297715017278,Merchant: Conley-Walker,grocery,30.8,14,10.72,1,0,1,0
Steven Nguyen,4730063893951498,"Merchant: Hicks, Owen and Mendez",grocery,41.91,13,25.67,0,0,0,0
Melissa Hughes,4998753723163671,Merchant: Martinez-Hansen,grocery,16.32,15,29.76,0,0,0,0
Lynn Ramos,4460045427771902,"Merchant: Sullivan, Baker and Nixon",grocery,13.67,13,8.47,0,0,1,0
Jacob Wu,4072294443877307,Merchant: Harris-Parker,electronics,209.71,23,24.78,1,0,2,1
Stephanie Hansen,4582066945673977,Merchant: Wells-Booth,online_shopping,17.53,15,8.27,1,0,0,0
Teresa Norris,4161203648762471,Merchant: Bennett Group,travel,155.14,7,3.01,0,0,1,0
Samuel Prince,4627045816342802,Merchant: Owens-Shaw,dining,24.07,13,19.73,0,0,1,0
Timothy Dunlap,4345442602107120,Merchant: Brewer-Thomas,grocery,28.65,14,3.62,0,0,2,0
Patricia Brewer,4014540674527065,"Merchant: Kelly, Young and Gutierrez",electronics,16.18,7,4.32,0,0,1,0
Patricia Jones,4571274417166487,"Merchant: Valencia, Hardy and York",grocery,21.37,7,50.89,0,0,0,0
Anne Jones,4695550952512131,Merchant: Wiley-Gonzales,dining,87.46,12,8.36,0,0,0,0
Cathy Evans,4189743411325004,"Merchant: Rodriguez, Martinez and Fry",grocery,25.19,15,0.43,0,0,1,0
Katherine Page,4931597207943136,Merchant: Booth Inc,electronics,6.76,16,4.67,1,0,0,0
Anthony Harris,4728807642522099,Merchant: Black-James,grocery,50.64,8,10.78,1,0,3,0
Mary Wells,4975333750564757,Merchant: King-Abbott,grocery,31.35,14,2.02,0,0,2,0
Marcus Baker,4737068115733213,"Merchant: Reyes, Mckinney and Rangel",online_shopping,42.36,12,9.69,0,0,0,0
Jose Hampton,4695831286874144,Merchant: Olsen-Gomez,dining,14.28,15,3.37,0,0,2,0
Trevor Lopez,4957255715920935,"Merchant: Bright, Collins and Bishop",gas_station,10.91,13,17.19,1,0,1,0
Melinda Allen,4324162137638812,"Merchant: Crosby, Williams and Hughes",grocery,34.51,14,3.51,1,0,0,0
Anna Jackson,4113582713689159,Merchant: Baker-Morales,online_shopping,14.62,21,3.15,0,0,1,0
Sherry Mitchell PhD,4199621377085267,"Merchant: Hall, Sanchez and Chen",gas_station,96.44,14,14.33,0,0,0,0
Curtis Mejia,4495839863711045,"Merchant: Fitzpatrick, Bond and Vasquez",online_shopping,22.94,9,5.1,0,0,1,0
Mathew Bauer,4514836786700177,Merchant: Soto Inc,travel,29.39,14,16.64,1,0,3,0
David Thompson,4619132415049069,Merchant: King Group,grocery,77.41,14,13.24,1,0,1,0
Samantha Santana,4395716201970015,Merchant: Moreno Inc,grocery,24.25,11,11.72,0,0,0,0
Ronald Martin,4056857379338724,Merchant: Dillon Ltd,travel,428.95,10,50.58,1,0,1,1
Evan Carroll,4291020182346773,"Merchant: Davis, Little and Perry",gas_station,45.86,15,16.48,0,0,3,0
Diane Roth,4969577885821510,"Merchant: Roth, Pace and Morales",gas_station,11.78,12,12.97,0,0,0,0
Dawn Taylor,4364589948595065,"Merchant: Gross, Johnson and Austin",dining,15.76,9,1.93,1,0,3,0
Cynthia Moore,4208000036399113,Merchant: King and Sons,grocery,95.86,16,6.91,0,0,2,0
Adam Spencer,4568912898191509,"Merchant: Austin, Rivera and Rowland",dining,24.8,8,3.09,0,0,2,0
Tina Harrington,4330257777433607,"Merchant: Lang, Knight and Watson",dining,31.14,15,0.5,0,0,2,0
Eric Richmond,4117152588043472,Merchant: Watkins and Sons,gas_station,82.32,11,7.17,0,0,0,0
Deborah Shaw,4812811336519913,Merchant: Johnson PLC,dining,21.97,13,3.55,0,0,1,0
Barry Lewis,4129877019531713,Merchant: Ramirez-Farmer,online_shopping,16.14,9,22.79,1,0,3,0
Loretta Holt,4248307915085750,"Merchant: Wilson, Kline and Smith",travel,6.52,0,13.42,0,0,2,0
Jessica Perry,4009559274926847,"Merchant: Sexton, Hill and Johnson",gas_station,15.88,7,13.39,0,0,0,0
David Weiss,4787466666770155,Merchant: Cummings-Hart,grocery,24.49,8,28.64,0,0,0,0
Bruce Johnson,4079531782800298,Merchant: Howard PLC,online_shopping,48.28,21,1.02,1,0,1,0
Brandon Dominguez,4554074052723530,Merchant: Anderson Inc,electronics,13.7,17,0.3,1,0,0,0
Bradley Walker,4939185341211396,Merchant: Schwartz Group,electronics,17.46,11,5.09,1,0,0,0
Kevin Torres,4164193829530614,Merchant: Jefferson-Romero,grocery,235.13,12,8.81,0,0,1,0
Luke Sampson,4760146508849554,"Merchant: Ali, Johnson and Torres",online_shopping,45.9,1,0.5,0,0,2,0
Joshua Rice,4702684925503454,Merchant: Johnson PLC,online_shopping,30.37,15,83.93,0,0,1,0
James Jenkins,4850902793118977,"Merchant: Taylor, Brown and Russell",dining,4.61,6,6.81,0,0,1,0
Brooke Wilson,4977498463975943,Merchant: Huynh-Anderson,online_shopping,63.91,15,3.09,1,0,0,0
Megan Melton,4140888903249671,Merchant: Edwards-Watkins,dining,7.01,22,6.91,1,0,2,0
Christian Lambert,4835766800785742,Merchant: Wallace-May,online_shopping,126.21,10,13.69,0,0,1,0
James Hoffman,4450698910545522,Merchant: Spencer PLC,grocery,23.04,16,12.52,1,1,2,0
Christine Ramos,4920557058121136,Merchant: Pope-Woods,grocery,66.96,12,4.0,0,0,1,0
Philip Ibarra,4479413731450119,"Merchant: Malone, Ibarra and Miller",online_shopping,44.47,23,3.61,1,0,2,0
Katherine Frey,4221260147184464,Merchant: Gomez PLC,dining,23.63,11,9.31,1,0,2,0
Michelle Dominguez,4186195594099596,Merchant: Thompson-Johnson,online_shopping,22.89,14,5.98,0,0,3,0
John Smith,4607382634016985,Merchant: Smith-Morrow,grocery,68.74,7,22.48,1,0,1,0
Melissa Winters,4657836688216303,Merchant: Collins and Sons,grocery,28.29,12,1.89,1,0,1,0
Brian Hunter,4421555488679891,Merchant: Cooper PLC,grocery,15.33,21,4.54,0,0,1,0
Donna Morris,4165275432737386,Merchant: Gregory-Armstrong,online_shopping,55.25,15,15.56,0,0,3,0
Ashley Bowen,4871029722913156,"Merchant: Miller, Griffin and Gallegos",gas_station,12.95,18,27.53,1,0,1,0
Allison Clay,4099439692123932,"Merchant: King, Novak and Chambers",grocery,39.32,10,0.85,0,0,0,0
Troy Baker,4351843916380827,"Merchant: Garrison, Myers and Sims",electronics,197.99,4,173.39,1,0,5,1
Alexis Snyder,4112323009814164,"Merchant: Gilbert, Smith and Hart",travel,17.85,6,0.2,1,0,1,0
Joseph Carrillo,4818455672896735,Merchant: Harper Ltd,online_shopping,12.91,7,64.08,0,0,0,0
Ronald Crawford,4876922798067623,Merchant: Torres Group,gas_station,33.29,11,13.32,1,0,1,0
Michael Howard,4112292192694552,Merchant: Finley and Sons,online_shopping,23.76,10,8.17,1,0,3,0
Judy Perez,4568800175768091,Merchant: Richardson PLC,grocery,37.16,8,9.33,0,0,1,0
Nicole Clark,4275752790329193,"Merchant: Gutierrez, Reed and Wilkinson",grocery,26.78,6,2.22,1,0,0,0
Russell Bates,4698070138560158,Merchant: Edwards-Bauer,travel,20.69,13,8.88,1,0,1,0
Kathy Jones,4976429095902303,Merchant: Nichols-Li,dining,11.09,5,0.43,1,0,1,0
Sarah Garner,4731657543354703,"Merchant: Wood, Black and Stephens",grocery,21.58,13,18.89,1,0,2,0
Emily Oneal,4347508838624969,"Merchant: Bennett, Fox and Harrison",grocery,7.06,13,2.16,0,0,1,0
Vanessa Maddox,4213079528185134,"Merchant: Abbott, Mack and Wright",gas_station,17.04,16,5.94,0,0,0,0
Olivia Berry,4958687705659934,Merchant: Lopez-Waters,dining,19.84,21,12.9,1,0,0,0
Raymond Brown,4954704396922994,Merchant: Martin LLC,electronics,26.82,6,4.54,0,0,2,0
Joel Smith,4269322803051339,Merchant: Parker PLC,dining,13.04,11,12.6,1,0,3,0
Diana Sloan,4531754416547117,Merchant: Miranda-Hobbs,travel,24.3,7,21.33,0,0,2,0
Tracy Sanders,4402315654477270,"Merchant: Bryant, Snyder and Bray",gas_station,8.07,14,20.64,0,0,1,0
Shannon Taylor,4805522906037496,Merchant: Velasquez Group,electronics,24.38,19,1.27,0,0,3,0
Colleen Murray,4829693037636043,"Merchant: Mccormick, Johnson and Newman",travel,48.42,17,2.63,0,0,1,0
Brian Maldonado,4682140036401603,Merchant: Banks-Barrera,gas_station,51.03,6,41.39,1,0,1,0
Alexa Johnson,4742193222114173,"Merchant: Gray, Howard and Gonzalez",gas_station,15.14,6,7.56,0,0,2,0
Thomas Hill Jr.,4462341877516279,Merchant: Johnson LLC,grocery,33.18,9,19.75,1,0,0,0
David Robinson,4735454409728048,Merchant: Alexander Inc,gas_station,25.49,16,36.36,0,0,0,0
Andre Goodwin,4153710076475889,"Merchant: Morales, Salazar and Wolfe",grocery,15.84,14,3.9,1,0,1,0
Joseph Henry,4435175441619043,Merchant: Morrison Group,grocery,35.54,17,1.72,1,0,1,0
Michael Steele,4642090000122470,Merchant: Rivera-Johnson,grocery,39.65,14,5.93,0,0,0,0
Lisa Curtis,4433718319068082,Merchant: Obrien Group,online_shopping,10.09,18,1.38,1,0,1,0
George Oconnor,4557313785624368,Merchant: Scott and Sons,grocery,12.45,8,8.82,0,0,3,0
Katherine Thomas,4047814234591304,"Merchant: Dennis, Erickson and Hill",grocery,24.19,11,16.67,1,0,2,0
Erika Weaver,4562909369182914,"Merchant: Sanchez, Guerrero and Wright",dining,46.86,9,4.2,0,0,1,0
Melissa Pierce,4469797582645344,Merchant: Cantrell Group,electronics,17.48,16,7.33,0,0,3,0
Donald Stewart,4736935552125098,"Merchant: Johnson, Meyer and James",dining,20.1,9,11.18,0,0,3,0
Christine Hammond,4885937325969843,Merchant: Mclean LLC,online_shopping,14.02,11,5.52,0,0,0,0
Tina Harrington,4331904899174192,Merchant: Gutierrez Ltd,electronics,40.63,7,4.14,0,0,0,0
Tamara Stone,4802616268488488,Merchant: Green-Douglas,dining,16.56,18,8.6,0,0,0,0
Paul Patterson,4549958753140978,"Merchant: Ward, Taylor and Torres",grocery,17.82,7,11.58,1,0,1,0
Susan Kelley,4663096825611005,Merchant: Hammond PLC,online_shopping,20.54,17,3.14,0,0,1,0
James Hart DDS,4262460199769283,"Merchant: Johnson, Middleton and Rogers",grocery,53.12,18,8.1,1,0,2,0
David Smith,4295495635003732,Merchant: Burgess-Edwards,grocery,77.05,15,32.67,1,0,2,0
David Scott,4852155608322981,Merchant: Rodriguez-Watson,online_shopping,10.24,20,15.13,0,0,0,0
Eric Fisher,4846614470705300,"Merchant: Curry, Chapman and Thomas",dining,38.73,15,28.52,0,0,0,0
Kelly Rojas,4865247904552570,Merchant: Gaines LLC,grocery,29.88,9,10.11,0,0,0,0
Deborah Long,4407949554012566,"Merchant: Thomas, Lutz and Navarro",dining,82.88,10,14.46,1,0,0,0
Brandon Johnson II,4103987787903091,Merchant: Buck PLC,dining,23.0,8,17.96,0,0,1,0
Gregory Jackson,4107930518627734,Merchant: Chan and Sons,grocery,38.43,14,4.28,0,0,0,0
James Martinez,4069853310154671,"Merchant: Miller, Richardson and Thomas",grocery,42.14,12,3.5,0,0,1,0
Eric Hunt,4331090377822732,"Merchant: Rowland, Clark and Foster",grocery,11.06,13,9.14,1,0,0,0
Ricardo King,4813664368025930,"Merchant: Jackson, Lucero and Evans",grocery,32.49,8,31.6,0,0,3,0
Jeffrey Stephens,4349920199503096,"Merchant: Ortega, Baxter and Atkins",online_shopping,21.02,3,27.89,1,0,1,0
Michelle Warner,4803075829461816,"Merchant: Bruce, Chan and Robinson",grocery,36.88,10,6.87,0,0,2,0
Angel Ryan,4371468763422492,Merchant: Potts-Garcia,gas_station,10.91,11,29.55,0,0,0,0
Eric Lowery,4119295109377271,"Merchant: Evans, Morris and Pineda",grocery,27.03,15,17.08,0,0,0,0
Sherry Jones,4324857844323794,Merchant: Reilly-Lindsey,online_shopping,106.17,12,32.28,0,0,0,0
Carol Goodman,4402181449178817,Merchant: Williams PLC,gas_station,6.39,7,11.7,0,0,1,0
Gary Morgan,4113921101847963,"Merchant: Jensen, Thompson and Day",dining,77.45,9,0.54,0,0,2,0
Jamie Bell,4693514919395537,"Merchant: Cooper, Smith and Wells",gas_station,33.45,16,10.34,0,0,1,0
Patrick Mason,4896112048907994,Merchant: Allen-Lester,online_shopping,30.23,8,33.34,0,0,0,0
Jonathon Scott,4709706323266740,Merchant: Jackson Inc,online_shopping,12.11,12,2.99,0,0,0,0
Peggy Singleton,4073842703339175,Merchant: Thomas-Ortega,travel,16.59,8,14.0,1,0,0,0
Jesse Hinton,4532958644229518,"Merchant: Hernandez, Gross and Walsh",grocery,14.31,14,4.56,0,0,0,0
Christina Wiley,4708153760482962,Merchant: Castro-Clayton,online_shopping,26.56,21,37.67,0,0,0,0
Lynn Edwards,4284713331632502,Merchant: Blankenship PLC,electronics,10.39,17,5.05,0,0,2,0
Sarah Gomez MD,4099306738097455,Merchant: Chavez-West,gas_station,61.31,13,8.1,0,0,2,0
Adam Riddle,4231456397088185,Merchant: Murray Group,dining,88.94,13,34.56,0,0,2,0
Anna Moses,4216993729819449,Merchant: Garcia-Francis,dining,38.06,14,23.9,0,0,0,0
Brenda Crawford,4059950435320872,Merchant: Phillips-Morgan,dining,16.37,7,52.3,0,0,2,0
Daniel Mills,4206317922612470,Merchant: Young-Williams,grocery,28.69,19,0.26,0,0,0,0
Kaitlyn Adams,4772357055471439,Merchant: Keller and Sons,gas_station,32.34,7,13.78,0,0,3,0
Brett Vincent,4597804324478706,Merchant: Espinoza Inc,online_shopping,34.49,7,6.45,0,0,0,0
Jill Brennan,4948960567462991,"Merchant: Ayers, Hampton and Bentley",online_shopping,20.31,13,3.47,0,1,1,0
Robert Hall,4833344806446883,Merchant: Farrell Group,grocery,65.98,16,4.24,1,0,0,0
Richard Brown,4866291649877222,"Merchant: Barnes, Wright and Bryan",dining,120.84,14,4.94,0,1,0,0
Sara Mccoy,4836452032318326,"Merchant: Hudson, Payne and Wilson",grocery,16.91,13,3.78,1,0,1,0
Richard Lee,4654145691742203,Merchant: Peterson PLC,grocery,34.75,12,14.72,0,0,0,0
Mike Berry,4561137913799311,Merchant: Thompson LLC,gas_station,26.81,11,7.5,0,0,0,0
Thomas Ward,4262382291475686,"Merchant: Guerrero, Bentley and Allen",electronics,7.29,9,8.84,0,0,0,0
Andrea Jenkins,4342172337347542,Merchant: Adams PLC,dining,37.71,11,12.29,0,0,0,0
Debbie Snow,4538707815753309,Merchant: Bradley LLC,grocery,8.25,10,10.92,0,0,1,0
Alicia Hill,4155967442832023,Merchant: Harrison Inc,dining,7.82,7,4.45,0,0,0,0
Darlene Nelson,4742115385310744,"Merchant: Sweeney, Campbell and Garcia",grocery,36.65,5,4.2,0,0,1,0
Tonya Hess,4744341395472187,Merchant: Lawrence-Hanson,dining,73.55,5,13.2,0,0,1,0
Michael Thompson,4873958234954936,Merchant: Jacobson-Rosales,dining,20.54,14,7.08,1,0,1,0
Mr. Micheal Ray,4681899119222886,"Merchant: Hamilton, Wilson and Robinson",grocery,15.69,11,64.75,1,0,0,0
Becky Shepherd,4212643572840521,Merchant: King Inc,gas_station,79.42,15,2.97,0,0,2,0
Heather Mitchell,4099699577676342,Merchant: Bowman LLC,travel,67.01,4,2.07,0,0,0,0
Jessica Murphy,4908655276185283,"Merchant: Daniel, Brown and Lee",dining,29.75,7,4.51,1,0,0,0
Bradley Harmon,4700014611851953,"Merchant: Hardy, James and Porter",dining,49.02,5,16.49,1,0,4,0
Sarah Wolfe,4647435227623716,"Merchant: Holt, Jarvis and Martinez",grocery,48.67,8,4.99,0,0,2,0
Jeffrey Wells,4035938406619918,Merchant: Rodriguez-Rice,travel,156.93,17,8.43,0,0,2,0
Adam Smith,4093391702609580,"Merchant: Curry, Phillips and Fuentes",dining,31.05,9,7.14,0,0,1,0
Timothy Small,4478222513500780,Merchant: Day-Gutierrez,grocery,15.76,9,28.74,0,0,1,0
Michelle Jones,4335482517739874,Merchant: Weiss Inc,online_shopping,43.8,8,6.95,0,1,0,0
Christine Torres DDS,4363665574887124,Merchant: Calderon-Lang,grocery,5.1,16,4.33,1,0,0,0
Melissa Flores,4746139761081543,Merchant: Roberson Ltd,electronics,58.95,6,12.68,0,0,1,0
Erik Wilson,4569241983835955,Merchant: Stafford Inc,grocery,37.57,10,18.71,0,0,0,0
Daniel Perez,4940392303621490,Merchant: Murphy-Duke,dining,22.15,14,15.95,1,0,1,0
Donald Oconnor,4976727285000626,Merchant: Rodgers LLC,online_shopping,28.78,9,6.63,0,0,1,0
Michelle Mcdaniel,4270124585725545,"Merchant: Mitchell, Poole and Blackwell",dining,18.2,12,10.63,1,0,2,0
Amber Davis,4883820391643454,"Merchant: Boyd, Nash and Cooper",grocery,24.75,11,3.65,1,0,0,0
Justin Bautista,4029048724467772,"Merchant: Wells, Johnson and Harris",electronics,49.17,18,1.43,0,0,0,0
Michael Campbell,4598689809473762,"Merchant: Gallagher, Juarez and Crawford",dining,37.98,20,16.74,1,0,2,0
Joan Crane,4277052973623944,Merchant: Pope Group,online_shopping,44.72,9,9.97,0,0,0,0
Cynthia Gates,4368386423015933,Merchant: Carter and Sons,gas_station,70.88,6,8.45,1,0,1,0
Paula Case,4521758510207033,"Merchant: Harris, Mccarty and Herrera",online_shopping,17.45,10,30.56,0,0,3,0
Douglas Hale,4673755879894985,"Merchant: Burgess, Navarro and Sanchez",grocery,13.46,8,0.76,0,0,0,0
Carrie Thornton,4679888949780076,Merchant: Little PLC,grocery,22.32,17,21.04,0,0,4,0
Stacy Sanchez,4430079572116305,Merchant: Barnes-Perry,grocery,69.53,17,17.35,0,0,1,0
Patricia Cobb,4732420043356473,Merchant: Phillips Ltd,grocery,20.31,10,3.43,1,0,1,0
Stephanie Harris,4713546312217989,Merchant: Downs-Adkins,gas_station,25.35,22,0.27,1,0,3,0
Christopher Nichols,4627243153815049,Merchant: Valdez-Patterson,online_shopping,23.47,18,28.83,1,0,1,0
Ian Sullivan,4548447635095270,Merchant: Baker-Barr,dining,74.28,14,46.65,0,0,0,0
Wyatt Martinez II,4510388034746598,Merchant: Harris Ltd,travel,13.67,19,10.46,1,0,1,0
Jennifer Nguyen,4172828875958959,Merchant: Hays-Golden,online_shopping,42.42,13,59.3,0,1,1,0
Jesus Dawson,4123894368260485,Merchant: Webb-Owens,dining,27.67,12,24.42,0,0,0,0
Bradley Holmes,4624707286660418,Merchant: Ewing Group,gas_station,14.97,9,13.96,0,0,2,0
Nicholas Rollins,4275227711392844,Merchant: Harvey Ltd,travel,141.62,22,2.38,1,0,1,0
Sharon Choi,4978744612689151,Merchant: Lyons-Cohen,grocery,10.52,21,3.02,0,0,3,0
Megan Boyd,4883305090369205,"Merchant: Scott, Reed and Wilson",travel,19.13,7,1.63,0,0,0,0
Angel Griffith,4899136038816177,"Merchant: Quinn, White and Rios",dining,30.44,17,3.03,0,0,0,0
Nicholas Martinez,4794220045740442,Merchant: Roberson PLC,online_shopping,10.02,19,30.25,1,0,0,0
Barbara Turner MD,4024607461303758,Merchant: Valentine-Kent,electronics,8.19,16,7.27,1,0,2,0
Micheal Miller,4529140443774912,Merchant: Brown Group,grocery,11.69,12,32.62,0,0,0,0
Kevin Wagner,4947348930880944,Merchant: Mercer-Cooper,electronics,198.11,7,1.91,0,0,2,0
Kenneth Cox,4083410492962686,"Merchant: Ponce, Watson and Rosales",online_shopping,25.4,14,0.37,0,0,2,0
Nicholas Turner,4119185677514068,"Merchant: Elliott, Decker and Hernandez",travel,519.48,3,5.0,1,0,4,1
Christy Dennis,4325679896184190,Merchant: Booth-Erickson,travel,9.41,5,11.75,0,0,2,0
Kelli Payne,4258811272576787,Merchant: Bowen-Fischer,online_shopping,13.34,9,2.49,0,0,0,0
Gabrielle Page,4997628944123590,Merchant: Hayes-White,gas_station,70.92,23,5.96,1,0,0,0
Zachary Caldwell,4678756388239212,Merchant: Turner PLC,grocery,23.42,19,42.05,1,0,0,0
Kristin Roberson,4646842976006509,Merchant: Rogers and Sons,grocery,26.86,13,21.1,0,0,1,0
Judy Brown,4782913193009131,Merchant: Fisher-Carter,grocery,19.99,10,12.12,1,0,1,0
Stacy Chen,4971736316540984,"Merchant: Ayers, Bennett and Goodwin",online_shopping,39.13,8,19.04,0,0,2,0
Christopher Velazquez,4231823571510690,Merchant: Harmon-Bender,dining,13.61,8,24.58,0,0,0,0
Paul Acosta,4423499892352662,Merchant: Jones-Boyd,grocery,37.86,22,2.11,0,0,0,0
Amanda Novak,4625605367869735,Merchant: Escobar and Sons,grocery,20.86,10,13.47,0,0,1,0
Jennifer Armstrong,4145875184374919,Merchant: Smith Ltd,dining,20.79,13,4.24,0,0,0,0
Lisa Wade,4579039158827114,Merchant: Stone Group,dining,24.97,1,7.35,0,0,2,0
Alejandro Weaver,4315131014057470,"Merchant: Jimenez, Powell and Fernandez",grocery,25.6,13,31.39,0,0,1,0
Nathan Harris,4292409551910377,Merchant: Harvey Ltd,online_shopping,25.43,8,2.95,1,0,0,0
Sandra Lucas MD,4032308992368168,"Merchant: Parker, Martinez and Jones",online_shopping,18.24,15,4.75,1,0,0,0
Eric Chang,4986249323901986,Merchant: Robinson-Cortez,grocery,8.82,7,6.28,1,0,2,0
Brandi Rodriguez,4125640890802148,Merchant: Murray-Mclaughlin,electronics,27.18,8,2.03,1,0,1,0
Sandra Lopez,4779757396379154,Merchant: Edwards PLC,grocery,18.49,9,6.91,0,0,1,0
Kaitlyn Collier PhD,4942361925750142,Merchant: Moore-Montgomery,grocery,23.2,11,0.54,0,0,2,0
Alisha Williams,4215016757747018,"Merchant: Vasquez, Hill and Marshall",dining,69.53,20,3.47,1,0,1,0
Joseph Brown,4932664738137650,"Merchant: Oneill, Scott and Maxwell",dining,21.13,16,5.84,0,0,1,0
Nicole Butler,4910487832923379,Merchant: Arnold PLC,grocery,60.17,23,10.29,0,0,3,0
Pamela Walton,4024419486081140,Merchant: Luna Inc,travel,40.66,8,11.65,1,0,0,0
Courtney Johnson,4878902901769834,"Merchant: Lopez, Johnson and Fuentes",gas_station,91.48,12,6.17,0,0,0,0
Rebecca Mccarthy,4791270411311180,"Merchant: Benjamin, Fleming and Owens",online_shopping,53.55,12,0.83,1,0,0,0
Stacy Robertson,4613390757049149,"Merchant: Jones, Gomez and Gibson",dining,20.35,4,11.78,1,1,0,0
Devon Moore,4948668197376743,Merchant: Brown and Sons,dining,39.33,8,9.59,1,0,0,0
Jessica Sharp,4637014086807710,"Merchant: Martinez, Walker and Wood",dining,68.88,6,10.35,0,0,3,0
Sharon Peck,4859119584695979,"Merchant: Tucker, Neal and Pham",grocery,13.88,8,0.7,0,0,1,0
Jason Brown,4114236330714614,Merchant: Shah-Bailey,online_shopping,22.73,0,2.68,0,0,1,0
Dustin Boyer,4135645462986045,Merchant: Mathews-Anderson,gas_station,51.28,19,2.87,0,0,0,0
Jennifer Alexander,4291849911083186,Merchant: Evans and Sons,dining,15.5,10,7.1,0,0,1,0
James Rhodes,4391585730139259,"Merchant: Smith, Myers and Adams",online_shopping,63.28,7,11.16,0,0,1,0
Kyle Moore,4611606814742844,Merchant: Jackson LLC,dining,96.95,8,26.38,0,0,2,0
Zachary Nelson,4858368893252177,"Merchant: Stanton, Kelly and Newton",online_shopping,17.31,10,1.11,0,0,0,0
Gregory Villarreal,4969367166581128,Merchant: Martinez Inc,grocery,106.88,7,8.16,1,0,2,0
Cheryl Cook,4932250191770557,Merchant: Smith Inc,dining,13.71,11,6.31,1,0,1,0
Chase Lopez,4129232026366176,Merchant: Mora-Thomas,travel,36.43,9,2.09,0,0,0,0
Jennifer Frey,4359305602367973,Merchant: Harvey-Lindsey,online_shopping,94.37,13,2.28,0,0,1,0
Daniel Bruce,4997823332749417,"Merchant: Dawson, Sanchez and Peters",grocery,69.7,18,7.97,0,0,1,0
Tristan Scott,4966477198582995,Merchant: Hubbard-Strickland,dining,27.99,8,19.54,0,0,1,0
Timothy Farley,4796264455604449,Merchant: Jones-Chan,grocery,28.9,11,7.21,1,1,1,0
Adam Lozano,4342056795528109,Merchant: Brewer LLC,gas_station,47.04,10,9.55,0,0,2,0
Yvonne Murray,4144322820437249,"Merchant: Murphy, Chen and Glass",online_shopping,8.03,7,11.73,0,0,1,0
Deanna Hodges,4498747213724765,Merchant: Bailey-Jones,grocery,17.15,8,1.16,0,0,2,0
Crystal Miller,4680679944231133,Merchant: Watson Inc,online_shopping,22.89,4,1.0,0,0,0,0
Bridget Hernandez,4409421505180742,Merchant: Young-Browning,dining,28.32,8,11.95,0,0,4,0
Patrick Richardson,4319166612877685,Merchant: Thomas-Barker,grocery,25.36,19,1.84,0,0,0,0
Michael Gonzalez,4119006670588562,Merchant: Choi PLC,grocery,39.91,10,0.29,0,0,2,0
Laura Lucero,4930942889330585,Merchant: Sheppard Inc,dining,36.48,7,39.02,1,0,1,0
Robert Pittman,4563886616186444,"Merchant: Wade, Glover and Howard",gas_station,15.85,15,49.89,1,0,2,0
Jennifer Glass,4829980572522153,Merchant: Parker-Brown,grocery,10.25,9,14.5,0,0,0,0
Timothy Lee,4965346458157056,"Merchant: Jones, Martinez and Johnson",grocery,67.19,6,8.26,1,0,2,0
David Haney Jr.,4262658494876931,"Merchant: Bennett, Dunn and Campbell",dining,44.34,9,12.73,0,0,3,0
Heather Ross,4709884453234877,Merchant: Rogers-Tran,grocery,25.14,9,5.93,0,1,2,0
Patricia Hall,4350466404898695,"Merchant: Patel, Elliott and Baldwin",grocery,36.79,6,12.88,0,0,3,0
Richard Bond,4385267070918570,Merchant: Flores Group,online_shopping,40.43,11,7.18,1,0,5,0
Michael Lopez,4141102541837742,Merchant: Chang-Porter,travel,21.55,16,17.63,0,0,4,0
Christine Johnson,4869751838098358,Merchant: Aguilar-King,dining,21.64,7,13.41,0,0,0,0
Michelle Summers,4774458183598529,Merchant: Rhodes-Ortega,grocery,28.35,6,32.9,0,0,0,0
Michelle Brown,4005573460831772,Merchant: Weiss-Jackson,grocery,14.37,8,34.7,0,0,2,0
Lauren Thomas,4054686800303375,Merchant: Tran-Jones,grocery,25.77,8,7.96,1,0,0,0
Timothy Johnson,4330356639741023,"Merchant: Williams, Pratt and Bell",electronics,16.19,10,5.38,0,0,0,0
Alexandra Gonzalez,4504343216552973,Merchant: Chapman-Carter,dining,23.13,9,22.25,0,0,1,0
Philip Vega,4543323477655353,"Merchant: Crosby, Medina and Morris",online_shopping,16.52,11,24.37,0,0,2,0
Kimberly Cochran,4746053044337616,"Merchant: Singleton, Wallace and Perkins",grocery,23.43,10,31.23,1,0,3,0
Douglas Ross,4554082678573502,"Merchant: Martin, Martinez and Patterson",grocery,24.45,18,7.22,0,0,2,0
Angela Ward,4990455872618624,Merchant: Berg and Sons,gas_station,11.39,5,14.55,0,0,0,0
Mr. Thomas Adams,4407694723210259,Merchant: Harris-Sherman,grocery,6.64,16,5.51,0,0,2,0
Brian Mills,4907062656827413,"Merchant: Spencer, Taylor and Wilson",grocery,21.22,5,11.92,1,0,0,0
Lori Mullins,4111753133020703,Merchant: Jones PLC,dining,119.2,17,9.49,1,0,2,0
Ashley Herring,4017245562784862,Merchant: Roth-Blackburn,online_shopping,19.84,20,14.08,1,0,0,0
Janice Smith,4738477890185136,"Merchant: Hall, Garcia and Lee",online_shopping,102.07,19,56.23,1,0,4,1
Lori Phillips,4775239915826977,Merchant: David Inc,grocery,13.55,7,20.73,1,0,0,0
Heather Turner,4346500403022761,"Merchant: Moore, King and Proctor",grocery,32.27,3,3.67,1,0,0,0
Brianna Richardson,4165044932434062,"Merchant: Sharp, Austin and Roy",dining,51.94,18,11.47,0,0,1,0
Kimberly Walker,4125865267416657,Merchant: Yu and Sons,online_shopping,21.92,9,23.43,0,0,0,0
Brooke Roberts,4161133468569450,"Merchant: Hancock, Silva and Logan",dining,24.12,17,42.39,0,0,0,0
Micheal Soto,4617632648833041,"Merchant: Graves, Fuller and Howard",online_shopping,31.79,10,38.04,0,0,0,0
Matthew Ewing,4515047085988013,"Merchant: Williams, Howard and Cantu",dining,26.33,13,1.77,1,0,2,0
Kelly Cox,4981734100565968,Merchant: Curry PLC,electronics,20.37,15,6.34,1,0,2,0
Nicholas Anderson,4724731424598305,Merchant: Lynch-Barnes,grocery,17.43,18,0.18,1,0,1,0
Cindy Lang MD,4927678146562272,"Merchant: Cunningham, Lee and Carter",grocery,20.24,13,58.36,0,0,1,0
Lisa Lawson,4912443323154485,"Merchant: Nguyen, Jimenez and Logan",grocery,19.59,9,2.73,1,0,0,0
Megan Holmes,4482689404878125,"Merchant: Beard, Martin and Perkins",grocery,53.29,14,0.99,1,0,0,0
Daniel Steele,4625271116951983,"Merchant: Rosario, Yang and Mccoy",electronics,51.43,7,2.06,0,0,3,0
Christopher Wheeler,4240781804112081,"Merchant: Roberson, Higgins and Hanson",dining,48.75,19,5.34,1,0,2,0
Kevin Craig,4940228525667830,"Merchant: Leon, Thompson and Francis",grocery,38.19,10,17.25,0,0,0,0
Rebecca Chan,4316448908395876,"Merchant: Parker, Williams and Parker",gas_station,41.71,12,18.42,1,0,1,0
Monica Anderson,4355036044580477,"Merchant: Hayes, Valencia and Price",grocery,11.09,4,23.61,1,0,0,0
Jeffrey Mcdowell,4179154008292155,Merchant: Rogers-Scott,dining,69.93,6,3.36,0,0,0,0
Kelly Little,4577684674205501,"Merchant: Ross, Rice and Rogers",gas_station,14.09,6,1.25,0,0,0,0
Jennifer Ellis,4201860868731544,Merchant: White Group,online_shopping,16.23,7,11.25,0,0,1,0
Kathleen Ruiz DVM,4932840899394096,Merchant: Nelson-Larsen,grocery,25.59,6,27.22,0,0,0,0
Laura Patel,4176524516096939,Merchant: Rocha PLC,electronics,88.2,13,1.62,0,0,2,0
Justin Howard,4016212539307343,"Merchant: Rodriguez, Jones and Cochran",grocery,59.5,11,20.7,1,0,1,0
Stephanie Smith,4253662480503591,Merchant: Rodriguez Ltd,travel,37.67,10,0.11,0,0,3,0
Cathy Thomas,4605635306004106,Merchant: Richardson-Thompson,grocery,26.27,17,2.81,1,0,2,0
Christopher Garcia,4649508491021763,Merchant: Norris Group,dining,35.25,17,5.51,0,0,1,0
Peter Allen,4180659495402916,Merchant: Matthews Inc,dining,20.29,8,8.17,0,0,1,0
Elizabeth Armstrong,4753470205497494,Merchant: Miller-Juarez,dining,27.47,10,2.89,0,0,1,0
Mrs. Lindsey Gilbert,4476765805398182,"Merchant: Williams, Stout and Doyle",online_shopping,64.22,7,1.83,1,0,3,0
Donna Harris,4574388273442431,"Merchant: English, Turner and Williams",gas_station,19.77,14,3.68,0,0,1,0
Erica Manning,4398719886998076,Merchant: Haynes-Norris,dining,60.63,12,2.3,1,0,1,0
Jeffrey Bates,4167522662675960,Merchant: Bishop Inc,grocery,18.93,14,2.03,0,0,0,0
Benjamin Brown,4349933540208547,Merchant: Rasmussen Ltd,grocery,44.77,4,10.74,0,0,0,0
Andre Hernandez PhD,4467513853439602,Merchant: Dunn LLC,electronics,11.68,17,9.11,0,0,1,0
Charles Roman,4900791767343525,Merchant: Sanders LLC,grocery,41.05,17,7.1,0,0,3,0
Damon Powers,4981458078690166,"Merchant: Kim, Rice and Jones",online_shopping,55.62,16,33.32,0,0,1,0
Patrick Jackson,4583549374596768,"Merchant: Bright, Moore and Taylor",dining,27.71,8,12.56,0,0,1,0
Mary Murray,4425549161558585,Merchant: Curry-Stewart,dining,14.07,23,1.22,0,0,1,0
Samantha Jackson,4721810175609926,"Merchant: Kelley, Miller and Tran",travel,25.19,9,1.79,0,0,1,0
Dominique Wagner,4250109051507273,"Merchant: Moore, Scott and Howard",travel,1381.31,1,93.3,1,1,7,1
Daniel Petty,4007450645425945,Merchant: Graves Group,grocery,58.59,12,7.67,0,0,2,0
James Robles,4549866384469148,Merchant: Conrad Inc,grocery,17.05,18,13.6,1,0,1,0
Amanda Smith,4127022826762605,Merchant: Norris-Cooper,grocery,16.7,19,3.12,1,0,2,0
Jessica Cortez,4229040222419585,Merchant: Bowen Group,grocery,16.4,8,24.57,0,0,3,0
Nicole Clark,4643265438860326,Merchant: Boyd-Scott,grocery,19.51,11,5.01,0,0,0,0
Brittany Collins,4078368673072583,"Merchant: King, Stokes and Obrien",grocery,20.41,10,16.83,0,0,1,0
Jillian Mack,4630974273500344,Merchant: Cook-Shaffer,dining,75.77,14,5.28,0,0,1,0
Lori Gonzalez,4509918775122006,Merchant: Lane-Moss,dining,22.13,13,5.1,0,0,2,0
Hunter Cox,4339240178453854,"Merchant: Reid, Villanueva and Grant",grocery,21.74,11,9.46,0,0,1,0
Anna Frey,4539269285206515,"Merchant: Bolton, Berry and Woods",dining,8.53,7,19.31,1,0,1,0
Rachel Jensen,4140009730651027,Merchant: Davis PLC,dining,46.01,15,7.44,1,0,1,0
Craig Davis,4761908917758687,"Merchant: Martinez, Little and Jackson",dining,40.45,7,16.52,0,0,3,0
Thomas Wise,4932381221018855,Merchant: Johnson Ltd,gas_station,38.09,18,1.69,0,0,0,0
Holly Herring,4277969716421916,Merchant: Morgan LLC,dining,70.83,19,17.53,0,0,1,0
Dustin Potter,4983240026810635,"Merchant: Bell, Anthony and Chavez",dining,20.22,14,41.92,0,0,0,0
Michelle Barnes,4410121125787879,Merchant: Smith Inc,grocery,6.96,11,12.91,0,0,0,0
Sara Scott,4502612893492618,"Merchant: Walker, Jones and Hall",dining,19.57,14,17.8,0,0,2,0
Daniel Horne II,4138154813507722,"Merchant: Clark, Flores and Rice",grocery,105.96,9,14.9,0,0,2,0
Joshua Brown,4198249008168905,Merchant: Fisher and Sons,grocery,30.07,16,21.83,1,0,1,0
Stephanie Dawson,4172027716078792,Merchant: Marquez-Kelly,electronics,31.58,2,155.73,1,0,3,1
Tony Johnson,4696474395828559,Merchant: Long Group,grocery,30.03,14,6.77,0,0,0,0
Jeffrey Hull,4792870081634792,"Merchant: Rivera, Munoz and Odonnell",grocery,16.51,14,1.02,0,0,3,0
Corey Daniels,4305785607851573,Merchant: Gates-Page,electronics,44.69,7,37.09,1,0,0,0
Natalie Ramos,4622834434845121,"Merchant: Cox, Watson and Sanchez",grocery,85.44,9,15.78,0,0,2,0
Tammy Fernandez,4769871259437033,Merchant: Dyer-Roy,grocery,58.37,10,19.47,0,0,4,0
Jeremy Sanchez,4152478268000987,Merchant: Wise-Mitchell,online_shopping,68.8,16,11.2,1,0,1,0
Andrew Weiss,4066519775565932,Merchant: Bell LLC,travel,21.46,20,8.7,1,0,0,0
Lisa Gordon,4700325313809028,Merchant: Mullen PLC,travel,48.19,9,2.07,0,0,2,0
Paul Brown,4990395334807854,"Merchant: Cherry, Velasquez and Ruiz",dining,12.99,15,25.67,0,0,1,0
Jorge Duncan,4195451244787273,Merchant: Maddox-Kelly,dining,94.58,6,29.77,0,0,2,0
Megan Ramirez,4356622700828877,Merchant: Walton-Schwartz,dining,38.65,18,0.15,0,0,0,0
Tiffany Martin,4877245953790865,Merchant: Carlson Group,electronics,15.46,21,14.96,0,0,0,0
Elizabeth Golden,4050339253186012,Merchant: Rodriguez-Griffin,dining,19.28,8,29.4,0,0,1,0
Joseph Larson,4104986081224781,"Merchant: Huang, Adams and Williams",electronics,16.48,16,1.31,0,0,2,0
Brian Wilkins,4809027413567635,Merchant: Sanders Group,dining,41.08,17,9.87,0,0,0,0
Jasmine Carson,4735685057630230,"Merchant: Griffin, Pacheco and Wilson",grocery,39.94,19,2.19,0,0,0,0
Amy Boyd,4349232005967691,Merchant: Arnold and Sons,grocery,28.11,12,47.79,0,0,1,0
Gary Collins,4915844547913068,"Merchant: Patrick, Jones and Hines",grocery,33.4,15,6.94,1,0,2,0
Jane Smith,4306431058906561,Merchant: Potter Inc,grocery,35.63,11,18.68,0,0,2,0
Robert Lewis,4614038912860772,"Merchant: Alexander, Byrd and Alexander",travel,31.38,13,2.27,1,0,2,0
Jeremy Stevens,4937807206736165,"Merchant: Gilmore, Curtis and Shields",electronics,38.97,15,1.88,0,0,0,0
Lauren Sandoval,4684035327639705,"Merchant: Allen, Knapp and Bowers",online_shopping,3.1,14,14.02,0,0,0,0
Jessica Lopez,4144213039289408,Merchant: Green-Reeves,dining,36.43,12,14.25,0,0,0,0
George Mercer,4216813318433909,Merchant: Ray PLC,online_shopping,26.78,15,2.26,1,0,1,0
Kenneth Becker,4878008557652553,Merchant: Nicholson LLC,online_shopping,64.24,6,9.0,0,0,1,0
Veronica Arnold,4462634224037928,Merchant: Craig-Reid,online_shopping,66.56,9,1.11,1,0,2,0
Jonathan Howe,4534245139328080,Merchant: Miller and Sons,electronics,22.87,21,5.7,0,0,0,0
Justin Fowler,4726525323858820,Merchant: Conway PLC,online_shopping,18.25,15,8.11,0,0,3,0
Ronald Martinez,4060772233097883,Merchant: Lozano Ltd,gas_station,17.23,6,5.88,0,0,3,0
Connie Robinson,4278184331691138,Merchant: Davis and Sons,dining,17.62,22,26.62,0,0,2,0
Joshua Espinoza,4107554295557235,"Merchant: Ortega, Hanson and Davis",gas_station,43.14,9,12.86,1,0,0,0
April Briggs,4144020079528862,Merchant: Watson Group,travel,54.45,14,3.96,0,0,0,0
Emily Smith,4415264436051141,Merchant: Peterson-Sweeney,gas_station,35.03,12,6.38,1,0,0,0
Carol Morgan,4509427480944027,"Merchant: Gonzales, Reyes and Davis",grocery,72.57,14,1.83,0,0,1,0
Cheryl Stone,4934607146670216,Merchant: Phillips-Roth,electronics,13.64,7,5.0,0,0,1,0
Shawn Johnson,4425048133946358,"Merchant: Kane, Campbell and Gray",grocery,31.98,14,28.19,0,0,3,0
Edward Gomez,4050569642514116,Merchant: Larson-Vazquez,gas_station,52.46,7,14.55,0,0,1,0
Victor Davis,4513255518073178,Merchant: Mcbride and Sons,grocery,38.51,11,6.13,0,0,2,0
Anthony Adkins,4543090461185586,Merchant: Davis Ltd,online_shopping,33.25,12,16.15,1,0,0,0
Ann Phillips,4288077541870013,"Merchant: Gaines, Cox and Webster",grocery,49.78,12,2.48,0,0,1,0
Laura Lopez,4652661890166715,"Merchant: Sullivan, Velez and Schaefer",online_shopping,17.07,16,2.19,0,0,1,0
Richard Brooks,4561416457425719,Merchant: Herrera LLC,dining,9.92,7,18.19,1,0,0,0
Gabriella Johnston,4261348964461395,Merchant: Pacheco LLC,grocery,16.21,10,4.03,0,0,0,0
Nancy Watkins,4764330713815677,Merchant: Mcbride-Aguirre,grocery,19.2,15,14.72,0,1,1,0
Laura Patel,4356192512970671,"Merchant: Tucker, Clark and Sloan",dining,27.08,4,12.3,1,0,0,0
Jeffrey Keller,4170763731766654,Merchant: Andrade-Wilson,gas_station,43.95,7,30.19,0,0,0,0
Adam Smith,4208832336164585,Merchant: Le-Glover,gas_station,67.46,8,1.95,1,0,1,0
Travis Harper,4599265305362327,"Merchant: Gonzalez, Black and Becker",online_shopping,30.41,11,3.94,0,0,1,0
Christopher Houston,4990340449147549,"Merchant: Adams, White and Potter",dining,16.93,19,8.81,0,0,1,0
Kristin Baldwin,4406402626566038,Merchant: Peterson Group,electronics,48.87,15,12.37,0,0,0,0
Taylor Diaz,4750488004310521,Merchant: Stanley-Davis,grocery,12.67,6,10.82,0,0,0,0
Thomas Garcia MD,4870691418112194,Merchant: Martinez Group,online_shopping,7.74,18,7.89,1,0,0,0
Kevin Clark,4812534694858075,"Merchant: Schmidt, Wolf and Hernandez",gas_station,33.37,16,3.55,1,0,1,0
Phillip Ramirez,4369153868728720,Merchant: Brown Inc,gas_station,14.68,9,34.03,1,0,2,0
Vernon Williams,4156739577812230,Merchant: Thompson-Lloyd,online_shopping,21.78,16,1.84,0,0,2,0
Shannon Stokes,4258255689534817,Merchant: Decker-Williams,electronics,73.3,8,1.64,0,0,3,0
Anthony Braun,4172203564424970,Merchant: Wagner-Hopkins,electronics,22.85,19,11.94,0,0,0,0
Shane Jones,4863151014935000,Merchant: Jensen-Contreras,dining,45.14,1,5.43,0,0,1,0
Kathleen Boyd,4578506315360305,Merchant: Pena-Hinton,grocery,58.39,16,3.95,0,0,0,0
Christopher Cole,4336335081469659,Merchant: Jones-Randolph,grocery,37.6,19,5.44,0,0,1,0
Jasmine Rodriguez,4408146633217014,Merchant: Ward Ltd,electronics,63.95,11,5.49,1,0,0,0
Stephanie Jarvis,4192780508858930,"Merchant: Taylor, Taylor and Peterson",dining,70.43,19,10.99,0,0,1,0
Rachel Yang,4656710711393457,Merchant: Jennings-Leonard,grocery,6.46,16,17.33,1,0,0,0
Marie Rangel,4747939891876707,"Merchant: Wells, King and Ramirez",grocery,172.54,15,18.95,0,0,0,0
Leslie Greer DVM,4062727643489367,"Merchant: Shaw, Stephenson and Weaver",dining,5.18,11,7.93,0,0,4,0
John Davis,4231455228603857,Merchant: Fisher Group,dining,113.29,10,1.6,0,0,3,0
Julian Williams,4496242854006864,Merchant: Burke and Sons,dining,22.42,11,26.01,0,1,1,0
Kimberly Nolan,4184863493895859,Merchant: Lucero-Ortiz,online_shopping,40.31,15,6.92,0,0,3,0
Bonnie Barnett,4478391881392797,"Merchant: Welch, Mitchell and Dillon",electronics,30.38,10,5.36,1,0,0,0
Crystal Frazier,4970746324687975,Merchant: Nielsen Ltd,online_shopping,290.38,16,195.6,1,0,3,1
Tammy Gonzalez,4187682511981765,"Merchant: Strickland, Gibson and Rios",dining,8.51,23,12.13,0,0,0,0
Howard Golden,4048444068456579,Merchant: Morales Ltd,grocery,8.69,19,26.18,0,0,0,0
Kathleen Le,4057857427550725,Merchant: Richardson-Smith,grocery,80.99,8,3.36,0,0,1,0
Jeffrey Hernandez,4264548437689038,Merchant: Jones and Sons,dining,30.69,16,2.21,1,0,2,0
Duane Bates,4242479715593642,"Merchant: Baker, Cannon and Horn",grocery,57.22,12,0.52,0,0,2,0
Kristen Watts,4674418767407704,Merchant: Hopkins-Norris,gas_station,20.08,8,5.68,0,0,2,0
Whitney Ochoa,4829689885291048,Merchant: Simmons LLC,grocery,15.35,14,5.47,0,0,1,0
Sierra Padilla,4569597829381995,Merchant: Moore-Roberson,dining,17.42,12,5.36,1,0,1,0
Laura Sullivan,4428003355632241,"Merchant: Cooper, Huerta and Kim",travel,54.52,15,7.16,0,0,0,0
Tracy Howard,4351632463048915,Merchant: Hines-Rodriguez,online_shopping,76.09,17,3.23,0,0,1,0
Brandon Thomas,4407244288946770,Merchant: Madden-Bowman,electronics,171.59,8,0.61,0,0,0,0
Daniel Henderson,4040992794531873,"Merchant: Jordan, Sanchez and Mitchell",dining,32.22,10,30.44,0,0,1,0
Jennifer Hill,4262539213429881,Merchant: Fitzgerald-Fernandez,electronics,57.02,15,35.42,0,1,2,0
Michael Hawkins,4387408618259493,Merchant: Harmon-Garcia,grocery,14.31,5,22.44,0,0,2,0
David Hogan,4939005266903092,"Merchant: Ramsey, Flores and Torres",grocery,53.32,20,15.52,1,0,2,0
Andrew Weaver,4018744607688996,Merchant: Davis LLC,grocery,64.75,13,5.77,0,0,1,0
Levi Meadows,4618469645929160,"Merchant: Maxwell, Garcia and Cross",travel,122.03,10,2.96,1,0,3,0
Robert Arnold,4811168344746306,Merchant: Williams Ltd,grocery,18.26,7,30.77,0,0,1,0
Jeffery Nguyen,4315855653111442,"Merchant: Chang, Garner and Howell",online_shopping,26.73,21,1.93,1,0,1,0
Shaun Johnson,4350443863847646,"Merchant: Brown, Simon and Horn",travel,20.48,2,11.76,0,0,0,0
Kevin Cain,4294699251085201,"Merchant: Meyer, Morris and Thomas",grocery,81.47,21,43.16,0,0,0,0
Sandra Buck,4993295396829134,Merchant: Weber LLC,electronics,5.21,13,17.4,0,0,2,0
Ronald Schwartz,4809879492686748,Merchant: Reese Ltd,grocery,74.03,1,0.34,0,0,2,0
Gilbert Reynolds,4576175504519857,"Merchant: Benson, Davis and Baldwin",electronics,7.61,14,36.74,0,0,0,0
Melinda Little,4382775425280382,"Merchant: Kennedy, Myers and Walker",online_shopping,34.81,9,2.9,0,0,0,0
Hannah Valdez,4898592877110950,Merchant: Gutierrez-Morales,electronics,61.02,8,10.87,1,0,2,0
Mr. William Miller,4101453358809946,"Merchant: Clayton, Durham and Banks",dining,6.76,11,19.08,0,0,3,0
Luke Smith,4610524342521385,"Merchant: Flores, Martinez and Reynolds",grocery,20.15,13,0.3,0,0,0,0
Jordan Villarreal,4258184012808765,"Merchant: Russell, Robinson and Green",dining,55.17,18,10.56,1,0,1,0
Susan White,4167666489126622,Merchant: Ruiz and Sons,grocery,30.56,15,10.41,0,1,2,0
Megan Burton,4458149532585332,"Merchant: Sims, Brown and Clark",dining,12.0,9,16.74,1,0,0,0
Jared Myers,4892181654602938,"Merchant: Martin, Hall and Bradley",grocery,17.68,7,13.96,0,1,1,0
Kyle Reed,4442495774059521,Merchant: Miller LLC,dining,35.39,15,3.84,1,0,0,0
James Gates,4351247209383177,"Merchant: Smith, Neal and Chase",dining,19.58,15,18.08,0,0,0,0
Charles Baird,4360023323902625,Merchant: Baker Ltd,online_shopping,21.99,13,8.32,1,0,1,0
John Carter,4307321446704761,Merchant: Reed Group,electronics,360.34,5,247.43,1,1,5,1
Stefanie Flores,4235923948920303,"Merchant: Gonzalez, Jordan and Marks",dining,51.15,20,4.23,0,0,1,0
Brandy Casey,4674968452859668,Merchant: Avila-Johnson,online_shopping,27.27,14,5.91,0,0,1,0
Beverly Roman,4960013754830167,Merchant: Lopez PLC,gas_station,19.68,4,0.1,1,0,1,0
Angela Blake,4838621922556751,"Merchant: Moody, Mcmahon and Willis",grocery,16.03,13,21.4,0,0,0,0
Randy Fernandez,4246759399655981,Merchant: Gonzalez-Hoover,gas_station,32.35,11,0.13,0,0,0,0
Randy Parker,4533180890630740,Merchant: Mcdonald-Schultz,online_shopping,39.25,8,4.53,0,0,1,0
Debra Pugh,4408114075639475,Merchant: Little and Sons,dining,23.12,8,3.75,0,0,2,0
Linda Welch,4683894597384140,Merchant: Lozano-Valdez,grocery,43.22,9,3.26,1,0,1,0
Jennifer Santos,4056356196526330,Merchant: Marks and Sons,dining,9.32,8,8.22,1,0,1,0
Jacob Moore,4911027865798733,Merchant: Graves-Perez,gas_station,60.27,10,2.41,1,0,0,0
Mr. Michael Williams Jr.,4096080856034375,Merchant: Bradley-Graves,grocery,12.54,16,1.28,0,0,1,0
Timothy Crane,4736816717943171,Merchant: Freeman-Phelps,electronics,26.57,4,5.88,1,0,1,0
Mitchell Hernandez,4514043038976438,Merchant: Morgan Inc,grocery,17.91,13,1.93,1,0,0,0
Christopher Harris,4937367620872682,"Merchant: Bauer, Frederick and Jarvis",grocery,58.38,11,10.8,1,0,1,0
Ronald Myers,4401244824896170,"Merchant: Sanchez, Dixon and Walker",dining,58.84,23,1.98,0,0,0,0
Joseph Mcgee,4357657020786552,"Merchant: King, Singh and Hawkins",grocery,96.67,6,55.2,0,0,1,0
Lisa Greene,4013966510085698,Merchant: House Group,grocery,72.86,22,13.8,1,1,1,0
Jodi Rodriguez,4080661387755048,"Merchant: Berry, Martinez and Monroe",electronics,8.06,14,22.94,0,0,0,0
Amy Mejia,4889687673658359,Merchant: Stout LLC,online_shopping,45.45,8,11.89,1,0,1,0
Ian Dennis,4694810081035698,"Merchant: Garcia, Terry and Hunter",online_shopping,105.33,5,11.22,0,0,0,0
Curtis Miller,4773392317204400,"Merchant: Castro, Ashley and Barajas",grocery,4.08,13,10.11,1,0,1,0
Kayla Watson,4393746823831982,"Merchant: Baker, Vasquez and Kaiser",online_shopping,35.07,6,11.6,1,1,0,0
Gary Yu,4404739268754097,"Merchant: Macdonald, Maddox and Doyle",dining,70.58,18,6.25,0,0,1,0
Donna Hernandez,4896617923353767,Merchant: Rangel-Mccullough,online_shopping,82.0,21,0.88,0,0,2,0
Nicholas Dawson,4906275302883504,"Merchant: Davidson, Odonnell and Buchanan",online_shopping,46.35,16,16.52,1,0,2,0
Bradley Thomas,4332260077966662,Merchant: Freeman PLC,dining,9.9,7,0.84,0,0,2,0
Denise Scott,4959750254915773,Merchant: Higgins PLC,gas_station,42.97,9,22.47,0,0,2,0
Molly Mcguire,4360995062501298,"Merchant: Turner, Hopkins and Hartman",dining,55.52,20,1.37,0,0,0,0
Michael Lindsey,4416042634307237,"Merchant: Smith, Smith and Murphy",grocery,22.18,15,1.78,1,0,0,0
Andre Berger,4427424747668357,Merchant: Richards-Macdonald,dining,39.66,13,0.53,1,0,1,0
Karla Walker,4195314245519832,Merchant: Krueger PLC,grocery,6.84,9,4.68,0,1,2,0
Rebecca Gonzalez,4275193845843534,Merchant: Harris-Hamilton,online_shopping,11.26,5,29.5,0,0,3,0
Julie Davenport,4854487134046836,"Merchant: Clayton, Miller and Baker",dining,37.33,6,18.27,0,0,1,0
Kimberly Norris,4187635514284157,Merchant: Edwards-Mclean,dining,46.04,17,2.48,0,0,2,0
Peter Davis,4757232378006445,Merchant: Butler Inc,online_shopping,19.49,10,1.99,0,0,0,0
Timothy Thomas,4087282727029433,"Merchant: Garcia, Arnold and Baker",grocery,15.27,1,0.1,1,0,0,0
Johnathan Bentley,4919394411904252,Merchant: Bean-Davis,grocery,49.23,19,23.73,0,0,2,0
Stephanie Holmes,4024182715564928,Merchant: Smith-Taylor,electronics,34.42,10,19.47,0,0,2,0
Marissa Choi,4805344352712013,"Merchant: Marks, Woods and Gibbs",dining,57.3,9,25.1,0,0,0,0
Latasha Hernandez,4588138307852905,Merchant: Lane-Smith,electronics,97.47,8,9.76,0,0,1,0
William Cooper,4655040655180335,Merchant: Mcdaniel-Rasmussen,electronics,67.83,14,6.29,0,0,3,0
Raymond Fischer,4313165194933656,Merchant: Landry Ltd,grocery,48.3,16,10.7,0,0,1,0
Daniel Cook,4036185497864552,"Merchant: Conway, Browning and Mckay",online_shopping,44.46,12,2.57,0,0,0,0
Jocelyn Campbell,4567844913625776,Merchant: King Inc,dining,17.98,12,31.82,0,0,0,0
Hannah Anderson,4375218319262819,"Merchant: Valenzuela, Patterson and Montoya",grocery,90.19,19,6.51,1,0,0,0
Michael Shaw,4356741702901753,"Merchant: Sanchez, Cook and Ross",electronics,12.85,12,0.36,0,0,1,0
Briana Curry,4083951305270809,Merchant: Lane-Mcdaniel,grocery,44.97,8,8.0,0,0,1,0
Samantha Hernandez MD,4701634729053157,"Merchant: Herrera, Gray and Young",travel,28.71,8,19.82,0,0,0,0
Bethany Morris,4182252964354277,"Merchant: Walker, Campbell and Young",online_shopping,17.64,11,11.25,0,0,2,0
Austin Owens,4556765731926208,"Merchant: Morales, Boyle and Porter",grocery,11.25,5,14.11,1,0,1,0
Kristin Lopez,4725172641885622,Merchant: Green LLC,grocery,42.28,12,5.46,0,0,4,0
Angel Wright,4771250595096777,"Merchant: Davila, Hunt and Trevino",grocery,52.89,12,1.57,1,0,1,0
David Fitzgerald,4333553543171951,Merchant: Lee-Hansen,online_shopping,39.38,9,9.83,1,0,1,0
Victor Moore,4472463184180546,Merchant: Schaefer-Fernandez,online_shopping,9.59,18,0.1,0,0,2,0
Mrs. Kaitlyn James,4133507573130057,Merchant: Ward-Jackson,online_shopping,10.31,11,4.84,0,0,1,0
Andrew Anderson,4039734090245938,Merchant: Hill-Morales,electronics,81.61,13,8.07,0,0,1,0
Kathleen Flores,4490370785221025,Merchant: Mcdonald LLC,dining,71.33,9,5.36,0,1,0,0
Kathryn Miller,4428551905308688,Merchant: Henry PLC,grocery,17.75,16,6.32,0,0,0,0
Amy Kennedy,4604768936629744,Merchant: Brooks-Hill,grocery,54.65,14,1.83,0,0,0,0
Michael Underwood,4169460880980466,Merchant: Welch-Garcia,electronics,32.18,11,41.34,0,0,1,0
Jean Ward,4799953933946581,Merchant: Hensley-Baker,electronics,52.92,1,7.46,0,0,2,0
Jacob Brady,4042040636607127,"Merchant: Evans, Sutton and Harvey",grocery,39.38,12,8.04,0,0,1,0
Carl Douglas,4813703605446358,"Merchant: Lopez, Mcfarland and Fernandez",electronics,10.7,9,1.13,1,0,0,0
Ryan Joseph,4633856065369235,Merchant: Ballard LLC,online_shopping,12.31,17,14.93,0,0,0,0
Dawn Blevins,4913108020581459,"Merchant: Rodriguez, Houston and Long",electronics,55.15,10,19.04,0,0,0,0
Mark Martinez,4456156707450780,Merchant: Schmidt-Henderson,grocery,39.96,1,24.79,1,0,4,0
Angela Weeks,4228701155527097,"Merchant: Deleon, Mack and Alvarado",electronics,11.58,21,6.58,1,0,2,0
Kevin Camacho,4778992623354974,Merchant: Daugherty LLC,grocery,27.14,0,86.65,0,0,1,0
Eric Zimmerman,4600204526781830,"Merchant: Massey, Estrada and Barnes",online_shopping,92.45,7,5.72,0,0,0,0
Timothy Lewis,4369978010834475,"Merchant: Haynes, Wood and Becker",grocery,104.7,17,0.97,0,0,2,0
Lisa Mendoza,4676536995477997,Merchant: Torres-Davidson,online_shopping,29.62,17,8.54,0,0,2,0
Melinda Cox,4906165346249715,Merchant: Barnes LLC,dining,21.93,3,8.53,0,0,2,0
David Hill,4688659794227011,Merchant: Jones-Carson,grocery,24.72,9,7.51,1,0,0,0
Joanne Dean,4766566109325353,Merchant: Peterson-Smith,travel,35.86,20,44.52,1,0,1,0
Julie Davis,4730480316738577,Merchant: Simmons and Sons,dining,12.99,19,2.14,1,0,0,0
Nicole Conner,4104431112480573,Merchant: Mccoy-Roberts,grocery,43.36,12,5.01,0,0,0,0
Edward Greene,4185436686464384,Merchant: Todd LLC,dining,49.78,14,9.88,0,0,3,0
Patrick Daniels MD,4238202644308049,Merchant: Reed LLC,travel,18.99,11,15.8,0,0,2,0
Jennifer Jones,4732905614475405,"Merchant: Mitchell, Daniels and Clark",online_shopping,8.15,9,2.87,0,0,2,0
Katie Massey,4214747629122789,"Merchant: Aguilar, Daniels and Rodriguez",grocery,39.51,15,9.08,0,0,0,0
Jamie Gould,4830116901605545,Merchant: Burton and Sons,travel,24.61,6,10.91,1,0,0,0
Rhonda Anderson MD,4757100380364674,Merchant: Esparza PLC,grocery,32.73,12,6.96,0,0,1,0
Kathryn Scott,4864123186524374,Merchant: Washington LLC,online_shopping,51.99,8,13.8,0,0,1,0
William Robinson,4610094409044101,"Merchant: Larson, Williams and Miller",electronics,30.39,18,3.47,0,1,2,0
Steven Aguilar,4688305858589942,"Merchant: Gonzalez, Robertson and Burke",electronics,21.79,21,2.72,0,0,1,0
Thomas Lewis,4415946283990435,Merchant: Munoz PLC,online_shopping,176.14,23,1.15,1,0,1,0
Cody Pitts,4263051524426431,Merchant: Lewis-Olson,dining,44.99,21,1.43,0,0,0,0
Justin Noble,4281145430806120,"Merchant: Sanchez, Martin and Jordan",dining,11.47,13,0.39,0,0,1,0
Dylan Clark,4659658165014508,Merchant: White LLC,grocery,20.05,6,9.56,1,0,0,0
Erik David,4962321697949368,"Merchant: Perez, Keller and Mccall",online_shopping,93.91,18,2.06,1,1,2,0
Stephanie Robinson,4686131250864382,Merchant: Johnson-Jackson,grocery,36.05,21,18.78,1,0,2,0
Joel Stevens,4085264356201790,"Merchant: Rodgers, Young and Flynn",online_shopping,5.62,18,38.46,0,0,2,0
Kathleen Smith,4244147675453192,Merchant: White-Young,online_shopping,48.68,8,27.02,0,0,2,0
James Jenkins,4872898182864300,"Merchant: Contreras, Baker and Watkins",gas_station,3.92,17,0.87,0,0,2,0
Dr. Jennifer Smith DVM,4632934258136751,"Merchant: Oneal, Rich and Carlson",grocery,22.13,17,3.45,1,0,2,0
Mitchell Martin,4124101002026531,Merchant: Parker-Mercado,grocery,9.98,14,45.77,0,0,1,0
Sarah Wilson DVM,4788073161027039,Merchant: Burns-Graham,online_shopping,34.16,11,1.23,1,0,0,0
Maria Martinez,4935371280092070,"Merchant: Pierce, Cline and Myers",grocery,11.19,7,3.22,0,0,2,0
Tanya Trevino,4925356509103685,"Merchant: Morgan, Martinez and Livingston",dining,32.91,11,4.9,0,0,1,0
Sharon Medina,4882595161832302,Merchant: Gonzalez Inc,grocery,59.06,9,4.17,0,0,1,0
Dr. Phillip Anderson,4400322062372400,Merchant: Goodwin Group,dining,122.23,11,25.94,1,0,0,0
Richard George,4890766475428398,"Merchant: Cook, Snyder and Robinson",grocery,22.43,10,0.8,1,0,2,0
Adam Evans,4310224258392789,Merchant: Daniel Group,online_shopping,26.02,19,10.16,0,0,1,0
Maria Murillo,4749910971846108,Merchant: Vargas Ltd,online_shopping,21.64,17,15.9,0,0,0,0
Christopher Hodges,4123422554832519,Merchant: Nunez PLC,grocery,50.34,8,3.17,0,0,3,0
Jennifer Levy,4229747452614756,"Merchant: Jackson, Vargas and Anderson",grocery,31.32,8,1.57,0,0,1,0
Donald Gomez,4822396805161841,"Merchant: Sanford, Harris and Powell",grocery,33.27,23,4.27,0,0,1,0
Christopher King,4865099816318057,Merchant: Smith-Gamble,electronics,80.97,12,4.39,0,0,0,0
Christine Peterson,4647185734404015,"Merchant: Reid, Taylor and Warren",online_shopping,48.67,1,5.49,1,0,1,0
Destiny Johns,4971800258096684,"Merchant: Gonzalez, Brown and Mullen",gas_station,46.92,23,0.15,0,0,0,0
Ashley Meyer,4497887995814045,"Merchant: Garcia, Wong and James",electronics,21.28,6,6.72,0,0,1,0
Scott Hamilton,4893172693520115,"Merchant: Thompson, Townsend and Castro",electronics,15.92,8,12.4,1,0,1,0
Walter White,4530561745994345,Merchant: Smith-Martin,grocery,32.54,12,4.74,1,0,0,0
James Young,4769481609590836,"Merchant: Heath, Stanley and Hall",online_shopping,24.37,16,2.32,0,0,2,0
Anita Sherman,4278911196975309,"Merchant: Randall, Price and Weaver",grocery,35.6,8,1.74,0,0,0,0
Justin Swanson,4303928572157699,"Merchant: Hernandez, Smith and Sullivan",grocery,11.77,13,10.4,0,0,0,0
James Garrett,4853121703557821,"Merchant: Hansen, Wilson and Hall",electronics,120.41,16,13.19,0,0,2,0
Angela Jenkins,4174055943064499,"Merchant: Foster, Mills and Robinson",electronics,10.38,7,23.11,0,0,1,0
Gregory Ward,4507973193365416,Merchant: Wilson-Skinner,electronics,14.89,18,31.76,1,0,0,0
Ms. Lori Watson,4885807082670704,Merchant: Gomez-Pham,online_shopping,13.39,6,12.21,0,0,2,0
Carol Dean,4198724261615578,Merchant: Johnson-Hernandez,dining,29.77,13,7.41,0,0,0,0
Dr. Thomas Clark PhD,4811792480788796,"Merchant: Wise, Ortega and Wilson",gas_station,23.84,8,0.86,0,0,2,0
Michael Rogers,4808246413185138,"Merchant: Alexander, Bailey and Singh",gas_station,37.69,9,0.19,1,0,1,0
John Murray MD,4176734207854815,"Merchant: Bennett, Romero and Cohen",grocery,18.99,9,16.17,0,0,1,0
Jacob Clark,4273894080629965,Merchant: Webb LLC,dining,15.07,8,1.94,0,0,1,0
Jessica Clark,4382078058288891,Merchant: Haley-Jones,electronics,32.52,9,9.75,1,0,0,0
Ann Scott,4411336253501079,Merchant: Meyer-Ellis,grocery,20.19,15,0.79,0,0,1,0
Lauren Robinson,4880349033177054,"Merchant: Walker, Knapp and Shaffer",gas_station,24.28,6,19.28,1,0,1,0
Kristi Choi,4028687258544281,Merchant: Pena Inc,grocery,14.99,15,30.67,1,0,0,0
Rebecca White,4250237642498536,"Merchant: Lopez, Ray and Smith",online_shopping,13.52,13,20.91,0,0,0,0
Sarah Lee,4134188091718944,"Merchant: Barnes, Clark and Garcia",gas_station,38.31,12,17.38,0,0,2,0
Alexandria Shepherd,4833752647091777,"Merchant: Griffin, Knox and Lewis",dining,71.07,7,1.11,1,0,0,0
Ashley Glenn,4906797531101366,Merchant: Chang-Reeves,grocery,26.52,6,1.89,0,0,2,0
Benjamin Walker,4323108240290737,Merchant: Garcia LLC,grocery,49.0,5,1.05,1,0,1,0
Eric Rasmussen,4660103201734691,Merchant: Love-Roberts,dining,106.56,11,4.6,1,0,1,0
Clifford Gonzalez,4445085273175162,Merchant: Bishop PLC,gas_station,68.81,9,6.61,0,0,3,0
Kathryn Moore,4766949696143928,"Merchant: Sanders, Davis and Contreras",gas_station,106.2,14,4.71,1,0,1,0
Willie Munoz,4237317976437660,Merchant: Warner-Green,grocery,11.66,12,0.3,1,0,3,0
Sean Warren,4034634661358034,Merchant: Buchanan-Clark,electronics,38.29,8,2.72,1,0,3,0
Robert Cruz,4975339170386168,"Merchant: Newman, Allison and Harris",grocery,46.06,13,29.58,0,0,1,0
Samantha Petersen,4817664715714992,Merchant: Murphy-White,travel,33.04,6,39.77,1,0,0,0
Alicia Combs,4129581292923114,Merchant: Dennis-Mccoy,grocery,20.05,15,1.69,1,0,1,0
Miss Laura Davis,4926547902767824,Merchant: Reed Group,dining,29.11,17,18.35,0,0,1,0
Mrs. Kerri Weeks,4476304123357082,"Merchant: Orozco, Cooper and Garcia",dining,18.36,13,39.22,0,0,2,0
Louis Armstrong,4322635748976582,"Merchant: Case, Moss and Elliott",dining,34.54,13,25.69,0,0,1,0
David Hayes,4885963046227766,"Merchant: Smith, Johnson and Horne",online_shopping,9.0,12,3.51,0,0,0,0
